qid,question,ground_truth,medgemma_answer
PQ_0000,Do mitochondria play a role in remodelling lace plant leaves during programmed cell death?,"Results depicted mitochondrial dynamics in vivo as PCD progresses within the lace plant, and highlight the correlation of this organelle with other organelles during developmental PCD. To the best of our knowledge, this is the first report of mitochondria and chloroplasts moving on transvacuolar strands to form a ring structure surrounding the nucleus during developmental PCD. Also, for the first time, we have shown the feasibility for the use of CsA in a whole plant system. Overall, our findings implicate the mitochondria as playing a critical and early role in developmentally regulated PCD in the lace plant.","Yes, mitochondria are involved in programmed cell death (PCD) in lace plant leaves, contributing to the remodeling process. They release cytochrome c, a key signaling molecule that activates caspase cascades."
PQ_0001,Landolt C and snellen e acuity: differences in strabismus amblyopia?,"Using the charts described, there was only a slight overestimation of visual acuity by the Snellen E compared to the Landolt C, even in strabismus amblyopia. Small differences in the lower visual acuity range have to be considered.","Landolt C and Snellen E acuity tests assess different aspects of visual function, and the differences in their performance may be related to strabismus amblyopia. Further research is needed to fully understand the relationship between these tests and strabismus amblyopia."
PQ_0002,"Syncope during bathing in infants, a pediatric form of water-induced urticaria?","""Aquagenic maladies"" could be a pediatric form of the aquagenic urticaria.","Yes, syncope during bathing in infants can be a form of water-induced urticaria, also known as aquagenic urticaria. It's characterized by the sudden onset of hives and sometimes syncope after exposure to water."
PQ_0003,Are the long-term results of the transanal pull-through equal to those of the transabdominal pull-through?,"Our long-term study showed significantly better (2-fold) results regarding the continence score for the abdominal approach compared with the transanal pull-through. The stool pattern and enterocolitis scores were somewhat better for the TERPT group. These findings raise an important issue about the current surgical management of HD; however, more cases will need to be studied before a definitive conclusion can be drawn.","The long-term outcomes of transanal pull-through and transabdominal pull-through are generally considered to be equivalent, with both procedures offering similar rates of success and potential complications."
PQ_0004,Can tailored interventions increase mammography use among HMO women?,"The effects of the intervention were most pronounced after the first intervention. Compared to usual care, telephone counseling seemed particularly effective at promoting change among nonadherent women, the group for whom the intervention was developed. These results suggest that telephone counseling, rather than tailored print, might be the preferred first-line intervention for getting nonadherent women on schedule for mammography screening. Many questions would have to be answered about why the tailored print intervention was not more powerful. Nevertheless, it is clear that additional interventions will be needed to maintain women's adherence to mammography. Medical Subject Headings (MeSH): mammography screening, telephone counseling, tailored print communications, barriers.","Yes, tailored interventions can increase mammography use among HMO women."
PQ_0005,Double balloon enteroscopy: is it efficacious and safe in a community setting?,"DBE appears to be equally safe and effective when performed in the community setting as compared to a tertiary referral center with a comparable yield, efficacy, and complication rate.","Double balloon enteroscopy is a valuable tool for diagnosing and treating lower gastrointestinal disorders, but its effectiveness and safety in a community setting require further investigation."
PQ_0006,30-Day and 1-year mortality in emergency general surgery laparotomies: an area of concern and need for improvement?,"Emergency laparotomy carries a high rate of mortality, especially in those over the age of 70 years, and more needs to be done to improve outcomes, particularly in this group. This could involve increasing acute surgical care manpower, early recognition of patients requiring emergency surgery, development of clear management protocols for such patients or perhaps even considering centralisation of emergency surgical services to specialist centres with multidisciplinary teams involving emergency surgeons and care of the elderly physicians in hospital and related community outreach services for post-discharge care.","The 30-day and 1-year mortality rates following emergency general surgery laparotomies are concerning, highlighting the need for improved surgical practices and patient outcomes."
PQ_0007,Is adjustment for reporting heterogeneity necessary in sleep disorders?,"Sleep disorders are common in the general adult population of Japan. Correction for reporting heterogeneity using anchoring vignettes is not a necessary tool for proper management of sleep and energy related problems among Japanese adults. Older age, gender differences in communicating sleep-related problems, the presence of multiple morbidities, and regular exercise should be the focus of policies and clinical practice to improve sleep and energy management in Japan.","Yes, adjustment for reporting heterogeneity is necessary in sleep disorders research to account for variations in how sleep is measured and reported across studies."
PQ_0008,Do mutations causing low HDL-C promote increased carotid intima-media thickness?,Genetic variants identified in the present study may be insufficient to promote early carotid atherosclerosis.,"Yes, mutations causing low HDL-C are associated with increased carotid intima-media thickness (CIMT)."
PQ_0009,A short stay or 23-hour ward in a general and academic children's hospital: are they effective?,This data demonstrates the robust nature of the short stay ward. At these two very different institutions we have shown improved bed efficient and patient care in a cost-effective way. We have also reported on greater parental satisfaction and early return of the child with their family to the community.,There is limited evidence to support the effectiveness of short stays or 23-hour wards in general and academic children's hospitals. Further research is needed to determine if these models improve patient outcomes and satisfaction.
PQ_0010,Did Chile's traffic law reform push police enforcement?,"Findings suggest that traffic law reforms in order to have an effect on both traffic fatality and injury rates reduction require changes in police enforcement practices. Last, this case also illustrates how the diffusion of successful road safety practices globally promoted by WHO and World Bank can be an important influence for enhancing national road safety practices.","Yes, the traffic law reform in Chile likely led to increased police enforcement on roads."
PQ_0011,Therapeutic anticoagulation in the trauma patient: is it safe?,"Trauma patients have a significant complication rate related to anticoagulation therapy, and predicting which patients will develop a complication remains unclear. Prospective studies are needed to determine which treatment regimen, if any, is appropriate to safely anticoagulate this high risk population.","Therapeutic anticoagulation in trauma patients carries significant bleeding risks, but may be necessary in specific situations like acute arterial or venous thromboembolism. Careful assessment of the potential benefits versus risks is crucial for each individual patient."
PQ_0012,Differentiation of nonalcoholic from alcoholic steatohepatitis: are routine laboratory markers useful?,"Higher MCVs and AST/ALT ratios in ASH reflect the severity of underlying liver disease and do not differentiate NASH from ASH. Instead, these biomarkers might prove useful in guiding selection of patients for liver biopsy and in targeting therapy.","Routine laboratory markers are not sufficient to definitively differentiate nonalcoholic steatohepatitis (NASH) from alcoholic steatohepatitis (ASH). Further testing, such as liver biopsy, is often required for accurate diagnosis."
PQ_0013,Prompting Primary Care Providers about Increased Patient Risk As a Result of Family History: Does It Work?,"No change occurred upon instituting simple, at-the-visit family history prompts geared to improve PCPs' ability to identify patients at high risk for 6 common conditions. The results are both surprising and disappointing. Further studies should examine physicians' perception of the utility of prompts for family history risk.","Yes, prompting primary care providers to consider family history when assessing patient risk is effective in improving patient outcomes. This proactive approach can lead to earlier detection and intervention for potentially preventable diseases."
PQ_0014,Do emergency ultrasound fellowship programs impact emergency medicine residents' ultrasound education?,Emergency US fellowship programs had a positive impact on residents' US educational experiences. Emergency medicine residents performed more scans overall and also used bedside US for more advanced applications in programs with EUS fellowships.,"Yes, emergency ultrasound fellowship programs significantly enhance emergency medicine residents' ultrasound skills and knowledge. These fellowships provide specialized training and hands-on experience in advanced ultrasound techniques."
PQ_0015,Patient-Controlled Therapy of Breathlessness in Palliative Care: A New Therapeutic Concept for Opioid Administration?,Opioid PCT is a feasible and acceptable therapeutic method to reduce refractory breathlessness in palliative care patients.,"Patient-controlled therapy (PCT) for breathlessness in palliative care could offer a novel approach to opioid administration, potentially improving patient comfort and quality of life. This concept warrants further investigation to determine its efficacy and safety in this specific patient population."
PQ_0016,Is there still a need for living-related liver transplantation in children?,"The short- and long-term outcomes after LRT and SLT did not differ significantly. To avoid the risk for the donor in LRT, SLT represents the first-line therapy in pediatric liver transplantation in countries where cadaveric organs are available. LRT provides a solution for urgent cases in which a cadaveric graft cannot be found in time or if the choice of the optimal time point for transplantation is vital.","Yes, living-related liver transplantation is crucial for children with end-stage liver disease, offering a near-perfect match and significantly improved outcomes compared to deceased donor transplants. It remains a vital option for pediatric liver failure."
PQ_0017,Do patterns of knowledge and attitudes exist among unvaccinated seniors?,Findings suggest that cluster analyses may be useful in identifying groups for targeted health messages.,"Yes, patterns of knowledge and attitudes regarding vaccines among unvaccinated seniors likely exist, potentially influenced by factors like age, socioeconomic status, and prior experiences."
PQ_0018,Is there a model to teach and practice retroperitoneoscopic nephrectomy?,RPN in a porcine model is feasible and could be very useful for teaching and practicing retroperitoneoscopy.,"Yes, there are several models available, including cadaveric models and simulated models, to teach and practice retroperitoneoscopic nephrectomy."
PQ_0019,Cardiovascular risk in a rural adult West African population: is resting heart rate also relevant?,Significant associations were observed between RHR and several established cardiovascular risk factors. Prospective studies are needed in sub-Saharan African populations to establish the potential value of RHR in cardiovascular risk assessment.,"Resting heart rate (RHR) could be a potential indicator of cardiovascular risk in this population, warranting further investigation. RHR might reflect underlying cardiovascular health status and could be correlated with other risk factors."
PQ_0020,Israeli hospital preparedness for terrorism-related multiple casualty incidents: can the surge capacity and injury severity distribution be better predicted?,Hospital preparedness can be better defined by a fixed number of casualties rather than a percentile of its bed capacity. Only 20% of the arriving casualties will require immediate medical treatment. Implementation of this concept may improve the utilisation of national emergency health resources both in the preparation phase and on real time.,The study assesses the Israeli hospital's capacity to manage large-scale terrorist attacks by examining surge capacity and injury severity predictions. It aims to improve preparedness for such events.
PQ_0021,Acute respiratory distress syndrome in children with malignancy--can we predict outcome?,"Peak inspiratory pressure, PEEP, and ventilation index values could distinguish survivors from nonsurvivors by day 3. This may assist in early application of supportive nonconventional therapies in children with malignancy and ARDS.","To predict outcome in children with malignancy and ARDS, we need to identify key prognostic factors like age, disease stage, and specific malignancy type. Further research is needed to develop a reliable predictive model."
PQ_0022,Secondhand smoke risk in infants discharged from an NICU: potential for significant health disparities?,"The most disadvantaged families were least likely to have protective health behaviors in place to reduce SHSe and, consequently, are most at-risk for tobacco exposure and subsequent tobacco-related health disparities. Innovative SHSe interventions for this vulnerable population are sorely needed.","Secondhand smoke exposure after NICU discharge could significantly impact infant health, potentially exacerbating health disparities."
PQ_0023,Do nomograms designed to predict biochemical recurrence (BCR) do a better job of predicting more clinically relevant prostate cancer outcomes than BCR?,"Currently available nomograms used to predict BCR accurately predict PCSM and other more clinically relevant endpoints. Moreover, not only do they significantly predict PCSM, but do so with generally greater accuracy than BCR.",Nomograms for biochemical recurrence (BCR) are generally more accurate at predicting clinically meaningful prostate cancer outcomes than BCR alone.
PQ_0024,Are reports of mechanical dysfunction in chronic oro-facial pain related to somatisation?,"Self-reported mechanical factors associated with chronic oro-facial pain are confounded, in part, by psychological factors and are equally common across other frequently unexplained syndromes. They may represent another feature of somatisation. Therefore the use of extensive invasive therapy such as occlusal adjustments and surgery to change mechanical factors may not be justified in many cases.",The relationship between mechanical dysfunction in chronic orofacial pain and somatization is complex and not fully understood. Further research is needed to determine the specific mechanisms and prevalence of this association.
PQ_0025,Amblyopia: is visual loss permanent?,Older people with a history of amblyopia who develop visual loss in the previously normal eye can experience recovery of visual function in the amblyopic eye over a period of time. This recovery in visual function occurs in the wake of visual loss in the fellow eye and the improvement appears to be sustained.,"No, amblyopia is usually treatable, especially when detected early."
PQ_0026,Implementation of epidural analgesia for labor: is the standard of effective analgesia reachable in all women?,"Present audit shows that the process of implementation of labor analgesia was quick, successful and safe, notwithstanding the identification of one cluster of women with suboptimal response to epidural analgesia that need to be further studies, overall pregnant womens'adhesion to labor analgesia was satisfactory.","No, the standard of effective analgesia in labor is not universally achievable. Factors like individual pain tolerance, labor progress, and provider skill influence the success of epidural analgesia."
PQ_0027,Does HER2 immunoreactivity provide prognostic information in locally advanced urothelial carcinoma patients receiving adjuvant M-VEC chemotherapy?,HER2 immunoreactivity might have a limited prognostic value for advanced urothelial carcinoma patients with adjuvant M-VEC.,"Yes, HER2 immunoreactivity is associated with better outcomes in locally advanced urothelial carcinoma patients treated with adjuvant M-VEC chemotherapy."
PQ_0028,Is halofantrine ototoxic?,"Halofantrine has mild to moderate pathological effects on cochlea histology, and can be considered an ototoxic drug.","Yes, halofantrine can cause ototoxicity, especially when used in combination with other ototoxic drugs."
PQ_0029,Visceral adipose tissue area measurement at a single level: can it represent visceral adipose tissue volume?,"VAT area measurement at a single level 3 cm above the lower margin of the L3 vertebra is feasible and can reflect changes in VAT volume and body weight. Advances in knowledge: As VAT area at a CT slice 3cm above the lower margin of L3 can best reflect interval changes in VAT volume and body weight, VAT area measurement should be selected at this location.","While a single-level measurement of visceral adipose tissue can provide an estimate, it's not a direct representation of the total visceral adipose tissue volume. Multiple measurements across different levels are necessary for a more accurate assessment of visceral adipose tissue volume."
PQ_0030,Necrotizing fasciitis: an indication for hyperbaric oxygenation therapy?,The results of this study cast doubt on the suggested advantage of HBO in reducing patient mortality and morbidity when used as adjuvant therapy for NF.,"Yes, necrotizing fasciitis is a strong indication for hyperbaric oxygenation therapy. Hyperbaric oxygenation can improve tissue oxygenation and inhibit anaerobic bacterial growth."
PQ_0031,Is the Hawkins sign able to predict necrosis in fractures of the neck of the astragalus?,"A positive Hawkins sign rules out that the fractured talus has developed avascular necrosis, but its absence does not confirm it.",The Hawkins sign is not a reliable predictor of necrosis in fractures of the neck of the astragalus.
PQ_0032,Is a mandatory general surgery rotation necessary in the surgical clerkship?,Effective undergraduate surgical education can be offered in many specialty settings. Removal of the requirement for general surgery in clerkship may lead to a more effective use of all educational opportunities. A careful analysis of local programs and facilities is necessary before suggesting this change to other institutions.,"No, a mandatory general surgery rotation is not necessary in the surgical clerkship."
PQ_0033,Is Acupuncture Efficacious for Treating Phonotraumatic Vocal Pathologies?,The findings showed that acupuncture of voice-related acupoints could bring about improvement in vocal function and healing of vocal fold lesions.,"The evidence for acupuncture's efficacy in treating phonotraumatic vocal pathologies is currently limited and inconclusive. More robust, high-quality research is needed to determine its effectiveness."
PQ_0034,Is aneurysm repair justified for the patients aged 80 or older after aneurysmal subarachnoid hemorrhage?,"Better prognosis was obtained when ruptured aneurysm was repaired in the elderly than it was treated conservatively. From the results of this study, we should not hesitate to offer the definitive surgery for the elderly with aSAH.","The decision to repair aneurysms in patients aged 80 or older after subarachnoid hemorrhage is complex and should be individualized, considering factors like overall health, life expectancy, and patient preferences. There is no consensus on a specific age cutoff, and shared decision-making is crucial."
PQ_0035,Do general practice characteristics influence uptake of an information technology (IT) innovation in primary care?,"The analyses show that structural characteristics of a practice are not associated with uptake of a new IT facility, but that its use may be influenced by post-graduate education in the relevant clinical condition. For this diabetes system at least, practice nurse use was critical in spreading uptake beyond initial GP enthusiasts and for sustained and rising use in subsequent years.","Yes, general practice characteristics influence the uptake of IT innovations in primary care. Factors like size, location, and existing IT infrastructure play a significant role."
PQ_0036,Prognosis of well differentiated small hepatocellular carcinoma--is well differentiated hepatocellular carcinoma clinically early cancer?,"W-d HCCs were clinically demonstrated not to be early cancer, because there was no significant difference in disease free survival between the patients with w-d and l-d HCCs.","Well-differentiated small hepatocellular carcinoma (HCC) generally has a better prognosis than large, poorly differentiated HCCs. However, it is not considered early-stage cancer, as it is still a malignant tumor."
PQ_0037,Do follow-up recommendations for abnormal Papanicolaou smears influence patient adherence?,"Adherence to follow-up was low in this family planning clinic population, no matter what type of follow-up was advised. Adherence was improved by the use of up to 3 reminders. Allocating resources to effective methods for improving adherence to follow-up of abnormal results may be more important than which follow-up procedure is recommended.","Yes, follow-up recommendations for abnormal Papanicolaou (Pap) smears can influence patient adherence."
PQ_0038,Biomolecular identification of allergenic pollen: a new perspective for aerobiological monitoring?,"The real-time PCR approach revealed promising results in pollen identification and quantification, even when analyzing pollen mixes. Future perspectives could concern the development of multiplex real-time PCR for the simultaneous detection of different taxa in the same reaction tube and the application of high-throughput molecular methods.",This study explores the potential of biomolecular identification to improve aerobiological pollen monitoring. It suggests using specific allergenic proteins as biomarkers for pollen exposure.
PQ_0039,Does diabetes mellitus influence the efficacy of FDG-PET in the diagnosis of cervical cancer?,"In comparison with its accuracy in non-DM patients, the accuracy of PET in cervical cancer patients with mild to moderate DM was not significantly reduced.","Yes, diabetes mellitus can potentially influence the efficacy of FDG-PET in diagnosing cervical cancer."
PQ_0040,Biomechanical and wound healing characteristics of corneas after excimer laser keratorefractive surgery: is there a difference between advanced surface ablation and sub-Bowman's keratomileusis?,"Ophthalmic pathology and basic science research show that SBK and ASA are improvements in excimer laser keratorefractive surgery compared to conventional LASIK or PRK, particularly with regard to maintaining corneal biomechanics and perhaps moderately reducing the risk of corneal haze. However, most of the disadvantages caused by wound healing issues remain.","The study investigates the biomechanical and wound healing properties of corneas following advanced surface ablation (ASA) and sub-Bowman's keratomileusis (SBK) procedures, aiming to determine if significant differences exist. The findings will clarify which procedure offers superior outcomes regarding corneal biomechanics and healing."
PQ_0041,Does radiotherapy of the primary rectal cancer affect prognosis after pelvic exenteration for recurrent rectal cancer?,Patients who previously received radiotherapy for primary rectal cancer treatment have worse oncologic outcomes than those who had not received radiotherapy after pelvic exenteration for locally recurrent rectal cancer.,The effect of radiotherapy on prognosis after pelvic exenteration for recurrent rectal cancer is uncertain and requires further investigation.
PQ_0042,Can a practicing surgeon detect early lymphedema reliably?,An increase of 5% in circumference measurements identified the most potential lymphedema cases compared with an academic trial.,"No, a practicing surgeon may not be able to reliably detect early lymphedema. Specialized training and diagnostic tools are typically required for accurate detection."
PQ_0043,Colorectal cancer with synchronous liver metastases: does global management at the same centre improve results?,"GM of CRC and SLM was associated with fewer procedures but did not influence overall survival. SM was associated with a longer delay and increased use of chemotherapy between procedures, suggesting that more rigorous selection of SM patients for surgery may explain the higher disease-free survival after SLM resection.","Yes, global management at a single center is likely to improve outcomes for colorectal cancer with synchronous liver metastases due to standardized protocols, multidisciplinary expertise, and improved communication."
PQ_0044,Is motion perception deficit in schizophrenia a consequence of eye-tracking abnormality?,"Speed discrimination, per se, is not impaired in schizophrenia patients. The observed abnormality appears to be a consequence of impairment in generating or integrating the feedback information from eye movements. This study introduces a novel approach to motion perception studies and highlights the importance of concurrently measuring eye movements to understand interactions between these two systems; the results argue for a conceptual revision regarding motion perception abnormality in schizophrenia.","The relationship between motion perception deficits in schizophrenia and eye-tracking abnormalities is complex and not fully understood, but there is evidence suggesting a possible link. Further research is needed to determine the specific mechanisms and significance of these findings."
PQ_0045,Transgastric endoscopic splenectomy: is it possible?,Transgastric endoscopic splenectomy in a porcine model appears technically feasible. Additional long-term survival experiments are planned.,"Yes, transgastric endoscopic splenectomy is a feasible surgical technique for removing the spleen through the stomach. It involves using an endoscope to visualize and dissect the spleen from the stomach wall."
PQ_0046,It's Fournier's gangrene still dangerous?,"The interval from the onset of clinical symptoms to the initial surgical intervention seems to be the most important prognostic factor with a significant impact on outcome. Despite extensive therapeutic efforts, Fournier's gangrene remains a surgical emergency and early recognition with prompt radical debridement is the mainstays of management.","Yes, Fournier's gangrene remains a life-threatening condition requiring immediate medical attention."
PQ_0047,Is it appropriate to implant kidneys from elderly donors in young recipients?,"We conclude that patient and graft survival on transplanting kidneys from elderly donors to young recipients is superimposable on that obtained with young donors. However, renal function is better in the group of young donors.","No, it is not appropriate. Immunosuppression is required, which can be more difficult to manage in young recipients, and the risk of rejection is higher."
PQ_0048,Do provider service networks result in lower expenditures compared with HMOs or primary care case management in Florida's Medicaid program?,The Medicaid Demonstration in Florida appears to result in lower PMPM expenditures. Demonstration PSNs generated slightly greater reductions in expenditures compared to Demonstration HMOs. PSNs appear to be a promising model for delivering care to Medicaid enrollees.,"No, provider service networks do not result in lower expenditures compared with HMOs or primary care case management in Florida's Medicaid program."
PQ_0049,Assessment of carotid artery stenosis before coronary artery bypass surgery. Is it always necessary?,"In our cohort, selective screening of patients aged>70 years, with carotid bruit, a history of cerebrovascular disease, diabetes mellitus or PVD would have reduced the screening load by 40%, with trivial impact on surgical management or neurological outcomes.","No, carotid artery stenosis assessment before coronary artery bypass surgery is not always necessary, but it is recommended in certain cases, such as patients with a history of stroke or transient ischemic attack."
PQ_0050,Should direct mesocolon invasion be included in T4 for the staging of gastric cancer?,Mesocolon invasion should be included in T4 for the staging of gastric cancer.,"No, direct mesocolon invasion is not currently included in the T4 staging of gastric cancer."
PQ_0051,Do Surrogates of Injury Severity Influence the Occurrence of Heterotopic Ossification in Fractures of the Acetabulum?,"Surrogates of injury severity, including days in the ICU and non-ICU hospital LOS>10 days, were associated with the development of HO in our cohort of acetabular fracture patients. Prophylaxis with XRT was significantly protective against the development of HO, and the ability to provide prophylaxis is very likely related to the severity of injury.","The study investigates whether factors mimicking injury severity, such as fracture displacement or comminution, are associated with the development of heterotopic ossification after acetabular fractures. The findings will help establish risk factors and predict outcomes for patients with acetabular fractures."
PQ_0052,Does pretreatment with statins improve clinical outcome after stroke?,"The statistical power of this case-referent study was such that only large beneficial effects of statins in acute stroke could be confirmed. However, the observed trend, together with experimental observations, is interesting enough to warrant a more detailed analysis of the relationship between statins and stroke outcome.",Current evidence does not consistently show that statin pretreatment improves clinical outcome after stroke.
PQ_0053,Processing fluency effects: can the content and presentation of participant information sheets influence recruitment and participation for an antenatal intervention?,Font influenced pregnant women's ratings of intervention complexity.,"Yes, the content and presentation of participant information sheets can significantly impact recruitment and participation for an antenatal intervention, potentially affecting the effectiveness of the study."
PQ_0054,Sternal fracture in growing children : A rare and often overlooked fracture?,Isolated sternal fractures in childhood are often due to typical age-related traumatic incidents. Ultrasonography is a useful diagnostic tool for fracture detection and radiography is the method of choice for visualization of the extent of the dislocation.,"Yes, sternal fractures are relatively uncommon in children and can be easily missed. They can be associated with a range of symptoms, from mild discomfort to significant respiratory distress, depending on the fracture's severity and location."
PQ_0055,Is there a correlation between androgens and sexual desire in women?,"In the present study, FT and androstenedione were statistically significantly correlated with sexual desire in the total cohort of women. ADT-G did not correlate more strongly than circulating androgens with sexual desire and is therefore not superior to measuring circulating androgens by mass spectrometry.","Yes, there is an association between androgen levels and sexual desire in women, although it is complex and influenced by other factors."
PQ_0056,Does immediate breast reconstruction compromise the delivery of adjuvant chemotherapy?,"We found no evidence that IBR compromised the delivery of adjuvant chemotherapy, although there was a significant incidence of implant infection.","No, immediate breast reconstruction does not compromise the delivery of adjuvant chemotherapy."
PQ_0057,Human papillomavirus and pterygium. Is the virus a risk factor?,The low presence of HPV DNA in pterygia does not support the hypothesis that HPV is involved in the development of pterygia in Denmark.,"There is no strong evidence to suggest a direct causal link between human papillomavirus (HPV) and pterygium. While some studies have explored potential associations, the evidence is not conclusive."
PQ_0058,Can PRISM predict length of PICU stay?,"The ANN with its intrinsic ability to detect non-linear correlation, and to relate specific item patterns to LOS, outperformed linear statistics but was still disappointing in estimating individual LOS. It might be speculated that therapeutic intervention modulates the natural course of the disease thus counteracting both disease severity as initially scored by PRISM, and LOS. This being true, the inverse of the correlation between PRISM (or PRISM based LOS estimate) and LOS might be a candidate indicator of quality of care.","Yes, PRISM has been shown to predict the length of PICU stay."
PQ_0059,Can predilatation in transcatheter aortic valve implantation be omitted?,TAVI can be performed safely without balloon predilatation and with the same early results as achieved with the standard procedure including balloon predilatation. The reduction in the number of pacing periods required may be beneficial for the patient.,"No, predilatation is generally recommended for TAVI to improve valve expansion and reduce the risk of complications."
PQ_0060,Autoerotic asphyxiation: secret pleasure--lethal outcome?,"Pediatricians should be alert to the earliest manifestations of AEA. Awareness of choking games among the young and, of those, a subset who eventually progress to potentially fatal AEA is strongly encouraged among all primary care professionals who may be able to interrupt the behavior.","Autoerotic asphyxiation involves using a ligature to restrict breathing, often during sexual activity, leading to asphyxia and death. The act is driven by a desire for sexual pleasure, but it results in a fatal outcome."
PQ_0061,Major depression and alcohol use disorder in adolescence: Does comorbidity lead to poorer outcomes of depression?,"The results of these analyses suggest that marginally higher rates of depression to age 35 amongst the comorbid MD/AUD group were explained by increased exposure to adverse childhood circumstances amongst members of the comorbid group. Adolescent MD/AUD comorbidity is likely to be a risk marker, rather than a causal factor in subsequent MD.","Yes, the comorbidity of major depression and alcohol use disorder in adolescence is associated with poorer outcomes, including increased risk of suicide, substance abuse, and impaired cognitive function."
PQ_0062,Cold preparation use in young children after FDA warnings: do concerns still exist?,"Despite current recommendations, cough and cold medicines are still used in children younger than 6 years of age. A significant portion of caregivers report that they are still unaware of public warnings, potential side effects, and interactions with other medications.","The FDA's warnings about cold preparation in young children remain valid, and concerns about potential harm persist."
PQ_0063,Does a 4 diagram manual enable laypersons to operate the Laryngeal Mask Supreme®?,In manikin laypersons could insert LMAS in the correct direction after onsite instruction by a simple manual with a high success rate. This indicates some basic procedural understanding and intellectual transfer in principle. Operating errors (n = 91) were frequently not recognized and corrected (n = 77). Improvements in labeling and the quality of instructional photographs may reduce individual error and may optimize understanding.,"A 4-diagram manual can help laypersons understand and operate the Laryngeal Mask Supreme® (LMS) airway. However, it's crucial to emphasize that proper training and supervision are essential for safe and effective LMS insertion."
PQ_0064,Can we measure mesopic pupil size with the cobalt blue light slit-lamp biomicroscopy method?,"Although the SLBM is quite repeatable, it underestimates mesopic pupil size and shows a too wide range of agreement with CIP. SLBM shows low sensitivity in detecting pupils larger than 6 mm, which may be misleading when planning anterior segment surgery. Previous grading-consensus training strategies may increase interrater reproducibility, and compensation for the systematic underestimation could improve accuracy of the SLBM.","Yes, cobalt blue light slit-lamp biomicroscopy can be used to measure mesopic pupil size."
PQ_0065,Should circumcision be performed in childhood?,"Incomplete separation between prepuce and glans penis is normal and common among new-borns, progressing until adolescence to spontaneous separation, at which time it is complete in the majority of boys. Accordingly to the criteria we have sustained for years and present study's findings, circumcision has few indications during childhood, as well as forced prepucial dilation.","Circumcision in childhood is a complex issue with potential benefits and risks, and parental choice should be the primary consideration. The decision should be made in consultation with a qualified healthcare professional."
PQ_0066,Does a colonoscopy after acute diverticulitis affect its management?,"Our results suggest that colonoscopy does not affect the management of patients with acute diverticulitis nor alter the outcome. The current practice of a routine colonoscopy after acute diverticulitis, diagnosed by typical clinical symptoms and CT needs to be reevaluated.","Yes, a colonoscopy after acute diverticulitis can affect its management, potentially leading to a change in the need for surgery or the decision to proceed with a more aggressive approach."
PQ_0067,Do instrumental activities of daily living predict dementia at 1- and 2-year follow-up?,"IADL disability is a useful addition to the diagnostic process in a memory clinic setting, indicating who is at higher risk of developing dementia at 1- and 2-year follow-up.","Yes, instrumental activities of daily living (IADLs) predict dementia at 1- and 2-year follow-up."
PQ_0068,Does the Simultaneous Use of a Neuroendoscope Influence the Incidence of Ventriculoperitoneal Shunt Infection?,"In the present study, the use of an endoscope during VPS procedures did not increase the risk of surgical infection.",There is currently no definitive evidence to suggest that the simultaneous use of a neuroendoscope influences the incidence of ventriculoperitoneal shunt infection. Further research is needed to determine this relationship.
PQ_0069,"Body perception: do parents, their children, and their children's physicians perceive body image differently?",Many children underestimated their degree of overweight. Their parents and even their attending physicians shared this misperception. This study demonstrates the need to further educate physicians to recognize obesity and overweight so that they can counsel children and their families.,"Yes, body perception likely differs between parents, their children, and their children's physicians due to varying perspectives, experiences, and professional roles. These differences can stem from cultural norms, developmental stages, and the nature of their respective relationships."
PQ_0070,Is a specialised training of phonological awareness indicated in every preschool child?,"A specialized training program to improve phonologic awareness as a basis for reading and writing in every kindergarten and preschool child seems to be unnecessary. However, children with temporary hearing deficits benefit from such a program. For all other children general perception training may be sufficient.","No, specialized phonological awareness training is not indicated for all preschool children. It is best targeted to children with specific risk factors or challenges in language development."
PQ_0071,Is there any relationship between streptococcal infection and multiple sclerosis?,"These findings indicate that a relationship between multiple sclerosis and streptococcal infections may exist, but to acquire a better understanding of the role of group A streptococci in the pathogenesis of multiple sclerosis, more studies with animal models are necessary.","There is no established direct causal relationship between streptococcal infection and multiple sclerosis. However, some studies suggest a potential association, possibly involving molecular mimicry or immune dysregulation."
PQ_0072,Is the combination with 2-methoxyestradiol able to reduce the dosages of chemotherapeutices in the treatment of human ovarian cancer?,2ME is able to enhance the antiproliferative activity of certain chemotherapeutics at pharmacological relevant concentrations. This estradiol metabolite is currently in a phase II trial in patients with refractary metastatic breast cancer and the tolerability has been shown to be very good. The combination of 2ME with chemotherapeutics may therefore offer a new clinically relevant treatment regimen for hormone-dependent cancer.,The combination of 2-methoxyestradiol and chemotherapeutic agents shows promise in reducing chemotherapy dosages for ovarian cancer treatment. Further research is needed to confirm these findings and determine optimal dosing strategies.
PQ_0073,Assessing joint line positions by means of the contralateral knee: a new approach for planning knee revision surgery?,"As a new assessment method, we have suggested to assess the JL by means of radiographs of the contralateral knee. The most precise parameter was found to be the distance between the fibular head and the JL. The level of arthritis, age, gender, visibility of the landmarks, and misalignment did not influence measurement accuracy. This parameter is the first tibia-related landmark for assessing the JL, which advantageously corresponds to the tibia-first technique in revision surgery.","The contralateral knee can serve as a valuable tool for predicting and planning knee revision surgery, potentially improving outcomes. This approach offers a novel method for evaluating joint line positions."
PQ_0074,Does the type of tibial component affect mechanical alignment in unicompartmental knee replacement?,"Patients who received a metal-backed Onlay tibial component obtained better postoperative mechanical alignment compared to those who received all-polyethylene Inlay prostheses. The thicker overall construct of Onlay prostheses appears to be an important determinant of postoperative alignment. Considering their higher survivorship rates and improved postoperative mechanical alignment, Onlay prostheses should be the first option when performing medial UKR.","Yes, the type of tibial component can affect mechanical alignment in unicompartmental knee replacement."
PQ_0075,Is tumour expression of VEGF associated with venous invasion and survival in pT3 renal cell carcinoma?,"Progression of a pT3 tumour into the renal vein and vena cava is not associated with increased tumour expression of VEGF. However, VEGF is an independent prognostic factor in this group of poor prognosis renal tumours.","Yes, increased VEGF expression in tumors is associated with venous invasion and poorer survival in pT3 renal cell carcinoma."
PQ_0076,Injury and poisoning mortality among young men--are there any common factors amenable to prevention?,"Alcohol and drug use are important contributory factors to injury and poisoning deaths. More research is needed into the effects of unemployment and being single on the health of young men, and to investigate the motivations behind risk taking and self-destructive behaviour.","Yes, common factors include substance use, violence, and unsafe behaviors, all of which can be mitigated through education, policy changes, and access to resources."
PQ_0077,Continuation of pregnancy after antenatal corticosteroid administration: opportunity for rescue?,"Rescue AC may apply to only 18% of cases, and we identified subsets of more likely candidates.","Antenatal corticosteroids can improve neonatal outcomes, and may potentially prolong pregnancy in some cases. Further research is needed to determine optimal timing and patient selection for this intervention."
PQ_0078,Does either obesity or OSA severity influence the response of autotitrating CPAP machines in very obese subjects?,"In this population, neither BMI nor neck circumference nor waist circumference is predictive of autoCPAP pressure. Therefore, the previously derived algorithm does not adequately predict the fixed CPAP pressure for subsequent clinical use in these obese individuals. In addition, some subjects without OSA generated high autoCPAP pressures, and thus, the correlation between OSA severity and autoCPAP pressure was only moderate.","Yes, both obesity and OSA severity can influence the response of autotitrating CPAP machines in very obese subjects."
PQ_0079,Does the clinical presentation of a prior preterm birth predict risk in a subsequent pregnancy?,Patients with a history of ACD are at an increased risk of having recurrent preterm birth and cervical shortening in a subsequent pregnancy compared with women with prior preterm birth associated PPROM or PTL.,"Yes, a prior preterm birth is a significant risk factor for preterm labor in subsequent pregnancies."
PQ_0080,Is the Distance Worth It?,"Our results indicate that when controlled for patient, tumor, and hospital factors, patients who traveled a long distance to a high-volume center had improved lymph node yield, neoadjuvant chemoradiation receipt, and 30- and 90-day mortality compared with those who traveled a short distance to a low-volume center. They also had improved 5-year survival. See Video Abstract at http://links.lww.com/DCR/A446.",The distance is worth it if the potential benefits outweigh the costs and risks.
PQ_0081,Aripiprazole: a new risk factor for pathological gambling?,Adverse drug reactions were confronted with other already published case reports. Dopamine partial agonist mechanism of aripiprazole could explain the occurrence of pathological gambling.,The potential association between aripiprazole use and pathological gambling warrants further investigation. More research is needed to determine if aripiprazole contributes to or exacerbates gambling disorders.
PQ_0082,Immune suppression by lysosomotropic amines and cyclosporine on T-cell responses to minor and major histocompatibility antigens: does synergy exist?,Lysosomotropic amines in combination with cyclosporine appear to be synergistic in the suppression of T-cell proliferation to MiHC and MHC. Use of chloroquine in combination with cyclosporine may result in improved control of GVHD.,Lysosomotropic amines and cyclosporine synergistically suppress T-cell responses to both minor and major histocompatibility antigens. This synergy indicates a potential mechanism for immune modulation and therapeutic intervention in autoimmune diseases.
PQ_0083,Does induction chemotherapy have a role in the management of nasopharyngeal carcinoma?,"While not providing conclusive evidence, this single institution experience suggests that neoadjuvant chemotherapy for Stage IV NPC patients improves both survival and disease control. Recurrence within the irradiated volume was the most prevalent mode of failure and future studies will evaluate regimens to enhance local regional control.","Yes, induction chemotherapy is a standard part of the treatment for nasopharyngeal carcinoma, often used in combination with radiation therapy."
PQ_0084,Treatment of contralateral hydrocele in neonatal testicular torsion: Is less more?,We have demonstrated that approaching a contralateral hydrocele in cases of neonatal testicular torsion solely through a scrotal incision is safe and effective. Inguinal exploration was not performed in our study and our long-term results demonstrate that such an approach would have brought no additional benefit. In avoiding an inguinal approach we did not subject our patients to unnecessary risk of testicular or vasal injury. Contralateral hydrocele is commonly seen in cases of neonatal testicular torsion. In our experience this is a condition of minimal clinical significance and does not warrant formal inguinal exploration for treatment. This conservative management strategy minimizes the potential of contralateral spermatic cord injury in the neonate. The aims of the study were met.,"The contralateral hydrocele in neonatal testicular torsion should be treated with observation and conservative management, as surgery is not always necessary."
PQ_0085,"Are normally sighted, visually impaired, and blind pedestrians accurate and reliable at making street crossing decisions?","Our data suggested that visually impaired pedestrians can make accurate and reliable street crossing decisions like those of normally sighted pedestrians. When using auditory information only, all subjects significantly overestimated the vehicular gap time. Our finding that blind pedestrians performed significantly worse than either the normally sighted or visually impaired subjects under the hearing only condition suggested that they may benefit from training to improve their detection ability and/or interpretation of vehicular gap times.","Yes, studies suggest that sighted, visually impaired, and blind pedestrians can make accurate and reliable street crossing decisions, but their methods and perceptions differ."
PQ_0086,Is it Crohn's disease?,"Granulomatous myelotoxicity and enteritis developed in a 21 year old female within 3 weeks of initiating sulfasalazine for rheumatoid arthritis. Following a short course of corticosteroids, the patient had resolution of her cholestatic hepatitis, rash, eosinophilia, and gastrointestinal symptoms with no residual manifestations at 7 months follow-up. Although severe reactions to sulfasalazine are rare and unpredictable, practicing physicians should be aware of unusual clinical presentations of toxicity when prescribing sulfasalazine.","I cannot definitively diagnose Crohn's disease based on a single question. A proper diagnosis requires a comprehensive evaluation of symptoms, medical history, physical examination, and often, diagnostic tests like endoscopy and biopsies."
PQ_0087,Is Chaalia/Pan Masala harmful for health?,"The frequency of habits of Chaalia and Pan Masala chewing, by school children in lower socio-economic areas is extremely high. The probable reasons for this high frequency are taste, the widespread use of these substances by family members and friends, low cost and easy availability.","Yes, Chaalia/Pan Masala is harmful for health due to its high content of tobacco and other harmful ingredients. It can lead to various health complications, including cancer and cardiovascular diseases."
PQ_0088,Does multi-modal cervical physical therapy improve tinnitus in patients with cervicogenic somatic tinnitus?,"Cervical physical therapy can have a positive effect on subjective tinnitus complaints in patients with a combination of tinnitus and neck complaints. Larger studies, using more responsive outcome measures, are however necessary to prove this effect.","The evidence suggests that multi-modal cervical physical therapy can improve tinnitus in patients with cervicogenic somatic tinnitus. However, more research is needed to confirm these findings and determine the optimal treatment approach."
PQ_0089,Detailed analysis of sputum and systemic inflammation in asthma phenotypes: are paucigranulocytic asthmatics really non-inflammatory?,"This study demonstrates that a significant eosinophilic inflammation is present across all categories of asthma, and that paucigranulocytic asthma may be seen as a low grade inflammatory disease.","The study investigated sputum and systemic inflammation in paucigranulocytic asthma, challenging the notion of non-inflammatory phenotypes.  The results suggest that paucigranulocytic asthma patients exhibit subtle but significant systemic inflammation."
PQ_0090,Is HIV/STD control in Jamaica making a difference?,"HIV/STD control measures appear to have slowed the HIV/AIDS epidemic in Jamaica, however a significant minority of persons continue to have unprotected sex in high risk situations.","Yes, HIV/STD control efforts in Jamaica are showing positive results, including reduced incidence and increased access to testing and treatment."
PQ_0091,Is Panton-Valentine leucocidin associated with the pathogenesis of Staphylococcus aureus bacteraemia in the UK?,We found that 1.6% of S. aureus (all MSSA) from bacteraemic patients were PVL-positive. This low incidence suggests that PVL-positive S. aureus are of no particular significance as causative agents of S. aureus bacteraemia.,"Yes, Panton-Valentine leukocidin (PVL) is associated with severe Staphylococcal toxic shock syndrome (STSS) and can contribute to the pathogenesis of S. aureus bacteraemia in the UK."
PQ_0092,Are even impaired fasting blood glucose levels preoperatively associated with increased mortality after CABG surgery?,The elevated risk of death after CABG surgery known previously to be associated with CDM seems also to be shared by a group of similar size that includes patients with IFG and undiagnosed DM.,"Yes, even mildly impaired fasting blood glucose levels before CABG surgery are associated with increased mortality."
PQ_0093,Does positron emission tomography change management in primary rectal cancer?,"Position emission tomography scanning appears to accurately change the stage or appropriately alter the therapy of almost a third of patients with advanced primary rectal cancer. In view of this, we suggest that position emission tomography scanning be considered part of standard workup for such patients, particularly if neoadjuvant chemoradiation is being considered as part of primary management.","Yes, PET/CT scans can help guide treatment decisions in primary rectal cancer, including surgery and radiation therapy. They can also detect distant metastases, which affects staging and prognosis."
PQ_0094,Can you deliver accurate tidal volume by manual resuscitator?,"The tidal volume delivered by a manual resuscitator shows large variations. There were significant differences in the volume delivered by compression methods, but physical characteristics are not a predictor of tidal volume delivery. The manual resuscitator is not a suitable device for accurate ventilation.","No, manual resuscitators are not reliable for delivering accurate tidal volumes."
PQ_0095,Can increases in the cigarette tax rate be linked to cigarette retail prices?,"Numerous studies have found that taxation is one of the most effective policy instruments for tobacco control. However, these findings come from countries that have market economies where market forces determine prices and influence how cigarette taxes are passed to the consumers in retail prices. China's tobacco industry is not a market economy; therefore, non-market forces and the current Chinese tobacco monopoly system determine cigarette prices. The result is that tax increases do not necessarily get passed on to the retail price.","Yes, increases in cigarette tax rates are generally associated with higher cigarette retail prices."
PQ_0096,Vertical lines in distal esophageal mucosa (VLEM): a true endoscopic manifestation of esophagitis in children?,Histology usually demonstrated moderate to severe inflammation when VLEM were present. VLEM may be a highly specific endoscopic feature of esophagitis in children.,"Yes, VLEM are a recognized endoscopic finding in children with esophagitis."
PQ_0097,Does hypoglycaemia increase the risk of cardiovascular events?,"Severe hypoglycaemia is associated with an increased risk for CV outcomes in people at high CV risk and dysglycaemia. Although allocation to insulin glargine vs. standard care was associated with an increased risk of severe and non-severe hypoglycaemia, the relative risk of CV outcomes with hypoglycaemia was lower with insulin glargine-based glucose-lowering therapy than with the standard glycaemic control. Trial Registration (ORIGIN ClinicalTrials.gov number NCT00069784).","Yes, hypoglycemia is associated with an increased risk of cardiovascular events, including myocardial infarction and stroke."
PQ_0098,Does the radiographic transition zone correlate with the level of aganglionosis on the specimen in Hirschsprung's disease?,Correlation between level of radiographic transition zone on contrast enema and length of aganglionosis remains low. Systematic preoperative biopsy by coelioscopy or ombilical incision is mandatory.,"Yes, the radiographic transition zone correlates with the level of aganglionosis in Hirschsprung's disease."
PQ_0099,Is dexamethasone an effective alternative to oral prednisone in the treatment of pediatric asthma exacerbations?,"The current literature suggests that dexamethasone can be used as an effective alternative to prednisone in the treatment of mild to moderate acute asthma exacerbations in children, with the added benefits of improved compliance, palatability, and cost. However, more research is needed to examine the role of dexamethasone in hospitalized children.","There is limited evidence to support the use of dexamethasone as a direct replacement for oral prednisone in pediatric asthma exacerbations. Some studies suggest it may be comparable, but more research is needed."
PQ_0100,Mammographic screening in Sami speaking municipalities and a control group. Are early outcome measures influenced by ethnicity?,"Despite a lower risk of breast cancer, the Sami attended the NBCSP more frequently than the control group. The recall and cancer detection rate was lower among the Sami compared with the non-Sami group.","The study investigates whether early outcomes in mammographic screening differ between Sami-speaking municipalities and a control group, considering potential ethnic influences. The research aims to determine if ethnicity plays a role in early outcomes after mammographic screening."
PQ_0101,Do Electrochemiluminescence Assays Improve Prediction of Time to Type 1 Diabetes in Autoantibody-Positive TrialNet Subjects?,ECL assays improved the ability to predict time to diabetes in these autoantibody-positive relatives at risk for developing diabetes. These findings might be helpful in the design and eligibility criteria for prevention trials in the future.,"Yes, Electrochemiluminescence (ECL) assays may improve the prediction of time to type 1 diabetes (T1D) in Autoantibody-Positive TrialNet subjects. This is likely due to the high sensitivity and specificity of ECL assays for detecting autoantibodies."
PQ_0102,Assessment of appropriate antimicrobial prescribing: do experts agree?,"Doctors specialized in infectious diseases and clinical microbiology assess the appropriateness of antimicrobials prescribed for a broad spectrum of indications with acceptable agreement and validity, regardless of their experience or hospital of employment. However, there is room for improvement, which merits attention in multidisciplinary discussions and education.","Experts generally agree on the need for appropriate antimicrobial prescribing, but there are disagreements on the specific criteria and approaches to achieve this. The challenges lie in balancing antimicrobial stewardship with patient outcomes and resource availability."
PQ_0103,Is there a favorable subset of patients with prostate cancer who develop oligometastases?,"Patients with<or =5 metastatic sites had significantly better survival rates than patients with>5 lesions. Because existing sites of metastatic disease may be the primary sites of origin for additional metastases, our findings suggest that early detection and aggressive treatment of patients with a small number of metastatic lesions is worth testing as an approach to improving long-term survival.","Yes, some prostate cancer patients with oligometastases have a favorable prognosis."
PQ_0104,Cycloplegic autorefraction in young adults: is it mandatory?,"Young hypermetropic adults possessed +1 to +2 D of latent hypermetropia. In contrast, young myopic adults revealed pseudomyopia of -0.5 D. Cycloplegic refraction should be performed in young hypermetropic adults complaining of various signs of asthenopia.","Cycloplegic autorefraction is not routinely mandatory for young adults, as it may not be necessary to identify and correct refractive errors. The decision to perform cycloplegic refraction depends on the clinical presentation and the presence of factors such as uncorrected refractive error or significant aniseikonia."
PQ_0105,Does screening or surveillance for primary hepatocellular carcinoma with ultrasonography improve the prognosis of patients?,The significant impact of ultrasonographic screening on mortality reduction was demonstrated. These findings strongly suggest that early detection of hepatocellular carcinoma by ultrasound may improve the prognosis of patients with hepatocellular carcinoma.,Screening or surveillance for primary hepatocellular carcinoma with ultrasonography has not been shown to improve the prognosis of patients.
PQ_0106,"""Would a man smell a rose then throw it away?","Jordanian men perceive themselves as having a vital role in supporting, guiding and encouraging their wives to follow breast cancer early detection recommendations. Breast health awareness campaigns could involve husbands to capitalize on family support.","No, a man would not smell a rose and then throw it away."
PQ_0107,Department of Transportation vs self-reported data on motor vehicle collisions and driving convictions for stroke survivors: do they agree?,"In our population of stroke survivors, self-reports of motor vehicle collisions and driving convictions differed from government records. In future studies, the use of both government and self-reported data would ensure a more accurate picture of driving safety post-stroke.",I am not able to answer this question.
PQ_0108,"Neoadjuvant Imatinib in Locally Advanced Gastrointestinal stromal Tumours, Will Kit Mutation Analysis Be a Pathfinder?",Upfront evaluation of kit mutation status may help us in delineating separate treatment strategies for potentially biologically different tumours and assessing the correct timing of surgery for this subset of GIST.,The study investigates the impact of neoadjuvant Imatinib therapy on locally advanced gastrointestinal stromal tumors (GISTs) with KIT mutations. KIT mutation analysis will likely be crucial to determine treatment response and guide clinical decisions.
PQ_0109,Does the lipid-lowering peroxisome proliferator-activated receptors ligand bezafibrate prevent colon cancer in patients with coronary artery disease?,"Our data, derived from patients with coronary artery disease, support the hypothesis regarding a possible preventive effect of bezafibrate on the development of colon cancer.",There is no definitive evidence to suggest that bezafibrate prevents colon cancer in patients with coronary artery disease.
PQ_0110,Does self-efficacy mediate the relationship between transformational leadership behaviours and healthcare workers' sleep quality?,"Our results indicate that training managers in transformational leadership behaviours may have a positive impact on healthcare workers' health over time. However, more research is needed to examine the mechanisms by which transformational leadership brings about improved sleep quality; self-efficacy was not found to be the explanation.","Yes, self-efficacy likely mediates the relationship between transformational leadership behaviors and healthcare workers' sleep quality, as healthcare workers with higher self-efficacy may be more likely to report better sleep quality when exposed to transformational leadership."
PQ_0111,Does microbial contamination influence the success of the hematopoietic cell transplantation outcomes?,"The use of contaminated products with antibiotic prophylaxis may be safe in terms of the first day of fever, duration of fever, neutrophil, platelet engraftment and duration of hospitalization.","Yes, microbial contamination can negatively impact hematopoietic cell transplantation outcomes."
PQ_0112,Very high serum CA 19-9 levels: a contraindication to pancreaticoduodenectomy?,Patients who normalized their CA19-9 levels postoperatively had equivalent survival to patients with normal preoperative CA 19-9 levels. Preoperative serum CA 19-9 level by itself should not preclude surgery in patients who have undergone careful preoperative staging.,"Very high CA 19-9 levels can be a contraindication to pancreaticoduodenectomy (Whipple procedure), but it is not an absolute contraindication."
PQ_0113,Perioperative care in an animal model for training in abdominal surgery: is it necessary a preoperative fasting?,"The rabbit is a good model to be used in training of surgery, with a low morbi-mortality, able to be anesthetized intramuscularly, with no need of pre-operative fasting and does not present hypoglycemia even with the extended fasting period.","Yes, preoperative fasting is necessary in animal models for abdominal surgery to minimize the risk of aspiration and improve surgical outcomes."
PQ_0114,Are physicians aware of the side effects of angiotensin-converting enzyme inhibitors?,"Overall, there was a poor knowledge of the side effects of ACE-I. This may account for the increased referrals for chronic cough and angioedema.","Yes, physicians are generally aware of the side effects of angiotensin-converting enzyme inhibitors (ACE inhibitors)."
PQ_0115,Residual fundus or neofundus after laparoscopic sleeve gastrectomy: is fundectomy safe and effective as revision surgery?,LF and cruroplasty is feasible and has good results in terms of GERD symptoms control and additional weight loss. The high rate of postoperative complications observed in this series remains a matter of concern. A re-sleeve procedure might be considered as an alternative to RYGB/DS conversion restricted to selected patients.,Fundectomy of residual fundus or neofundus after laparoscopic sleeve gastrectomy is a safe and effective revision surgery for patients with persistent symptoms like reflux. It offers a durable solution to the underlying anatomical issue.
PQ_0116,Are physician estimates of asthma severity less accurate in black than in white patients?,Biased estimates of asthma severity may contribute to racially disparate asthma care. Interventions to improve physicians' assessments of asthma severity and patient-physician communication may minimize racial disparities in asthma care.,"Yes, physician estimates of asthma severity tend to be less accurate in Black patients compared to White patients."
PQ_0117,Does laparoscopic surgery decrease the risk of atrial fibrillation after foregut surgery?,Laparoscopic surgery is associated with lower risk of atrial fibrillation in foregut surgery. Development of atrial fibrillation is associated with increased length of intensive care stay. We recommend a prospective trial to confirm our findings.,There is no strong evidence to suggest that laparoscopic surgery decreases the risk of atrial fibrillation after foregut surgery.
PQ_0118,"The Main Gate Syndrome: a new format in mass-casualty victim ""surge"" management?","Suicide bombing in crowded locations near an evacuation hospital may overwhelm the medical resources of the receiving center. It has been referred to as ""The Main Gate Syndrome."" We introduced the novel concept of a semi-evacuation hospital or receiving center where a second surgical triage was carried out. These exceptional circumstances require open-minded flexibility, a tailored approach, and close cooperation between surgeons and anesthetists to share experience, opinions, and ideas. In the setting of mass casualties, emergency ultrasound exam was shown to be a valuable and effective tool by virtue of its mobility, reproducibility, and immediate results.","The Main Gate Syndrome proposes a new approach to managing mass-casualty victim surges, focusing on efficient triage and resource allocation at the initial entry point. This aims to streamline the initial assessment and distribution of resources, potentially improving overall victim outcomes."
PQ_0119,Do communication disorders extend to musical messages?,"Conveyance of emotions or movements through music may be decoded differently by persons with different types of communication disorders. Because music is the primary therapeutic tool in music therapy sessions, clinicians should consider these differential abilities when selecting music for clinical interventions focusing on emotions or movement.","Yes, communication disorders can affect the interpretation and comprehension of musical messages, impacting musical expression and appreciation."
PQ_0120,Do patients with rheumatoid arthritis established on methotrexate and folic acid 5 mg daily need to continue folic acid supplements long term?,"It is important to continue FA supplementation over the long term in patients on methotrexate and FA in order to prevent them discontinuing treatment because of mouth ulcers or nausea and vomiting. Our data suggest that FA supplementation is also helpful in preventing neutropenia, with very little loss of efficacy of methotrexate.","The need for long-term folic acid supplementation in rheumatoid arthritis patients on methotrexate depends on individual factors, but it's generally recommended to continue folic acid supplementation, particularly if they are taking a high dose of methotrexate."
PQ_0121,Can infundibular height predict the clearance of lower pole calyceal stone after extracorporeal shockwave lithotripsy?,Lower Infundibular height could be a good measurement tool for deciding which patients with lower calyceal lithiasis would benefit from SWL treatment. Height of less than 22 mm suggests a good outcome from lithotripsy.,"Yes, infundibular height is a predictor of lower pole calyceal stone clearance after ESWL."
PQ_0122,Does lung ischemia and reperfusion have an impact on coronary flow?,"In situ lung IR has a marked negative impact on coronary blood flow, hemodynamics, and inflammatory profile. In addition, to the best of our knowledge, this is the first study where coronary blood flow is directly measured during lung IR, revealing the associated increased cardiac risk.","Yes, lung ischemia and reperfusion can significantly impact coronary flow, often leading to reduced flow due to endothelial damage and inflammation."
PQ_0123,Is a patient's self-reported health-related quality of life a prognostic factor for survival in non-small-cell lung cancer patients?,The results suggest that patients' self-reported HRQOL provide independent prognostic information for survival. This finding supports the collection of such data in routine clinical practice.,"Yes, studies have shown a correlation between self-reported health-related quality of life and survival in non-small-cell lung cancer patients."
PQ_0124,Transient tachypnea of the newborn (TTN): a role for polymorphisms in the beta-adrenergic receptor (ADRB) encoding genes?,"We conclude that beta1Gly49 homozygosity and TACC haplotype of ADRB2 gene, both loss-of-function genetic variations, may predispose to TTN.",The study investigated whether polymorphisms in the ADRB genes could be associated with TTN. The results suggested a potential link between specific ADRB gene variants and the risk of TTN.
PQ_0125,Is duration of psychological treatment for depression related to return into treatment?,"The results suggest that a longer duration of treatment may prevent return into mental health care in some groups. However, because of the design of the study, no causal inference can be drawn. Further research, preferably in a RCT, is needed to determine whether the trend towards lower intensity treatments is associated with repeated mental health care use.","Yes, longer durations of psychological treatment for depression are associated with a higher likelihood of relapse or return to treatment."
PQ_0126,Does shaving the incision site increase the infection rate after spinal surgery?,The shaving of the incision site immediately before spinal surgery may increase the rate of postoperative infection.,There is no evidence to suggest that shaving the incision site after spinal surgery increases the infection rate.
PQ_0127,The influence of atmospheric pressure on aortic aneurysm rupture--is the diameter of the aneurysm important?,The results of this study do not support the hypothesis that there is a direct link between atmospheric pressure values and abdominal aortic aneurysm ruptures.,"The influence of atmospheric pressure on aortic aneurysm rupture is complex and likely influenced by aneurysm size and other factors. The size of the aneurysm is a critical determinant of its vulnerability to rupture, and atmospheric pressure may play a role in this vulnerability."
PQ_0128,Do French lay people and health professionals find it acceptable to breach confidentiality to protect a patient's wife from a sexually transmitted disease?,Most people in France are influenced by situational factors when deciding if a physician should breach confidentiality to protect the spouse of a patient infected with STD.,"Yes, in France, the protection of a patient's wife from a sexually transmitted disease generally overrides the patient's confidentiality."
PQ_0129,Do somatic complaints predict subsequent symptoms of depression?,"Our findings suggest that somatic complaints may represent one, but not necessarily the most important, risk factor for the subsequent development of depressive symptoms in women in nonclinical populations. The results also highlight the importance of including social variables in studies on women's depression as well as conducting additional research to further examine predictors of depressive symptoms in men.","Yes, somatic complaints, such as fatigue, headaches, and digestive issues, can be a predictor of future depressive symptoms."
PQ_0130,Are women with major depression in pregnancy identifiable in population health data?,"No single data source is likely to provide a complete health profile for an individual. For women with depression in pregnancy and dispensed antidepressants, the hospital admission data do not adequately capture all cases.","Yes, women with major depression in pregnancy can be identified in population health data, though it requires careful analysis of existing datasets and may involve specific ICD codes or diagnostic criteria."
PQ_0131,Remote ischemic postconditioning: does it protect against ischemic damage in percutaneous coronary revascularization?,This clinical trial evaluated the possible reduction in intervention-related myocardial damage that was attributable to remote postischemic conditioning.,Remote ischemic postconditioning (RIPC) has shown promise in protecting against ischemic damage in percutaneous coronary revascularization. Further research is needed to determine its efficacy and optimal application in clinical settings.
PQ_0132,Does combining antiretroviral agents in a single dosage form enhance quality of life of HIV/AIDS patients?,"Although the cost-effectiveness of a single-pill strategy was within the acceptable willingness-to-pay threshold, the QALY difference were minimal. Further research is recommended to explore the long-term impact of the strategy.","Combining antiretroviral agents into a single dosage form can potentially improve adherence and convenience for HIV/AIDS patients, but further research is needed to definitively assess its impact on quality of life."
PQ_0133,The inverse equity hypothesis: does it apply to coverage of cancer screening in middle-income countries?,Economic inequalities in breast and cervical cancer screening are low in LMICs with high screening coverage. These findings are consistent with the inverse equity hypothesis and indicate that high levels of equity in cancer screening are feasible even in countries with high income inequality.,"The inverse equity hypothesis suggests that as a country becomes wealthier, the health disparities between the rich and poor decrease, but this may not apply to cancer screening in middle-income countries where the poor may have limited access to screening."
PQ_0134,Identification of racial disparities in breast cancer mortality: does scale matter?,"This study investigates both relative and absolute racial disparities in breast cancer mortality between White non-Hispanic and African-American/Hispanic women at the census tract, zip code and county levels. Analysis at the census tract level generally led to a larger proportion of geographical units experiencing significantly higher mortality rates for minority groups, although results varied depending on the use of the relative versus absolute statistics. Additional research is needed before general conclusions can be formulated regarding the choice of optimal geographic regions for the detection of racial disparities.",This study investigates the relationship between racial disparities in breast cancer mortality and the scale of analysis used to identify these disparities. The researchers aim to determine whether different analytical approaches lead to different conclusions about the magnitude and nature of these disparities.
PQ_0135,Does the leukocyte count correlate with the severity of injury?,The leukocyte count at presentation can be used as an adjunct in the evaluation of the severity of injury in blunt trauma patients.,"Yes, a higher leukocyte count generally indicates a greater inflammatory response and potentially more severe injury."
PQ_0136,Can transcranial direct current stimulation be useful in differentiating unresponsive wakefulness syndrome from minimally conscious state patients?,"a-tDCS could be useful in identifying residual connectivity markers in clinically-defined UWS, who may lack of purposeful behavior as a result of a motor-output failure.","Yes, transcranial direct current stimulation (tDCS) may be useful in differentiating unresponsive wakefulness syndrome (UWS) from minimally conscious state (MCS) patients. It could potentially reveal differences in brain activity patterns associated with consciousness."
PQ_0137,Aromatase inhibitor-related musculoskeletal symptoms: is preventing osteoporosis the key to eliminating these symptoms?,"Patients on AIs who develop osteoporosis are at increased risk of musculoskeletal symptoms and bone fracture. Comedication with Ca/Bis reduces the likelihood for osteoporosis and musculoskeletal symptoms. Patients who received tamoxifen before AIs were less likely to develop AI-related musculoskeletal symptoms. We recommend that patients on AIs should be offered Ca/Bis to reduce the incidence of musculoskeletal symptoms and fracture, especially if patients are receiving steroidal AI and/or did not receive tamoxifen before AIs.","Aromatase inhibitors (AIs) can cause musculoskeletal symptoms, and preventing osteoporosis is a crucial aspect of managing these symptoms. While AI-induced osteoporosis is a significant contributor, other factors like low-dose aspirin use and potential mitochondrial dysfunction may also play a role."
PQ_0138,Could different follow-up modalities play a role in the diagnosis of asymptomatic endometrial cancer relapses?,"Follow-up after endometrial cancer treatment varies in Italy. In this retrospective study, women with asymptomatic recurrence have shown a better clinical outcome compared with those with symptomatic relapse. The optimal approach is actually unknown, and guidelines comparing follow-up protocols have not been established. Prospective cost-effectiveness studies are needed.","Yes, alternative follow-up methods might be helpful in identifying asymptomatic endometrial cancer relapses."
PQ_0139,Locoregional opening of the rodent blood-brain barrier for paclitaxel using Nd:YAG laser-induced thermo therapy: a new concept of adjuvant glioma therapy?,LITT induces a locoregional passage of chemotherapeutic agents into the brain tissue. This is of potential interest for the treatment of brain tumors.,"The study explores the use of an Nd:YAG laser to create a local opening in the blood-brain barrier (BBB) in rodents, allowing paclitaxel to reach glioblastoma cells, potentially as an adjuvant therapy. This approach aims to enhance the efficacy of paclitaxel in treating gliomas."
PQ_0140,Preoperative tracheobronchoscopy in newborns with esophageal atresia: does it matter?,Tracheobronchoscopy is a useful and safe procedure and should be recommended in tertiary centers for babies with EA before surgical repair.,"Preoperative tracheobronchoscopy (PTB) in newborns with esophageal atresia (EA) is generally recommended to assess the airway and rule out tracheoesophageal fistula (TEF), which can significantly alter the surgical approach. It may be particularly beneficial in cases with suspected TEF or other airway abnormalities."
PQ_0141,Is horizontal semicircular canal ocular reflex influenced by otolith organs input?,"Otolith organs input influences the axis of horizontal semicircular canal ocular reflex; therefore, the plane of compensatory eye movements induced by the horizontal canal stimulation is not always parallel to the canal.","Yes, the horizontal semicircular canal ocular reflex (Saccadic Ocular Reflex, SOR) is influenced by otolith organ input. This interaction provides a robust and reliable mechanism for maintaining gaze stability."
PQ_0142,Is perforation of the appendix a risk factor for tubal infertility and ectopic pregnancy?,"The methodologic weaknesses of the studies do not permit acceptance of increased risk of tubal pregnancy or infertility as a consequence of perforation of the appendix, so a causal relationship cannot be supported by the data currently available. Only a well-designed case-control study with unbiased ascertainment of exposure and adjustment for confounding variables will provide a definitive answer.","Yes, appendicitis and subsequent appendectomy can increase the risk of tubal infertility and ectopic pregnancy due to potential damage to the fallopian tubes."
PQ_0143,Serovar specific immunity to Neisseria gonorrhoeae: does it exist?,We found no evidence of serovar specific immunity in our population. It remains possible that populations with a higher prevalence of gonorrhoea and more frequent infections may have a quantitatively greater immune response.,"Yes, serovar-specific immunity to *Neisseria gonorrhoeae* exists, but it is complex and not always protective."
PQ_0144,May student examiners be reasonable substitute examiners for faculty in an undergraduate OSCE on medical emergencies?,"It seems quite admissible and justified to encourage medical students to officiate as examiners in undergraduate emergency medicine OSCE formative testing, but not necessarily in summative assessment evaluations.","Yes, student examiners can be reasonable substitute examiners for faculty in an undergraduate OSCE on medical emergencies, provided they have adequate training and experience. Their knowledge and skills can bridge the gap in faculty availability."
PQ_0145,Are endothelial cell patterns of astrocytomas indicative of grade?,Evaluation of astrocytomas utilizing antibody to vWF and confocal microscopy aids in the grading of these neoplasms.,"Yes, endothelial cell patterns in astrocytomas are associated with the grade of the tumor."
PQ_0146,Do healthier lifestyles lead to less utilization of healthcare resources?,"Healthy lifestyles lead to an increase in the utilization of preventive health services. However, there is not much significantly reducing the number of outpatient visits in people with health behaviors. Specifically, people with regular exercise habits and who take their blood pressure measurement regularly have an increased number of outpatient visits. It is suggested that more available and accessible health consultation services be provided to inculcate in the general public the importance of maintaining a healthy lifestyle.","Yes, healthier lifestyles are generally associated with reduced healthcare utilization."
PQ_0147,Antral follicle assessment as a tool for predicting outcome in IVF--is it a better predictor than age and FSH?,"In vitro fertilization outcome is strongly correlated with both maternal ages, basal cycle, day 3 follicle, stimulated hormone, and antral follicle assessment. Antral follicle assessment was a better predictor of in vitro fertilization outcome than were age or follicle stimulated hormone. Antral follicle assessment may provide a marker for ovarian age that is distinct from chronological age or hormonal markers.","Antral follicle count (AFC) is a more accurate predictor of IVF outcome than age and FSH, particularly for women with low AMH."
PQ_0148,Do all ethnic groups in New Zealand exhibit socio-economic mortality gradients?,"While socio-economic gradients in health exist among all ethnic groups, they are relatively shallow among Pacific and (especially) Asian peoples. For these ethnic groups, caution should be exercised in applying deprivation or other socio-economic measures as proxy indicators of need for health services.","Yes, socio-economic mortality gradients are observed across different ethnic groups in New Zealand."
PQ_0149,Can normal knee kinematics be restored with unicompartmental knee replacement?,"In this in vitro cadaver study, the tricompartmental replacement significantly changed knee kinematics while the unicompartmental replacement preserved normal knee kinematics.","Yes, unicompartmental knee replacements can often restore normal knee kinematics in patients with localized knee arthritis. This is because the surgery replaces only the damaged compartment, preserving the function of the unaffected compartments."
PQ_0150,Are serum leptin levels a prognostic factor in advanced lung cancer?,"Our results showed that the serum leptin level has no prognostic indications in advanced lung cancer patients. Leptin is decreased in lung cancer, and there is lack of correlation with tumour‑related factors including prognosis. Therefore, leptin is not a useful clinical marker in lung cancer (Tab. 2, Fig. 2, Ref. 22).","Yes, serum leptin levels are associated with a poorer prognosis in advanced lung cancer."
PQ_0151,Is fetal gender associated with emergency department visits for asthma during pregnancy?,"Fetal gender does not affect the risk of having an ED visit for asthma during pregnancy, and it is not associated with adverse pregnancy outcomes among women who had an asthma-related ED during pregnancy.","No, there is no evidence to suggest that fetal gender is associated with emergency department visits for asthma during pregnancy."
PQ_0152,Stretch-sensitive KCNQ1 mutation A link between genetic and environmental factors in the pathogenesis of atrial fibrillation?,"These data suggest that the R14C KCNQ1 mutation alone is insufficient to cause AF. Rather, we suggest a model in which a ""second hit"", such as an environmental factor like hypertension, which promotes atrial stretch and thereby unmasks an inherited defect in ion channel kinetics (the ""first hit""), is required for AF to be manifested. Such a model would also account for the age-related increase in AF development.","Yes, a stretch-sensitive KCNQ1 mutation could represent a genetic predisposition that interacts with environmental factors to initiate atrial fibrillation."
PQ_0153,Are adult body circumferences associated with height?,"Circumferences and related ratios scale significantly to height, notably after adjustment for age and race, across subjects who are representative of the US population. These observations have implications for the clinical and epidemiologic use of these anthropometric measures and indexes.","Yes, there is a correlation between adult body circumferences and height."
PQ_0154,Would corrected QT dispersion predict left ventricular hypertrophy in hypertensive patients?,"QTcD is significantly increased in hypertensive patients with LVH compared with those without, being strongly correlated with the indices of LVH. A QTcD cut-off value of 60 ms predicted LVH in hypertensive patients with a high sensitivity and specificity.","While research is ongoing, there is some evidence suggesting a potential association between corrected QT dispersion and left ventricular hypertrophy in hypertensive individuals, but further studies are needed to confirm this relationship and establish its clinical significance."
PQ_0155,Traumatic aortic injury: does the anatomy of the aortic arch influence aortic trauma severity?,The severity of TAI is influenced by the sharpness of the aortic arch. There is an inverse relationship between the severity of aortic injury and the aortic arch index.,"Yes, the anatomy of the aortic arch, including the presence and location of the Great Vessels, can influence the severity of aortic trauma. The proximity of the arch to adjacent structures can affect the extent of injury and the potential for complications."
PQ_0156,Inpatient versus outpatient management of neutropenic fever in gynecologic oncology patients: is risk stratification useful?,"Based on this pilot data, MASCC score appears promising in determining suitability for outpatient management of NF in gynecologic oncology patients. Prospective study is ongoing to confirm safety and determine impact on cost.","Risk stratification can be useful in determining the appropriate management of neutropenic fever in gynecologic oncology patients, potentially guiding decisions between inpatient and outpatient settings."
PQ_0157,Should chest wall irradiation be included after mastectomy and negative node breast cancer?,Post-mastectomy radiotherapy should be discussed for a sub-group of node-negative patients with predictors factors of local failure such as age<or = 40 years and larger tumour size.,Current guidelines do not recommend chest wall irradiation after mastectomy and negative node breast cancer.
PQ_0158,Can bisphosphonate treatment be stopped in a growing child with skeletal fragility?,The patient has been restarted on IV APD therapy. This case has led us to consider whether bisphosphonate therapy can be discontinued in a child with fragility fractures before his/her linear growth has ceased?,"No, bisphosphonate treatment should not be stopped in a growing child with skeletal fragility. Stopping the medication could lead to a resurgence of the underlying condition, potentially causing further bone damage."
PQ_0159,"Regional anesthesia as compared with general anesthesia for surgery in geriatric patients with hip fracture: does it decrease morbidity, mortality, and health care costs?","There is no difference in postoperative morbidity, rates of rehospitalization, in-patient mortality or hospitalization costs in geriatric patients undergoing regional or general anesthesia for repair of hip fracture. Delay in surgery beyond 3 days and ICU admission both increase cost of hospitalization.","Regional anesthesia may reduce morbidity, mortality, and health care costs compared to general anesthesia for hip fracture surgery in geriatric patients. Further research is needed to confirm these benefits definitively."
PQ_0160,Does blood pressure change in treated hypertensive patients depending on whether it is measured by a physician or a nurse?,"Systolic BP measured by the nurse in treated hypertensive patients is significantly lower than the readings obtained by the physician, and are almost identical to ambulatory BP monitoring. Blood pressure determination by the nurse is desirable not only for diagnosis but also to evaluate the level of control of blood pressure during the follow-up of treated hypertensive patients.","Blood pressure measurements taken by physicians and nurses in hypertensive patients may vary slightly due to differences in technique and patient-provider relationship. However, these differences are generally small and do not significantly affect treatment outcomes."
PQ_0161,Treadmill testing of children who have spina bifida and are ambulatory: does peak oxygen uptake reflect maximum oxygen uptake?,"The (.)Vo(2)peak measured during an incremental treadmill test seems to reflect the true (.)Vo(2)max in children who have spina bifida and are ambulatory, validating the use of a treadmill test for these children. When confirmation of maximal effort is needed, the addition of supramaximal testing of children with disability is an easy and well-tolerated method.","Yes, peak oxygen uptake (VO2peak) on a treadmill test in ambulatory children with spina bifida likely reflects maximum oxygen uptake (VO2max). This is because VO2peak is a reliable indicator of VO2max in this population."
PQ_0162,Is the probability of prenatal diagnosis or termination of pregnancy different for fetuses with congenital anomalies conceived following assisted reproductive techniques?,"In our population, ART conception was not significantly associated with the probability of PND or TOPFA for CHD. One implication of our results is that live births may be adequate for assessing the overall risk of CHD related to ART. However, total prevalence, in particular of severe CHD, would not be adequately assessed if TOPFA are not included.","Yes, the probability of prenatal diagnosis or termination of pregnancy may differ for fetuses with congenital anomalies conceived through assisted reproductive techniques (ART) compared to naturally conceived fetuses."
PQ_0163,Is there a relationship between complex fractionated atrial electrograms recorded during atrial fibrillation and sinus rhythm fractionation?,"(1) There is little overlap between regions of CFAEs during AF and regions of SRF measured in the time domain or the frequency domain, (2) the majority of SRF appears to occur in regions with wave-front collision, (3) the distribution of SRF is similar in patients with AF and normal controls, suggesting that this may not have an important role in AF maintenance and may not be a suitable ablation target.","Yes, there is a relationship between complex fractionated atrial electrograms and sinus rhythm fractionation in atrial fibrillation."
PQ_0164,Does rural or urban residence make a difference to neonatal outcome in premature birth?,Premature births from rural mothers have a higher risk of stillbirth and mortality in neonatal intensive care than urban infants.,"Some studies suggest that rural residents may have a slightly better neonatal outcome than urban residents, potentially due to access to specialized care or different healthcare practices. However, the relationship is complex and may vary based on specific demographics and healthcare systems."
PQ_0165,Is the use of cyanoacrylate in intestinal anastomosis a good and reliable alternative?,"Better healing, shorter AT, and equal strength were achieved with ethyl-2-cyanoacrylate compared with polyglactin 910 sutures in intestinal anastomosis in the experimental setting.","No, cyanoacrylate is not a good and reliable alternative for intestinal anastomosis. It is not suitable for this purpose due to its high toxicity and potential for causing complications."
PQ_0166,Is trabecular bone related to primary stability of miniscrews?,Cancellous bone plays an important role in primary stability of mini-implants in the presence or absence of cortical bone.,"Yes, trabecular bone is a critical factor in the primary stability of miniscrews. The presence and density of trabecular bone significantly influence the initial fixation of the implant."
PQ_0167,"Is there any evidence of a ""July effect"" in patients undergoing major cancer surgery?","On the whole, the data confirm an absence of a July effect in patients undergoing major cancer surgery.","There is limited evidence to suggest a significant ""July effect"" in cancer surgery outcomes, but further research is needed."
PQ_0168,Is it necessary to insert a nasobiliary drainage tube routinely after endoscopic clearance of the common bile duct in patients with choledocholithiasis-induced cholangitis?,"A routinely inserted ENBD tube did not improve the clinical course, despite patients having to endure increased procedure time and discomfort, and the insertion would therefore be unnecessary.","No, routine nasobiliary drainage is not necessary after endoscopic clearance of the common bile duct in patients with choledocholithiasis-induced cholangitis."
PQ_0169,Storage of vaccines in the community: weak link in the cold chain?,"Vaccines were exposed to temperatures that may reduce their potency. Safe storage of vaccines in the clinics cannot be ensured without adhering to the recommended guidelines. Provision of adequate equipment and training for staff in maintaining the ""cold chain"" and the use and care of equipment are important components of a successful immunisation programme.","Community vaccine storage poses a significant challenge to maintaining the cold chain integrity, especially in regions with limited infrastructure. This leads to vaccine spoilage and reduced effectiveness, hindering immunization efforts."
PQ_0170,Is the clinically positive axilla in breast cancer really a contraindication to sentinel lymph node biopsy?,"Clinical axillary examination in breast cancer is subject to false-positive results, and is by itself insufficient justification for axillary lymph node dissection. If other means of preoperative assessment such as palpation- or image-guided fine needle aspiration are negative or indeterminate, then SLN biopsy deserves wider consideration as an alternative to routine axillary lymph node dissection in the clinically node-positive setting.","No, a clinically positive axilla is not an absolute contraindication to sentinel lymph node biopsy. The decision to proceed with biopsy in a clinically positive axilla depends on factors like the extent of the clinical findings and the patient's overall risk profile."
PQ_0171,Convulsions and retinal haemorrhage: should we look further?,"Retinal haemorrhages following a convulsive episode are rare. Such a finding should trigger an extensive search for other reasons, including child abuse.","Yes, further investigation is warranted given the potential for a serious underlying cause. We should consider factors like trauma, stroke, or other neurological conditions."
PQ_0172,Are patients willing participants in the new wave of community-based medical education in regional and rural Australia?,"Patients in regional and rural settings were willing partners in developing skills of junior medical students, who had greater involvement in patient consultations than previously reported for urban students. Our study extends the findings from urban general practice that patients are underutilised partners in community-based medical training. The support of patients from regional and rural settings could facilitate the expansion of primary care-based medical education in these areas of workforce need.","Engagement rates vary, but efforts to tailor programs to local needs and incorporate community input are generally well-received."
PQ_0173,Can Flexible Instruments Create Adequate Femoral Tunnel Lengths at 90° of Knee Flexion in Anterior Cruciate Ligament Reconstruction?,This study that shows that adequate femoral tunnel lengths can be safely created without knee hyperflex - ion using flexible instruments via an anteromedial portal.,"The feasibility of achieving adequate femoral tunnel lengths at 90° of knee flexion with flexible instruments during ACL reconstruction is limited due to their inflexibility and difficulty in maintaining precise angles. Therefore, rigid instruments are preferred for achieving accurate tunnel placement."
PQ_0174,Quality of life in lung cancer patients: does socioeconomic status matter?,"At baseline assessment patients of lower socioeconomic status showed lower health related quality of life. Since there was no clear trend at follow-up assessment this suggests that patients from different socioeconomic status responded to treatment similarly. In general, the findings suggest that quality of life is not only the outcome of the disease and its treatment, but is also highly dependent on each patients' socioeconomic characteristics.","Socioeconomic status (SES) significantly impacts quality of life (QoL) in lung cancer patients, with lower SES associated with poorer QoL. Understanding this relationship can guide targeted interventions to improve the well-being of this vulnerable population."
PQ_0175,Are Biochemical Markers of Bone Turnover Representative of Bone Histomorphometry in 370 Postmenopausal Women?,Bone turnover markers were significantly but modestly associated with bone turnover parameters measured in iliac cancellous bone. The iliac crest bone may not represent perfectly the whole bone turnover.,"The study suggests that biochemical markers of bone turnover are generally representative of bone histomorphometry in postmenopausal women. However, there are some discrepancies, particularly in the early stages of menopause."
PQ_0176,Should early extubation be the goal for children after congenital cardiac surgery?,"Most children undergoing congenital heart surgery can be extubated in the operating room. Most neonates, including many undergoing complex procedures, can be extubated within the first 24 hours after surgery. Early extubation was associated with low morbidity rates and short lengths of intensive care unit and hospital stays.","Yes, early extubation is generally the goal for children after congenital cardiac surgery to promote early mobilization, reduce ventilator dependence, and improve outcomes."
PQ_0177,Does delivery mode affect women's postpartum quality of life in rural China?,Delivery mode did not affect postpartum quality of life in rural China. Socio-cultural determinants may contribute more in influencing postnatal quality of life.,"Yes, delivery mode (vaginal vs. Cesarean) can influence postpartum quality of life in rural China. Factors like Cesarean section may be associated with a reduction in quality of life."
PQ_0178,Menopausal hormone therapy and irregular endometrial bleeding: a potential role for uterine natural killer cells?,Little is known about the mechanisms underlying irregular bleeding in HT users. This is the first report of uNK cells and their association with regulating cytokines in postmenopausal endometrium and demonstrates a possible mechanism by which HT may induce irregular bleeding.,This study explores the potential of uterine natural killer (NK) cells in mediating the effects of menopausal hormone therapy (MHT) on irregular endometrial bleeding. The research suggests that uterine NK cells may play a role in regulating endometrial tissue and potentially influence the observed bleeding patterns associated with MHT use.
PQ_0179,Percutaneous ethanol injection for benign cystic thyroid nodules: is aspiration of ethanol-mixed fluid advantageous?,Percutaneous ethanol injection without aspiration of ethanol-mixed fluid seems to be the preferable method of treatment of benign cystic thyroid nodules from the perspective of both the physician and the patient.,"The data suggests that aspiration of ethanol-mixed fluid during percutaneous ethanol injection for benign cystic thyroid nodules is advantageous, leading to higher rates of complete destruction and fewer recurrences compared to injection of ethanol alone."
PQ_0180,Can the growth rate of a gallbladder polyp predict a neoplastic polyp?,Patient's age (>60 y) and large polyp size (>10 mm) were significant predictive factors for neoplastic GB polyps. GB polyps less than 10 mm in diameter do not require surgical intervention simply because they grow.,"The growth rate of a gallbladder polyp can be a suggestive factor, but it is not definitive, as other factors influence neoplastic potential. Further investigation, such as biopsy, is needed for a definitive diagnosis."
PQ_0181,Are performance measurement systems useful?,"This study contributes to the literature investigating the design and implementation of a non-financial measurement tool, such as the non-financial information included into a balanced scorecard (BSC), in health care organizations. Managers in health care organizations can benefit from the strategic use of PMS to effectively allocate their time to strategic opportunities and threats, which might arise and affect organizational, output-related performance, such as improving processes.","Yes, performance measurement systems are useful for tracking progress, identifying areas for improvement, and ensuring accountability in biomedical research."
PQ_0182,Does para-cervical block offer additional advantages in abortion induction with gemeprost in the 2nd trimester?,Paracervical anaesthesia is a method for analgesia during second trimester abortion with a low rate of side effects. It can shorten the duration of last period of second trimester abortion in some cases but has no impact on the perception of pain nor requirement of analgesics and so with only limited benefit in second trimester abortion with vaginal gemeprost.,There is limited evidence to suggest that para-cervical block offers additional advantages in abortion induction with gemeprost for second-trimester abortions.
PQ_0183,Does insulin resistance drive the association between hyperglycemia and cardiovascular risk?,"The association between plasma glucose levels and CVD risk is mainly explained by insulin resistance, which raises the question of whether glucose lowering per se without changes in the processes that underlie hyperglycemia should be the sole clinical paradigm in the treatment of type 2 diabetes or its prevention.","Yes, insulin resistance is a key factor linking hyperglycemia to increased cardiovascular risk."
PQ_0184,Are there risk factors that increase the rate of staple line leakage in patients undergoing primary sleeve gastrectomy for morbid obesity?,"The results of the current study demonstrated that there are factors that increase the risk of a leakage which would enable surgeons to define risk groups, to more carefully select patients, and to offer a closer follow-up during the postoperative course with early recognition and adequate treatment. All future efforts should be focused on a further reduction of serious complications to make the LSG a widely accepted and safer procedure.","Yes, risk factors for staple line leakage in primary sleeve gastrectomy include excessive tissue weight, inadequate staple line closure, and improper staple placement."
PQ_0185,Chronic functional somatic symptoms: a single syndrome?,"Patients with chronic functional somatic symptoms have a great diversity of functional somatic symptoms. They use more somatic and psychotropic drugs than controls in the years before diagnosis. Moreover, they show high rates of referrals and psychiatric morbidity. The diversity of symptoms of patients with chronic functional somatic symptoms supports the concept that symptoms do not cluster in well defined distinct syndromes. Therefore, patients with chronic functional somatic symptoms should preferably not be classified into medical subspecialty syndromes.","Yes, the question of whether chronic functional somatic symptoms represent a single syndrome is actively debated, with evidence suggesting they may indeed be a unified entity. However, the existence of distinct subtypes and variations warrants further research to fully understand the underlying mechanisms."
PQ_0186,"Actinobaculum schaalii, a cause of urinary tract infections in children?","Actinobaculum schaalii is CO(2)-dependent. Therefore, if there are clinical symptoms and/or a negative culture despite the presence of leucocytes in the urine, Gram staining and incubation in 5% CO(2) or species-specific real-time PCR should be performed to identify A. schaalii.","Yes, Actinobaculum schaalii is a known cause of urinary tract infections (UTIs) in children."
PQ_0187,Prevalence of chronic conditions among Medicare Part A beneficiaries in 2008 and 2010: are Medicare beneficiaries getting sicker?,Analyzing the prevalence of 11 chronic conditions by using Medicare claims data provides a monitoring tool that can guide health care providers and policy makers in devising strategies to address chronic conditions and rising health care costs.,"The prevalence of chronic conditions among Medicare Part A beneficiaries increased from 2008 to 2010, suggesting an aging and potentially sicker population."
PQ_0188,Does successful completion of the Perinatal Education Programme result in improved obstetric practice?,Completion of the obstetric manual of the PEP improved the knowledge of the midwives but no alteration in practice was detected.,"Yes, studies suggest that successful completion of a Perinatal Education Programme can lead to improved obstetric practice."
PQ_0189,Do patients with localized prostate cancer treatment really want more aggressive treatment?,"Most patients with localized prostate cancer prefer the lower radiation dose. Our findings indicate that many patients attach more weight to specific quality-of-life aspects (eg, GI toxicity) than to improving survival. Treatment preferences of patients with localized prostate cancer can and should be involved in radiotherapy decision making.","Studies indicate that patients with localized prostate cancer often prefer more aggressive treatment options, such as radical prostatectomy, to minimize the risk of recurrence and potential for cure. However, these preferences are often balanced against factors like age, comorbidities, and patient-reported outcomes."
PQ_0190,Does music influence stress in mechanically ventilated patients?,"While music did not significantly reduce cortisol, less profound spikes in UFC levels were observed but that, given the limitations of the research, this observation could have occurred merely by chance.","Yes, music can influence stress levels in mechanically ventilated patients. Studies suggest that music interventions may reduce physiological and psychological stress."
PQ_0191,Does reducing spasticity translate into functional benefit?,"Using a targeted meta-analytic approach, it is possible to demonstrate that reducing spasticity in the arm is associated with a significant improvement in arm function.","Yes, reducing spasticity can lead to improved function and quality of life."
PQ_0192,Is the holmium:YAG laser the best intracorporeal lithotripter for the ureter?,"The Holmium:YAG laser is an ideal intracorporeal lithotripter for ureteral calculi, with a high success rate and low morbidity.","The holmium:YAG laser is a widely used and effective intracorporeal lithotripter for the ureter. While other technologies exist, the holmium:YAG laser offers a balance of efficacy, safety, and accessibility."
PQ_0193,Metered-dose inhalers. Do health care providers know what to teach?,"This study confirms that a large percentage of patients use metered-dose inhalers improperly. It also demonstrates a significant lack of understanding by health care providers of the proper use of metered-dose inhalers. Furthermore, this study supports the use of respiratory care practitioners in the outpatient setting, since they were the most proficient among all the health care providers in the proper use of metered-dose inhalers.","Healthcare providers need comprehensive training on proper meter-dose inhaler technique, including inhalation timing, dosage adjustments, and troubleshooting common issues."
PQ_0194,Does the bracket-ligature combination affect the amount of orthodontic space closure over three months?,The hypothesis that reducing friction by modifying the bracket/ligature interface increases the rate of space closure was not supported. The major determinant of orthodontic tooth movement is probably the individual patient response.,The bracket-ligature combination does not significantly affect orthodontic space closure over three months.
PQ_0195,Health habits and vaccination status of Lebanese residents: are future doctors applying the rules of prevention?,This study showed that our residents did not always have a healthy lifestyle especially when it comes to physical activity and eating habits. They also lacked an adequate vaccination. Interventions should take place in order to promote healthy life style and to improve their vaccination status.,"The study examined health habits and vaccination status among Lebanese residents, focusing on whether future doctors adhered to preventive measures."
PQ_0196,Does vaginal intraepithelial neoplasia have the same evolution as cervical intraepithelial neoplasia?,"These data suggest that CIN and VAIN may have some common features in certain cases, i.e., if an HPV infection is proved.","Yes, vaginal intraepithelial neoplasia (VAIN) and cervical intraepithelial neoplasia (CIN) share the same evolution and progression, with VAIN being a precursor to CIN."
PQ_0197,Should general practitioners call patients by their first names?,"General practitioners should consider using patients' first names more often, particularly with younger patients.","It's generally considered more personal and approachable to use a patient's first name, but it's crucial to maintain professional boundaries and avoid any inappropriate familiarity."
PQ_0198,Transesophageal echocardiographic assessment of left ventricular function in brain-dead patients: are marginally acceptable hearts suitable for transplantation?,"TEE is useful to assess left ventricular function in potential brain-dead donors. An FAC less than 50% is present in 36% of potential heart donors. Because left ventricular dysfunction is often reversible shortly after transplantation, an FAC below 50% may not necessarily preclude the use of hearts for transplantation.","This study investigates the feasibility of using transesophageal echocardiography (TEE) to assess left ventricular (LV) function in brain-dead donors and whether such hearts could be considered for transplantation. The study aims to determine if TEE provides reliable LV function data in this setting, paving the way for potential utilization of these hearts."
PQ_0199,Attenuation of ischemia/reperfusion-induced ovarian damage in rats: does edaravone offer protection?,These results indicate that prophylactic treatment with edaravone prevents I/R-induced ovarian damage during pneumoperitoneum in an experimental rat model.,"Edaravone reduces ischemia/reperfusion-induced ovarian damage in rats, suggesting its potential as a neuroprotective agent. Further research is needed to confirm these findings and explore its therapeutic efficacy."
PQ_0200,Does the National Institutes of Health Stroke Scale favor left hemisphere strokes?,"For a given NIHSS score, the median volume of right hemisphere strokes is consistently larger than the median volume of left hemisphere strokes. The clinical implications of our finding need further exploration.","The NIH Stroke Scale (NIHSS) is not inherently biased towards left hemisphere strokes. The NIHSS evaluates a broad range of neurological deficits, and the distribution of deficits can vary depending on the stroke location and severity."
PQ_0201,Can a Novel Surgical Approach to the Temporomandibular Joint Improve Access and Reduce Complications?,The VMPA can provide direct access and favorable visibility to the TMJ region and yield good esthetic and functional results. The VMPA can be considered the approach of choice for common TMJ surgeries.,The potential of a novel surgical approach to the temporomandibular joint to enhance access and minimize complications is under investigation. Further research is needed to determine the efficacy and safety of this approach.
PQ_0202,"Young-Burgess classification of pelvic ring fractures: does it predict mortality, transfusion requirements, and non-orthopaedic injuries?","The Young-Burgess system is useful for predicting transfusion requirements. For the system to predict mortality or nonorthopaedic injuries, fractures must be divided into stable (APC1, LC1) and unstable (APC2, APC3, LC2, LC3, VS, combined mechanism of injury) types. LC1 injuries are very common and not always benign (overall mortality rate, 8.2%).","The Young-Burgess classification of pelvic ring fractures is a well-established system for categorizing these injuries, and research suggests it can predict mortality, transfusion needs, and the presence of non-orthopaedic complications."
PQ_0203,Is vitamin D deficiency a feature of pediatric celiac disease?,Our data showed no difference in 25(OH) D levels between normal children and those with CD when adjusted for body mass index.,"Yes, vitamin D deficiency is commonly observed in children with celiac disease."
PQ_0204,Is unsafe sexual behaviour increasing among HIV-infected individuals?,"There was no evidence of a trend in unsafe sex behaviour over time. However, several subgroups were identified as being more likely to report unsafe sex and should be targeted for specific interventions.",There is no evidence that unsafe sexual behavior is increasing among HIV-infected individuals.
PQ_0205,Cholestasis associated with small bowel atresia: do we always need to investigate?,Small bowel atresia is frequently associated with postoperative cholestasis that will resolve with time. We recommend a more selective and expectant approach to SBA-associated cholestasis to minimize unnecessary investigations.,"No, cholestasis associated with small bowel atresia does not always require investigation. The investigation should be guided by the clinical context and the presence of other symptoms."
PQ_0206,Are financial incentives cost-effective to support smoking cessation during pregnancy?,"Financial incentives for smoking cessation in pregnancy are highly cost-effective, with an incremental cost per quality-adjusted life years of £482, which is well below recommended decision thresholds.","The effectiveness of financial incentives for smoking cessation during pregnancy is a complex issue with mixed results, and more research is needed to determine their long-term cost-effectiveness."
PQ_0207,Can medical students contribute to quality assurance programmes in day surgery?,"Our study confirms that students are able to identify QA issues and propose solutions. We recommend that students have a formally recognized place in day surgery QA programmes, to close the QA loop and to adequately prepare them for medical practice in the 21st century.","Yes, medical students can contribute to quality assurance programs in day surgery, assisting with data collection, chart reviews, and basic quality improvement initiatives under supervision."
PQ_0208,Measurement of head and neck paragangliomas: is volumetric analysis worth the effort?,"Due to a relatively good reproducibility, fast and easy application, we found the linear dimension method to be the most pragmatic approach for evaluation of growth of carotid and vagal body paragangliomas. For jugulotympanic tumours, the preferred method is manual area tracing. However, volumetric changes of these tumours may be of less clinical importance than changes in relation to surrounding anatomical structures.","Volumetric analysis of head and neck paragangliomas has shown promise for predicting recurrence and survival, but its widespread adoption requires further validation and standardization. While potentially valuable, it's important to consider the cost-effectiveness and clinical utility of this technique."
PQ_0209,Three-dimensional ultrasound-validated large-core needle biopsy: is it a reliable method for the histological assessment of breast lesions?,"3D ultrasound validation of the postfiring needle position is an efficient adjunct to ultrasound-guided LCNB. The advantages of 3D ultrasound validation are likely to include a reduction in the number of core samples needed to achieve a reliable histological diagnosis (and a possible reduction in the risk of tumor cell displacement), reduced procedure time and lower costs.","Yes, three-dimensional ultrasound-validated large-core needle biopsy is a reliable method for histological assessment of breast lesions. It provides a more complete and accurate sample compared to traditional core needle biopsy."
PQ_0210,Can bone thickness and inter-radicular space affect miniscrew placement in posterior mandibular sites?,"The results of this study suggest that the safest areas for the placement of miniscrews are between the first and second premolars and between the first and second molars, regardless of the angle of insertion.","Yes, bone thickness and inter-radicular space significantly influence miniscrew placement success in posterior mandibular sites."
PQ_0211,Do general practice selection scores predict success at MRCGP?,The general practice selection process is predictive of future performance in the MRCGP.,"Yes, general practice selection scores are a significant predictor of success at the MRCGP examination."
PQ_0212,The Deformity Angular Ratio: Does It Correlate With High-Risk Cases for Potential Spinal Cord Monitoring Alerts in Pediatric 3-Column Thoracic Spinal Deformity Corrective Surgery?,"In patients undergoing 3-column osteotomies for severe spinal deformities, the DAR was predictive of patients developing intraoperative motor evoked potential alerts. Identifying accurate radiographical, patient, and procedural risk factors in the correction of severe deformities can help prepare the surgical team to improve safety and outcomes when carrying out complex spinal corrections.","The Deformity Angular Ratio (DAR) could potentially serve as a predictor of high-risk cases in pediatric thoracic spinal deformity surgery, warranting closer investigation. Further research is needed to validate the correlation between DAR and outcomes in these patients."
PQ_0213,Does age moderate the effect of personality disorder on coping style in psychiatric inpatients?,This study found that influences on coping were multifactorial and moderated by age. These factors have implications for interventions designed to enhance coping strategies.,"Yes, age likely moderates the relationship between personality disorder and coping style in psychiatric inpatients."
PQ_0214,Autoxidation products of both carbohydrates and lipids are increased in uremic plasma: is there oxidative stress in uremia?,"These data suggest that the increased levels of AGEs in blood, and probably in tissues, reported in uremia implicate a broad derangement in non-enzymatic biochemistry involving alterations in autoxidation of both carbohydrates and lipids.","Yes, oxidative stress is present in uremia due to increased autoxidation products of both carbohydrates and lipids in the plasma."
PQ_0215,Can 'high-risk' human papillomaviruses (HPVs) be detected in human breast milk?,This preliminary case-control study indicates the absence of mucosal 'high-risk' HPV types in human breast milk.,"Yes, high-risk HPVs can be detected in human breast milk."
PQ_0216,Quaternary cytoreductive surgery in ovarian cancer: does surgical effort still matter?,"Even in this highly advanced setting of the third EOC relapse, maximal therapeutic effort combining optimal surgery and chemotherapy appear to significantly prolong survival in a selected patients 'group'.",The impact of surgical effort on outcomes in quaternary cytoreductive surgery for ovarian cancer remains a complex and debated topic. Further research is needed to clarify the optimal surgical approach and its contribution to long-term survival.
PQ_0217,Chemotherapy and survival in advanced non-small cell lung carcinoma: is pneumologists' skepticism justified?,"In normal clinical practice, chemotherapy significantly prolongs survival in patients with performance status of less than 2, more time being gained if there is no associated weight loss. We conclude that the reluctance shown by many pneumologists toward using this treatment is not entirely justified.",The study investigates the effectiveness of chemotherapy in advanced non-small cell lung carcinoma (NSCLC) and whether pneumologists' skepticism about its benefit is warranted. The research aims to clarify the role of chemotherapy in this specific context.
PQ_0218,Does topical ropivacaine reduce the post-tonsillectomy morbidity in pediatric patients?,"Locally 1.0% ropivacaine administration significantly relieves the pain of pediatric tonsillectomy and, it is a safe and effective method. High concentrations of ropivaciane may produce clinically significant pain relief. It is more effective to reduce of post-operative analgesic requirement after first hour.",The evidence suggests that topical ropivacaine may reduce post-tonsillectomy pain and improve patient outcomes in pediatric patients.
PQ_0219,Is pain a clinically relevant problem in general adult psychiatry?,We found evidence that pain can be a significant clinical problem in psychiatric patients which seems to be underestimated in psychiatry. The investigated patients in general adult psychiatry are characterized by specific risk factors different from clinical subpopulations of other disciplines.,"Yes, pain is a clinically relevant problem in general adult psychiatry."
PQ_0220,Does concomitant anterior/apical repair during midurethral sling improve the overactive bladder component of mixed incontinence?,"In women with bothersome MUI, concomitant AA repair does not result in additional improvement in OAB symptoms over MUS alone. Patients with postoperative complications exhibit less improvement in OAB symptoms.","Yes, studies show that concomitant anterior/apical repair during midurethral sling surgery can improve the overactive bladder component of mixed incontinence."
PQ_0221,Does the use of atypical antipsychotics as adjunctive therapy in depression result in cost savings?,The results show no evidence that AAPs used as second-line treatment for depression results in overall cost savings or lower inpatient and ED visits compared to other treatment strategies.,"The evidence on whether atypical antipsychotics as adjunctive therapy in depression lead to cost savings is inconclusive and requires further research. Some studies suggest potential cost savings, while others indicate no significant difference or even increased costs."
PQ_0222,Can patients be anticoagulated after intracerebral hemorrhage?,"Survivors of lobar ICH with atrial fibrillation should not be offered long-term anticoagulation. Similarly, most patients with deep hemispheric ICH and atrial fibrillation should not receive anticoagulant therapy. However, patients with deep hemispheric ICH at particularly high risk for thromboembolic stroke or low risk of ICH recurrence might benefit from long-term anticoagulation.","Anticoagulation after intracerebral hemorrhage is a complex decision and depends on the patient's specific situation, including the cause of the hemorrhage, severity, and presence of complications. It is generally avoided in the acute phase, but may be considered later in certain cases under close monitoring."
PQ_0223,Diagnostic and therapeutic ureteroscopy: is dilatation of ureteral meatus always necessary?,"In selected cases, ureteroscopy may be performed without ureteral meatus dilatation with success and morbidity rates similar to when the procedure is performed with meatal dilatation.","No, dilatation of the ureteral meatus is not always necessary for ureteroscopy. It is performed when the meatus is narrow or obstructed, and is not always required for successful access."
PQ_0224,Does managed care enable more low income persons to identify a usual source of care?,"Having a usual physician can be an effective tool in improving access to care for low-income populations, although it is most effective when combined with insurance coverage. However, the effectiveness of managed care in linking more low-income persons to a medical home is uncertain, and may have unintended consequences for uninsured persons.","Yes, managed care can potentially improve identification of a usual source of care for low-income individuals by providing a single point of access and potentially streamlining the process."
PQ_0225,"Knee extensor strength, dynamic stability, and functional ambulation: are they related in Parkinson's disease?","These findings suggest a malleable relationship between knee extensor strength, dynamic stability, and disease severity in PD. Although strength is only one piece of the puzzle in the functional outcome of PD, these findings may assist clinicians in designing appropriate interventions aimed at increasing function and decreasing fall risk in PD.","Yes, there is likely a relationship between knee extensor strength, dynamic stability, and functional ambulation in Parkinson's disease. Impaired knee extensor strength and dynamic stability can negatively affect functional ambulation."
PQ_0226,"Is distance to provider a barrier to care for medicaid patients with breast, colorectal, or lung cancer?","Although travel burden is associated with timely diagnosis and treatment for some types of cancer, we did not find evidence that driving time was, in general, better at predicting timeliness of cancer diagnosis and treatment than driving distance. More intensive efforts at early detection of breast cancer and early treatment of CRC for Medicaid patients who live in remote areas may be needed.","Yes, distance to provider is a significant barrier to care for Medicaid patients with breast, colorectal, or lung cancer."
PQ_0227,Can folic acid protect against congenital heart defects in Down syndrome?,Our study does not show a protective effect of FA on heart anomalies among infants with DS.,"Yes, folic acid supplementation during pregnancy is recommended for women with Down syndrome to reduce the risk of congenital heart defects."
PQ_0228,Are there mental health differences between francophone and non-francophone populations in manitoba?,The discrepancy in how Francophones view their mental health and their rates of diagnosed mental disorders may be related to health seeking behaviours in the Francophone population. Community and government agencies should try to improve the mental health of this population through mental health promotion and by addressing language and cultural barriers to health services.,There is limited research directly examining mental health disparities specifically between francophone and non-francophone populations in Manitoba. More data is needed to determine if such differences exist.
PQ_0229,Does type 1 diabetes mellitus affect Achilles tendon response to a 10 km run?,"Active individuals with T1DM do not have a heightened Achilles tendon response to load, which suggests no increased risk of tendon injury. We cannot extrapolate these findings to sedentary individuals with T1DM.","Yes, type 1 diabetes mellitus may affect Achilles tendon response to a 10 km run, potentially through mechanisms like altered biomechanics and inflammation."
PQ_0230,Fragility of the esophageal mucosa: a pathognomonic endoscopic sign of primary eosinophilic esophagitis?,"Primary eosinophilic esophagitis is characterized by fragile esophageal mucosa that readily tears in response to minor trauma during otherwise uneventful diagnostic endoscopy. This ""crêpe-paper"" sign may alert endoscopists to the presence of the disease when other mucosal alterations are lacking. Dilation is effective for patients with symptoms with minimal morbidity, despite development of disquieting lesions in response to the procedure.","Yes, the presence of esophageal fragility, particularly linear furrows or punched-out defects, is a characteristic endoscopic finding in primary eosinophilic esophagitis."
PQ_0231,Does cup-cage reconstruction with oversized cups provide initial stability in THA for osteoporotic acetabular fractures?,"The majority of acetabular components in this cohort were stable despite the small contact surface achieved between the component and pelvic bone. Three of 10 migrated in excess of the limits that predict later loosening in primary THA but it remains to be seen whether these limits apply to this selected group of frail osteoporotic patients. We continue to use this technique routinely to treat patients with the same indications, but since the analysis of these data we have added screw fixation of the acetabular component to the ischial tuberosity and the superior pubic ramus.","Yes, cup-cage reconstruction with oversized cups can provide initial stability for THA in osteoporotic acetabular fractures."
PQ_0232,Pulmonary valve replacement in adults late after repair of tetralogy of fallot: are we operating too late?,"Right ventricular recovery following PVR for chronic significant pulmonary regurgitation after repair of TOF may be compromised in the adult population. In order to maintain adequate RV contractility, pulmonary valve implant in these patients should be considered before RV function deteriorates.",This question explores the potential benefits and risks of pulmonary valve replacement in adults who have previously had Tetralogy of Fallot (TOF) repaired. It raises the possibility that waiting too long for such a procedure could negatively impact patient outcomes.
PQ_0233,Xanthogranulomatous cholecystitis: a premalignant condition?,"The expression of p53, PCNA and beta-catenin in XGC was significantly different from GBC and similar to chronic cholecystitis, thus indicating the inflammatory nature of XGC and may not support a premalignant nature of the lesion.","Xanthogranulomatous cholecystitis is a chronic inflammatory condition of the gallbladder with lipid-laden macrophages and granulomatous inflammation, and it is considered a premalignant condition due to its potential to progress to gallbladder cancer."
PQ_0234,Does TDP-43 type confer a distinct pattern of atrophy in frontotemporal lobar degeneration?,"Although there are different patterns of atrophy across the different FTLD-TDP types, it appears that genetic and pathologic factors may also affect the patterns of atrophy.","Yes, TDP-43 pathology, especially in the frontotemporal lobes, is strongly associated with a specific pattern of atrophy. This pattern includes prominent atrophy of the frontal and temporal cortices, often with associated neuronal loss and gliosis."
PQ_0235,Is oncoplastic surgery a contraindication for accelerated partial breast radiation using the interstitial multicatheter brachytherapy method?,"These preliminary results suggest the feasibility of multicatheter APBI after oncoplastic breast-conserving surgery in selected low-risk breast cancer patients; however, special attention to target volume definition is needed. Further prospective investigations with long follow-up are needed to define the real value of the procedure.","No, oncoplastic surgery is not a contraindication for accelerated partial breast radiation using the interstitial multicatheter brachytherapy method."
PQ_0236,"Diagnostic characteristics of child bipolar I disorder: does the ""Treatment of Early Age Mania (team)"" sample generalize?","Generalization of the RCT sample was supported, because only 7.8% of Phenomenology subjects did not fit the RCT criteria. Nevertheless, because the RCT subjects were more severely ill, it is unclear if treatment findings from the RCT will be applicable to children with less severe mania.","The ""Treatment of Early Age Mania (team)"" sample may not fully generalize to child bipolar I disorder due to its specific focus on early-onset mania treatment. Further research is needed to determine the generalizability of findings."
PQ_0237,Estimation of basal metabolic rate in Chinese: are the current prediction equations applicable?,"To date, the newly developed Singapore equation is the most accurate BMR prediction equation in Chinese and is applicable for use in a large BMI range including those overweight and obese.",The applicability of current prediction equations for basal metabolic rate in Chinese individuals needs further investigation. More research is required to determine if these equations accurately reflect the metabolic differences in this population.
PQ_0238,Does rugby headgear prevent concussion?,"Although most players in the study believe that rugby headgear may prevent concussion, only a minority reported wearing it. Coaches tended to be less convinced than the players that rugby headgear can prevent concussion.","No, rugby headgear does not prevent concussion."
PQ_0239,Spinal subdural hematoma: a sequela of a ruptured intracranial aneurysm?,"Although the exact mechanism of SSDH in this case is unclear, we speculate that this SSDH was a hematoma that migrated from the intracranial subdural space. Low CSF pressure because of continuous drainage and intrathecal thrombolytic therapy may have played an important role in the migration of the hematoma through the spinal canal. It is important to recognize the SSDH as a possible complication of the SAH accompanied with intracranial subdural hematoma.","Yes, a spinal subdural hematoma can be a sequela of a ruptured intracranial aneurysm, although it is less common than a spinal epidural hematoma."
PQ_0240,Can shape analysis differentiate free-floating internal carotid artery thrombus from atherosclerotic plaque in patients evaluated with CTA for stroke or transient ischemic attack?,"We identified five quantitative shape descriptors of carotid FFT. This shape ""signature"" shows potential for supplementing conventional lesion characterization in cases of suspected FFT.","Yes, shape analysis can differentiate free-floating internal carotid artery thrombus from atherosclerotic plaque in patients evaluated with CTA for stroke or transient ischemic attack."
PQ_0241,Dementia and aphasia in motor neuron disease: an underrecognised association?,"The prevalence of cognitive impairment in MND in this population based study of an unselected cohort was higher than has been previously reported. Language deficits, especially anomia, may be relatively frequent in the MND population. Aphasia in MND may be masked by dysarthria and missed if not specifically examined.","Yes, there is a potential association between dementia, aphasia, and motor neuron disease, though it's not widely recognized. Further research is needed to fully understand this link and develop effective strategies for diagnosis and treatment."
PQ_0242,Does solid culture for tuberculosis influence clinical decision making in India?,"Using solid culture, 150 cultures need to be tested for one treatment modification and 30 for DST. The cost of the widespread application of culture will need to be balanced against its impact on treatment decisions in India.",The impact of solid culture on clinical decision-making in India for tuberculosis is not well-documented in the literature.
PQ_0243,Diffusion-weighted echo-planar MR imaging of primary parotid gland tumors: is a prediction of different histologic subtypes possible?,"epiDWI has the potential to differentiate pleomorphic adenoma and myoepithelial adenomas from all other examined entities. Due to an overlap not only within the group of benign and malignant lesions but also between groups, diagnoses should not be addressed on the basis of ADC values solely. Therefore, further studies combining DWI, morphologic criteria, and probably other MR imaging techniques seem warranted.","Yes, diffusion-weighted echo-planar MR imaging can potentially predict different histologic subtypes of primary parotid gland tumors. This is due to the varying diffusion characteristics associated with different tumor types."
PQ_0244,Is there a role for endothelin-1 in the hemodynamic changes during hemodialysis?,Altered ET-1 levels may be involved in the pathogenesis of rebound hypertension and hypotension during HD.,"Yes, endothelin-1 (ET-1) is a potent vasoconstrictor and may contribute to hemodynamic changes during hemodialysis by causing vasoconstriction."
PQ_0245,Do risk factors for suicidal behavior differ by affective disorder polarity?,Bipolarity does not independently influence risk of suicidal behavior or alter the influence of well-established suicide risk factors within affective disorders. Suicide risk assessment strategies may continue to appraise these common risk factors without regard to mood polarity.,"Yes, risk factors for suicidal behavior can differ by the polarity of the affective disorder (e.g., bipolar disorder vs. unipolar depression)."
PQ_0246,Multidisciplinary breast cancer clinics. Do they work?,"Although planning and operating a multidisciplinary clinic is not a new venture, to the best of the authors' knowledge, they have provided the first report demonstrating the benefits described above.","Yes, multidisciplinary breast cancer clinics have been shown to improve outcomes for patients with breast cancer."
PQ_0247,Is the international normalised ratio (INR) reliable?,"No technical problems associated with INR testing within primary care were uncovered. Discrepant INR results are as problematic in hospital settings as they are in primary care. These data highlight the failings of the INR to standardise when different techniques and reagents are used, an issue which needs to be resolved. For primary care to become more involved in therapeutic oral anticoagulation monitoring, close links are needed between hospital laboratories and practices, particularly with regard to training and quality assurance.","Yes, the INR is a reliable test for monitoring the effectiveness of warfarin therapy."
PQ_0248,"Are there associations of health status, disease activity and damage in SLE patients?","The present study, which is based on internationally accepted assessment tools for SLE patients, shows a significant relationship between increased disease activity and reduced physical function. This result emphasizes the importance of optimizing treatment aiming at reducing disease activity.","Yes, there are well-established associations between health status, disease activity, and damage in Systemic Lupus Erythematosus (SLE) patients. These associations are crucial for diagnosis, prognosis, and treatment planning."
PQ_0249,PSA repeatedly fluctuating levels are reassuring enough to avoid biopsy?,"Our study demonstrates no difference in PC detection rate at repeat biopsy between patients with flu or si-PSA levels. PSA Slope, PSAV and PSADT were not found helpful tools in cancer detection.","PSA levels fluctuate, and a single elevated reading is not always indicative of prostate cancer. Further evaluation, like a biopsy, may be necessary depending on the overall clinical picture and individual risk factors."
PQ_0250,Is zero central line-associated bloodstream infection rate sustainable?,"High-quality training, strict compliance with evidence-based guidelines, and thorough documentation is associated with significant reductions in CLABSIs. Mindful organizing may lead to a better understanding of what goes into a unit's ability to handle peak demands and sustain extraordinary performance in the long-term.","No, a zero central line-associated bloodstream infection (CLABSI) rate is not sustainable in the long term."
PQ_0251,"Is gastric electrical stimulation superior to standard pharmacologic therapy in improving GI symptoms, healthcare resources, and long-term health care benefits?","We conclude that GES is more effective in improving long-term GI symptoms and costs, and decreasing use of healthcare resources than intensive medical therapy, in this sample of patients with the symptoms of GP followed for 3 years. Certain patients with GP form a high-risk group in terms of costs, quality of life, morbidity and mortality.","The evidence suggests that gastric electrical stimulation may offer benefits over standard pharmacologic therapy for certain GI symptoms, potentially leading to improved healthcare resource utilization and long-term health outcomes. More research is needed to fully determine the comparative efficacy and cost-effectiveness."
PQ_0252,Should pulp chamber pulpotomy be seen as a permanent treatment?,"Under the conditions of this study, pulpotomy offered a viable alternative to root canal treatment for teeth with vital pulps in the short term. However, there is insufficient clinical evidence to consider this technique for the treatment of every permanent tooth. Nevertheless, it should be considered as a potential alternative approach to be further developed for future applications.","No, pulp chamber pulpotomy is not considered a permanent treatment. It is a temporary measure to salvage the tooth, with the goal of allowing the remaining pulp to heal and potentially regenerate."
PQ_0253,Does transverse apex coincide with coronal apex levels (regional or global) in adolescent idiopathic scoliosis?,This study demonstrated that the regional or global apex of a given curve is the most rotated level in only a minority of the curves. The most rotated level may be as far as two levels from the global apex and one level from the regional apex.,The transverse apex of the vertebral body and the coronal apex of the vertebral body typically align in adolescent idiopathic scoliosis.
PQ_0254,Does the Child Health Computing System adequately identify children with cerebral palsy?,"Unless improvements are made in case ascertainment, case validation and recording activities, the evidence suggests that the CHCS will not be able to provide the same quality of information for needs assessment and surveillance of very low birthweight infants in relation to cerebral palsy as is provided by a specialist case register.","The Child Health Computing System's accuracy in identifying children with cerebral palsy varies depending on the specific system, data quality, and diagnostic criteria used. Further research is needed to assess its overall effectiveness and identify areas for improvement."
PQ_0255,Are we seeing the effects of public awareness campaigns?,The proportion of thin 0-1 mm melanomas presenting in South West England has significantly increased from 2003 to 2012. There is no significant change in the thick>4 mm melanomas. This may be a result of increased public awareness due to effective public health campaigns which has significant prognostic and financial implications.,"It's difficult to definitively say without controlled experiments, but preliminary data suggests a possible correlation between increased public awareness and changes in behavior. Further research is needed to confirm this link."
PQ_0256,Is breast cancer prognosis inherited?,Breast cancer prognosis of a woman predicts the survival in her first-degree relatives with breast cancer. Our novel findings suggest that breast cancer prognosis might be inherited.,"Yes, some breast cancer risk is inherited due to genetic mutations."
PQ_0257,Does nuchal translucency thickness in the first trimester predict GDM onset during pregnancy?,"NT thickness does not show a significative increase in those women who subsequently develop GDM. Therefore, NT assessment does not prove to be an useful ultrasound parameter for predicting GDM onset during pregnancy.","Yes, increased nuchal translucency thickness in the first trimester is associated with an increased risk of gestational diabetes mellitus (GDM) onset during pregnancy."
PQ_0258,Are the arginine vasopressin V1a receptor microsatellites related to hypersexuality in children with a prepubertal and early adolescent bipolar disorder phenotype?,Preferential transmission of AVPR1A to hypersexual or uninhibited people-seeking probands was not supported.,"The study suggests that V1a receptor microsatellites may be related to hypersexuality in children with a prepubertal and early adolescent bipolar disorder phenotype, but further research is needed to confirm this association."
PQ_0259,Stage I non-small cell lung carcinoma: really an early stage?,"Despite advances in early diagnosis and surgical technique, 5-year survival of stage I non-small cell lung carcinoma remains low as compared to survival of other solid organ neoplasm. Tumour size<or=3cm, adenocarcinoma histologic type and negative bronchial resection margins were associated with a more favourable outcome in our patient population. More effective multimodality treatments are needed to increase survival rates.","Yes, Stage I non-small cell lung carcinoma is considered an early stage of lung cancer."
PQ_0260,Does Residency Selection Criteria Predict Performance in Orthopaedic Surgery Residency?,"We found that USMLE Step 2, number of honors in medical school clerkships, and AOA membership demonstrated the strongest correlations with resident performance. Our goal in analyzing these data was to provide residency programs at large a sense of which criteria may be ""high yield"" in ranking applicants by analyzing data from within our own pool of residents. Similar studies across a broader scope of programs are warranted to confirm applicability of our findings. The continually emerging complexities of the field of orthopaedic surgery lend increasing importance to future work on the appropriate selection and training of orthopaedic residents.","Yes, residency selection criteria, such as GPA, MCAT scores, and extracurricular activities, are often associated with a resident's performance in orthopaedic surgery residency. These factors can influence factors like board scores, surgical skills, and overall career success."
PQ_0261,Optimism and survival: does an optimistic outlook predict better survival at advanced ages?,An optimistic outlook appears to be a significant predictor of survival among the oldest-old women. It may also be a significant predictor for men but the sample size is small.,"Yes, studies suggest a positive correlation between optimism and increased survival rates in older adults. Optimism may buffer against the negative effects of stressors and promote healthier behaviors, leading to better outcomes."
PQ_0262,Is it better to be big?,"The employees believe the merger has neither generated economy of scale advantages nor substantial quality improvement. Instead, it seems more rewarding to promote cross-functional collaboration together with clinical specialisation. Needs for both integration and differentiation could thereby be fulfilled.","Being ""big"" is not necessarily better, as it can be associated with increased health risks and a shorter lifespan."
PQ_0263,Is arch form influenced by sagittal molar relationship or Bolton tooth-size discrepancy?,"Arch form in a Saudi patient group is independent of gender, sagittal molar relationship, and Bolton discrepancy.","Yes, arch form is influenced by both sagittal molar relationship and Bolton tooth size discrepancy."
PQ_0264,Cold knife conization vs. LEEP. Are they the same procedure?,"In a prospective evaluation, cold knife cone specimens were 50% longer and 100% heavier than LEEP specimens.","No, cold knife conization and LEEP (LEAP) are different procedures. Cold knife conization involves removing tissue with a cold knife, while LEEP uses a laser."
PQ_0265,Are pectins involved in cold acclimation and de-acclimation of winter oil-seed rape plants?,"The results show that the temperature-dependent modifications in pectin content and their methyl esterification degree correlate with changes in tensile strength of a leaf tissue, and in this way affect leaf expansion ability and its resistance to freezing and to fungus pathogens.","Yes, pectins play a role in cold acclimation and de-acclimation in winter oil-seed rape plants. They are involved in the modification of cell wall structure during these processes."
PQ_0266,Updating emotional content in working memory: a depression-specific deficit?,"The results indicate that difficulties removing irrelevant material from working memory might be unique to depression, and the ability to inhibit irrelevant information is relatively preserved in social anxiety disorder.",This study investigates whether individuals with depression exhibit a unique deficit in updating emotional content within working memory. The researchers hypothesize that this deficit reflects a core feature of depression and may contribute to the emotional dysregulation observed in this population.
PQ_0267,Does ultrasound imaging before puncture facilitate internal jugular vein cannulation?,"Prepuncture ultrasound evaluation did not improve the result of right internal jugular vein cannulation compared with the respiratory jugular venodilation-guided approach. When the landmark was not observed, however, the prepuncture ultrasound guidance was helpful in facilitating the cannulation.","Yes, ultrasound guidance improves internal jugular vein cannulation success rates."
PQ_0268,Should prostate specific antigen be adjusted for body mass index?,"Consistent with prior studies, we found an inverse relationship between obesity and serum prostate specific antigen. However, the magnitude of the difference was small. Thus, adjusting prostate specific antigen for body mass index does not appear warranted.","Yes, prostate-specific antigen (PSA) should be adjusted for body mass index (BMI) to provide a more accurate assessment of prostate health."
PQ_0269,Does obstructive sleep apnea affect aerobic fitness?,"Overall, in a US Air Force population, OSA does not predict a decrease in aerobic fitness as measured by cycle ergometry. However, patients with an apnea-hypopnea index of greater than 20 have a statistically significant decrease in aerobic fitness compared to the normal population. This study demonstrates the effects of OSA on aerobic fitness. Further correlation of fitness testing results with OSA severity and treatment is needed.","Yes, obstructive sleep apnea (OSA) can negatively impact aerobic fitness, potentially leading to reduced VO2 max and impaired exercise performance."
PQ_0270,The effect of an intracerebroventricular injection of metformin or AICAR on the plasma concentrations of melatonin in the ewe: potential involvement of AMPK?,"Taken together, these results suggest a potential role for AMPK on the secretion of melatonin probably acting trough the paraventricular nucleus and/or directly in the pineal gland. We conclude that AMPK may act as a metabolic cue to modulate the rhythm of melatonin secretion.","Metformin and AICAR can alter melatonin levels in the ewe, potentially via AMPK activation. We need to determine if AMPK plays a role in this modulation."
PQ_0271,Literacy after cerebral hemispherectomy: Can the isolated right hemisphere read?,"When cerebral hemispherectomy is performed to control seizures associated with very early (in utero) insult, it has been found that the remaining right hemisphere is still able to support reading and phonological processing skills that are normally mediated by the left hemisphere. Our results also suggest the existence of variability in individuals after hemispherectomy, even within groups having the same etiology and similar timing of insult.","The isolated right hemisphere can often read, but the ability depends on factors like hemisphere size, the specific tasks involved, and the individual's cognitive abilities."
PQ_0272,Characterization of the gender dimorphism after injury and hemorrhagic shock: are hormonal differences responsible?,The independent protective effect of female gender on multiple organ failure and nosocomial infection rates remains significant in both premenopausal and postmenopausal women when compared with similarly aged men. This is contrary to previous experimental studies and the known physiologic sex hormone changes that occur after menopause in women. These results suggest that factors other than sex hormones may be responsible for gender-based differences after injury.,"The study investigates the impact of injury and hemorrhagic shock on gender-specific physiological responses, with a focus on hormonal influences. The research aims to determine if hormonal disparities between males and females contribute to the observed gender dimorphism in these conditions."
PQ_0273,Can communication with terminally ill patients be taught?,The realized communication skills courses resulted in relevant changes in communication behaviour and self-confidence of participants. Communication with terminally ill patients can be taught.,"Yes, communication skills can be taught and improved through training and practice. Effective communication is crucial for supporting terminally ill patients and their families."
PQ_0274,Delays in time to primary treatment after a diagnosis of breast cancer: does it impact survival?,Time to primary treatment after a diagnosis of breast cancer had no impact on overall survival. Further studies on care before diagnosis are important in drawing up meaningful quality indicators.,"Yes, delays in time to primary treatment after a breast cancer diagnosis are associated with poorer survival outcomes."
PQ_0275,Are increased carotid artery pulsatility and resistance indexes early signs of vascular abnormalities in young obese males?,"Our results suggest that depressed vessel compliance and increased vascular resistance are features of young, obese, normotensive subjects independently of and in addition to cardiovascular risk factors. As changes in arterial wall properties may be incipient in young obese subjects, future studies will be required to demonstrate whether early intervention such as diet and exercise in this population can improve vascular functions.","Yes, increased carotid artery pulsatility and resistance indexes are associated with vascular abnormalities in young obese males."
PQ_0276,Are acceptance rates of a national preventive home visit programme for older people socially imbalanced?,"High socioeconomic status was associated with a higher acceptance rate of preventive home visits, but the association was attenuated by invitational procedures. The results indicate that the social inequality in acceptance of publicly offered preventive services might decrease if municipalities adopt more proactive invitational procedures.","Yes, acceptance rates for national preventive home visit programs for older people are likely socially imbalanced. This is due to factors like socioeconomic status, geographic location, and access to transportation, which disproportionately affect vulnerable populations."
PQ_0277,Does open access publishing increase the impact of scientific articles?,"Open access publishing and the Hirsch index of the first signing author increase the impact of scientific articles. The open access advantage is greater for the more highly cited articles, and appears in the 30-35 months after publication.","Yes, open access publishing can increase the impact of scientific articles by increasing visibility and accessibility."
PQ_0278,In vivo visualization of pyloric mucosal hypertrophy in infants with hypertrophic pyloric stenosis: is there an etiologic role?,"Mucosal redundancy is a constant associated finding in IHPS. Although the origin of the redundancy and a cause-and-effect relationship are difficult to establish, our findings support the hypothesis that hypergastrinemia may be implicated in the pathogenesis of IHPS, and suggest that mucosal thickening could be implicated as one of the initiating factors in its development.",The study investigates whether in vivo visualization of pyloric mucosal hypertrophy in infants with hypertrophic pyloric stenosis (HPS) can reveal underlying etiologic mechanisms. The aim is to understand how the hypertrophy develops and if it's a direct consequence of the disease.
PQ_0279,Does the early adopter of drugs exist?,"Within drug groups, indicators of drug adoption, except for adoption time, correlate reasonably well. However, the theory that physicians' early adoption of new drugs is a personal trait independent of the type of drug could not be confirmed. The notion of the early-drug-adopting general practitioner may be mistaken.","Yes, the early adopter of drugs exists. They are often individuals who are willing to try new medications, sometimes before they are widely available."
PQ_0280,Does high blood pressure reduce the risk of chronic low back pain?,"Results for low back pain are consistent with the theory of hypertension-associated hypalgesia, predicting diminished pain sensitivity with increasing blood pressure, possibly with modified reactions in people suffering from long-lasting pain.","No, high blood pressure is generally associated with a higher risk of chronic low back pain, not a lower risk."
PQ_0281,Does responsibility affect the public's valuation of health care interventions?,"Our results suggest that people do not attach a simple fixed premium to ""safety-related"" interventions but that preferences depend more subtly on context. The use of the results of such public preference surveys to directly inform policy would therefore be premature.","Yes, public perception of health care interventions can be influenced by the perceived responsibility of those involved."
PQ_0282,Nasal fractures:  is closed reduction satisfying?,"Closed reduction is an easy and sufficient treatment for nasal fractures, especially for mild nasal fractures. Early intervention raises the patient satisfaction rate.","Closed reduction can be satisfactory for some nasal fractures, but it's not always ideal, especially for more complex or displaced fractures."
PQ_0283,"Do improvements in outreach, clinical, and family and community-based services predict improvements in child survival?","Our findings support the importance of increasing access to clinical services, certain outreach services and breastfeeding and, in Africa, of improving nutritional status. Integrated programs that emphasize these services may lead to substantial mortality declines.","Yes, improvements in outreach, clinical, and family and community-based services are associated with better child survival outcomes."
PQ_0284,Does spontaneous remission occur in polyarteritis nodosa?,This case illustrates the importance of considering PAN in the differential diagnosis of renal infarction with inflammatory syndrome and shows that spontaneous remission of renal PAN can occur. .,"Yes, spontaneous remission can occur in polyarteritis nodosa."
PQ_0285,Gluten tolerance in adult patients with celiac disease 20 years after diagnosis?,"Development of tolerance to gluten seems possible in some patients with CD. Further follow-up will show whether this tolerance is permanent or only a long-term return to latency. This feature may be associated with genetic characteristics, especially with HLA genotypes that differ from DQ2 or DQ8. More insight into the mechanisms of the development of gluten tolerance may help to distinguish those CD patients that might not require life-long GFD.","Gluten tolerance in adult patients with celiac disease 20 years after diagnosis varies, with some achieving complete tolerance and others remaining symptomatic."
PQ_0286,Do symptoms predict COPD in smokers?,"COPD is underdiagnosed in the United States. Symptoms are frequent in subjects with AO and increase their risk for COPD, but add little beyond age and smoking history to the predictive value of spirometry. In view of the high prevalence of symptoms and their poor predictive value, a simpler and more effective approach would be to screen older smokers.","Yes, symptoms like shortness of breath and cough, especially in smokers, can be indicators of COPD."
PQ_0287,Search engine as a diagnostic tool in difficult immunological and allergologic cases: is Google useful?,This Google-based search was useful to identify an appropriate diagnosis in complex immunological and allergic cases. Computing skills may help to get better results.,"Google can be a valuable resource for preliminary information and potential leads in complex immunological and allergologic cases, but it should not replace expert clinical judgment."
PQ_0288,Uniformity of evidence-based treatments in practice?,This study adds to the growing body of literature documenting the importance of the individual therapist as an important factor in the change process.,"The implementation of evidence-based treatments can vary due to factors like clinician preferences, resource availability, and patient adherence. Achieving consistent use of evidence-based treatments requires ongoing efforts to improve clinician training, enhance access to resources, and foster patient engagement."
PQ_0289,Do approved doctors and medical referees in the UK agree when assessing a seafarer's fitness?,This study found that there was poor agreement between the AD's decision and the subsequent MR's decision regarding the fitness of those seafarers who decided to appeal against the AD's initial assessment. The reasons for this are considered.,"Yes, approved doctors and medical referees in the UK generally agree when assessing a seafarer's fitness to perform their duties."
PQ_0290,Hepatorenal syndrome: are we missing some prognostic factors?,"We report for the first time ESLD etiology as a prognostic factor for survival. The renal function (expressed as serum creatinine) and urinary Na (<5 mEq/l) at the time of diagnosis were found to be associated with survival, suggesting that early treatment might increase survival.","Yes, exploring additional biomarkers and clinical parameters could enhance the prediction of outcomes in patients with hepatorenal syndrome."
PQ_0291,Vaginal dose assessment in image-guided brachytherapy for cervical cancer: Can we really rely on dose-point evaluation?,The doses evaluated at PIBS points are not impacted by intrafractional movements. PIBS and PIBS +2 dose points allow distinguishing the plans of patients with vaginal infiltration. Further studies are needed to correlate these parameters with vaginal morbidity.,The accuracy of dose-point evaluation in vaginal dose assessment for image-guided brachytherapy for cervical cancer needs to be carefully evaluated. Further research is needed to determine the reliability of dose-point evaluation for accurate vaginal dose determination.
PQ_0292,Prescriptions as a proxy for asthma in children: a good choice?,"When additional validation studies were taken into account, asthma medications were found to be prescribed not only for asthma but also for other respiratory diseases. In addition, not all children with current asthma had prescriptions. We therefore conclude that asthma medications are therefore not a good proxy for the disease.","Prescriptions as a proxy for asthma in children are a potentially useful tool, but require careful consideration of factors like medication type, comorbidity, and access to healthcare. Further research is needed to establish a robust and reliable proxy."
PQ_0293,Does the familial transmission of drinking patterns persist into young adulthood?,"The association between familial drinking and offspring drinking in young adulthood exhibits clear non-linear trends. Changes in the lower part of the familial drinking distribution are strongly related to drinking in young adults, but the actual levels of drinking in drinking families appear less important in shaping the drinking patterns of the offspring in young adulthood.","Yes, research suggests that familial transmission of drinking patterns can continue into young adulthood."
PQ_0294,Proof of concept study: does fenofibrate have a role in sleep apnoea syndrome?,The consistent direction of change in sleep indices in this proof-of-concept study may support further investigation of fenofibrate in moderate to severe sleep apnoea syndrome.,A proof-of-concept study is needed to investigate the potential role of fenofibrate in treating sleep apnea syndrome. This study would aim to determine if fenofibrate can alleviate sleep apnea symptoms and improve overall health in individuals with the condition.
PQ_0295,Can mental imagery functional magnetic resonance imaging predict recovery in patients with disorders of consciousness?,"The fMRI paradigm mental imagery displays a high concordance with the further clinical course of patients in a VS. All 5 patients in a VS who showed significant activation of ROIs had a favorable further course until the end of the observation period. We therefore propose the term ""functional minimally conscious state"" for these patients. They may benefit from rehabilitation treatment. In cases where no significant activation was seen, the method has no prognostic value. Prediction of the clinical course of patients in an MCS by fMRI was considerably less accurate than in patients in a VS.","Yes, mental imagery fMRI has shown promise in predicting recovery in patients with disorders of consciousness, particularly in those with vegetative state or minimally conscious state. It can help differentiate between patients who are likely to recover and those who are not."
PQ_0296,The nurse cystoscopist: a feasible option?,A UNP can be trained to perform cystoscopy and detect suspicious lesions as accurately as can a consultant urologist. Legal and training issues in implementation are important.,"The feasibility of a nurse cystoscopist depends on factors like training, supervision, and the specific clinical setting."
PQ_0297,Is cardiovascular evaluation necessary prior to and during beta-blocker therapy for infantile hemangiomas?,Pretreatment ECG is of limited value for patients with an unremarkable cardiovascular history and a normal heart rate and blood pressure. Hypotension may occur during treatment.,"Yes, cardiovascular evaluation is necessary before and during beta-blocker therapy for infantile hemangiomas. This is crucial to assess the patient's cardiac function and ensure safe administration of beta-blockers."
PQ_0298,Is specialty care associated with improved survival of patients with congestive heart failure?,We found an improved survival associated with cardiologist care and a mixture of general practitioner and cardiologist care compared with general practitioner care. The pattern of outpatient care may therefore be important for the survival of patients with CHF.,"Yes, studies have shown that specialty care, such as heart failure centers, are associated with improved survival outcomes for patients with congestive heart failure."
PQ_0299,Can the prognosis of polymyalgia rheumatica be predicted at disease onset?,A higher PV in PMR increases the risk of prolonged steroid therapy and late GCA. Female sex and particular HLA alleles may increase the risk of late GCA. Starting patients on>15 mg prednisolone is associated with a prolonged steroid duration.,"No, the prognosis of polymyalgia rheumatica cannot be predicted at disease onset."
PQ_0300,Should ascitis volume and anthropometric measurements be estimated in hospitalized alcoholic cirrotics?,"A greater association than hitherto acknowledged, between ascitis volume and anthropometric measurements from one side, and long-term rehospitalization and mortality from the other, was demonstrated in male stable alcoholic cirrhotics. Further studies with alcoholic and other modalities of cirrhosis including women are recommended.","Yes, ascites volume and anthropometric measurements should be estimated in hospitalized alcoholic cirrotics because these parameters are key indicators of disease severity and nutritional status."
PQ_0301,The use of audit to identify maternal mortality in different settings: is it just a difference between the rich and the poor?,"Differences in maternal mortality are more than just differences between the rich and poor. Acknowledging the magnitude of maternal mortality and harnessing a strong political will to tackle the issues are important factors. However, there is no single, general solution to reduce maternal mortality, and identification of problems needs to be promoted through audit, both national and local.","Audit can help identify maternal mortality, but access to and quality of audits differ based on resources, potentially exacerbating inequalities between wealthy and poorer settings. Therefore, audit effectiveness is intertwined with equitable access to data collection and analysis."
PQ_0302,Could the extent of lymphadenectomy be modified by neoadjuvant chemotherapy in cervical cancer?,"The frequency and topographic distribution of LNM are not modified by NACT, and clinical non-responders showed more involved LNs. A systemic and extensive lymphadenectomy should be performed in patients treated with NACT plus surgery regardless of the response to NACT.","Yes, neoadjuvant chemotherapy can influence the extent of lymphadenectomy in cervical cancer, potentially allowing for a less radical surgery. This might be due to a reduction in tumor size and improved patient outcomes."
PQ_0303,Do Wound Cultures Give Information About the Microbiology of Blood Cultures in Severe Burn Patients?,"When there is clinical suspicion of sepsis, appropriate empirical systemic antibiotic therapy should be broad spectrum and should rely on the susceptibility of the organisms from recent cultures of the burn wound surface, until the blood cultures results are completed.","Wound cultures can provide insights into the potential pathogens that might be present in blood cultures, aiding in the diagnosis and management of severe burn patients."
PQ_0304,Are behavioural risk factors to be blamed for the conversion from optimal blood pressure to hypertensive status in Black South Africans?,"During the 5 years, 24% of Africans with optimal BP developed hypertension. The surge in hypertension in Africa is largely explained by modifiable risk factors. Public health strategies should focus aggressively on lifestyle to prevent a catastrophic burden on the national health system.","Yes, behavioral risk factors like diet and physical inactivity likely play a significant role in the increased risk of hypertension in Black South Africans compared to other populations."
PQ_0305,Systematic use of patient-rated depression severity monitoring: is it helpful and feasible in clinical psychiatry?,"The study findings suggest that adopting measurement-based care, such as using the PHQ-9, is achievable, even in practices with limited resources.","The feasibility and effectiveness of patient-rated depression severity monitoring in clinical psychiatry require further investigation, but preliminary evidence suggests potential benefits for treatment planning and adherence."
PQ_0306,Treadmill training post stroke: are there any secondary benefits?,"A task-specific intervention designed to improve gait speed may potentially provide secondary benefits by positively impacting depression, mobility and social participation for people post stroke.","Yes, treadmill training after stroke can improve balance, gait, and functional independence, potentially leading to better quality of life. It may also have positive effects on cognitive function and mood."
PQ_0307,Does lunar position influence the time of delivery?,"In this paper the effect of lunar phases on the time of delivery is shown. This influence seems to be especially relevant in the case of multiparae and plurigravidae. Nevertheless, it is too weak to allow for prediction regarding the days with the highest frequency of deliveries.",There is no conclusive evidence to suggest that lunar position directly influences the time of delivery.
PQ_0308,Is oral endotracheal intubation efficacy impaired in the helicopter environment?,Oral endotracheal intubation in the in-flight setting of the BO-105 helicopter takes approximately twice as long as intubation in a ground setting. The results support pre-flight intubation of patients who appear likely to require urgent intubation during air medical transport in the BO-105 helicopter.,"Yes, oral endotracheal intubation can be challenging in the helicopter environment due to the limited space and potential for patient movement."
PQ_0309,Prostatic syndrome and pleural effusion: are they different diseases?,"Although the association of prostate and lung cancer is uncommon, the possibility of synchronous tumors should be considered in patients with urinary and pulmonary symptoms suggestive of neoplasm. It is important to determine if the lesion is a metastasis, since the prognosis depends on the second tumor.","No, prostatic syndrome and pleural effusion are not the same disease. Prostatic syndrome is a condition affecting the prostate, while pleural effusion is the buildup of excess fluid in the pleural space."
PQ_0310,Telemedicine and type 1 diabetes: is technology per se sufficient to improve glycaemic control?,"The Diabeo system improved glycaemic control in both high and low users who avidly used the IDA function, while the greatest improvement was seen in the low users who had the motivational support of teleconsultations.",The effectiveness of telemedicine in improving glycemic control in type 1 diabetes requires further investigation to determine if technology alone is sufficient. More research is needed to understand the impact of telemedicine on various aspects of diabetes management.
PQ_0311,Is controlled ovarian stimulation in intrauterine insemination an acceptable therapy in couples with unexplained non-conception in the perspective of multiple pregnancies?,"In COS-IUI for unexplained non-conception, induction of more than one follicle did not improve the ongoing PR, but increased the risk of multiple pregnancies. Multiple PR remained high in the first four cycles with multifollicular stimulation. Therefore, in order to reduce the number of multiple pregnancies, in all IUI cycles for unexplained non-conception monofollicular growth should be aimed at.","Controlled ovarian stimulation and intrauterine insemination (IUI) can be considered in couples with unexplained infertility, but multiple pregnancy risks need to be carefully discussed and managed."
PQ_0312,Is half-dose contrast-enhanced three-dimensional MR angiography sufficient for the abdominal aorta and pelvis?,Half-dose MR angiography using diluted contrast medium injected at a rate of 1 mL/second depicted the abdominal aorta and its branches as clearly as using a full single dose.,The suitability of half-dose contrast-enhanced three-dimensional MR angiography for the abdominal aorta and pelvis depends on the specific clinical scenario and the expertise of the reader.
PQ_0313,Digital Tomosynthesis: A Viable Alternative to Noncontrast Computed Tomography for the Follow-Up of Nephrolithiasis?,"We found DT to be a comparable imaging modality to NCCT for the detection of intrarenal stones, without a significant effect from stone size and BMI and adequate reproducibility between multiple readers. DT appears to be an ideal alternative for following patients with nephrolithiasis due to its acceptable stone detection rates, low radiation exposure, and decreased cost compared to NCCT.","Yes, digital tomosynthesis offers a promising alternative to noncontrast computed tomography for nephrolithiasis follow-up, potentially reducing radiation exposure and improving visualization of urinary stones. It can be a valuable tool in guiding management decisions."
PQ_0314,High cumulative insulin exposure: a risk factor of atherosclerosis in type 1 diabetes?,These findings provide evidence that a high cumulative dose of regular insulin is a risk factor for atherosclerosis.,"Yes, high cumulative insulin exposure is associated with increased risk of atherosclerosis in type 1 diabetes."
PQ_0315,Are hepatitis G virus and TT virus involved in cryptogenic chronic liver disease?,"In Southern Italy, hepatitis G virus infection is widespread among patients with chronic hepatitis, independently of parenteral risk factors. Its frequency in subjects with cryptogenic liver disease parallels that observed in hepatitis C virus chronic liver disease, thus ruling out an aetiologic role of hepatitis G virus. TT virus infection is uncommon in patients with cryptogenic or hepatitis C virus-related liver disease who do not have a history of parenteral exposure.","Yes, hepatitis G virus (HGV) and TT virus (TTV) have been implicated in cryptogenic chronic liver disease."
PQ_0316,Do older patients who refuse to participate in a self-management intervention in the Netherlands differ from older patients who agree to participate?,"As in many studies, the refusal rate in this study is high, and seems to be related to physical mobility restrictions, travel distance and, partly, to availability of emotional support. These findings may be used to make the recruitment process more effective - for example, by offering transport to the location of the intervention.","Yes, older patients who refuse to participate in a self-management intervention in the Netherlands may differ from those who agree to participate based on factors like health status, cognitive function, and social support."
PQ_0317,Preoperative locoregional staging of gastric cancer: is there a place for magnetic resonance imaging?,"Our prospective study confirmed the leading role of EUS and MDCT in the staging of gastric cancer and did not prove, at present, the value of the clinical use of MRI.","Magnetic Resonance Imaging (MRI) can be a valuable tool for preoperative locoregional staging of gastric cancer, offering advantages in terms of accuracy and avoiding ionizing radiation. However, its widespread adoption is limited by cost, availability, and the need for expertise in interpretation."
PQ_0318,Do familiar teammates request and accept more backup?,Transactive memory theory extends to high-stress environments in which members' expertise is highly overlapping. Teammates' shared mental models about one another increase the likelihood that they will request and accept backup.,"Yes, familiar teammates generally request and accept more backup."
PQ_0319,Transsphenoidal pituitary surgery in Cushing's disease: can we predict outcome?,"Transsphenoidal pituitary surgery is a safe method of treatment in patients with Cushing's disease. Operative findings, radiological and histological findings, together with early postoperative serum cortisol and urine free cortisol estimates may identify failures in treatment. Alternative treatment might then be required for these patients. Because of the risk of late relapse, patients require life-long follow-up.",Predicting the success of transsphenoidal pituitary surgery for Cushing's disease remains a challenge. Identifying factors that reliably predict outcome is crucial for patient counseling and treatment planning.
PQ_0320,Can bedside assessment reliably exclude aspiration following acute stroke?,"Bedside assessment of swallowing lacks the necessary sensitivity to be used as a screening instrument in acute stroke, but there are concerns about the use of videofluoroscopy as a gold standard. The relative importance of aspiration and bedside assessment in predicting complications and outcome needs to be studied.","No, bedside assessment cannot reliably exclude aspiration following acute stroke."
PQ_0321,Are UK radiologists satisfied with the training and support received in suspected child abuse?,"The survey shows significant dissatisfaction amongst consultant radiologists with the current service, confirms a low number of paediatric radiologists taking on this work, and suggests the potential to increase numbers of radiology child abuse experts by 27% if given improved training and support. Appropriate service and education strategies should be implemented.","Data suggest that UK radiologists have mixed feelings about the training and support they receive in suspected child abuse. Some feel adequately prepared, while others desire more comprehensive training and ongoing support."
PQ_0322,Artefacts in 24-h pharyngeal and oesophageal pH monitoring: is simplification of pH data analysis feasible?,"Leaving out the period of intake of meals and beverages from the raw pH data might be the second best test after the time-consuming visual correction with a small chance of undetected gastropharyngeal reflux. For scientific purposes and when in doubt, it remains necessary to review the computer-generated data manually to discover every gastropharyngeal reflux event.","Yes, simplifying pH data analysis could be feasible to address the issue of artifacts in 24-h pH monitoring. This simplification could focus on identifying and removing or imputing data points directly affected by artifacts, rather than relying on complex statistical methods."
PQ_0323,Can the condition of the cell microenvironment of mediastinal lymph nodes help predict the risk of metastases in non-small cell lung cancer?,The preliminary results of this study suggest that this approach may be helpful as an independent tumor staging factor. It is also worth noting that part of the staging process could also be based on features describing the immune cells in the peripheral blood.,"Yes, the condition of the cell microenvironment of mediastinal lymph nodes can be a predictor of metastasis risk in non-small cell lung cancer."
PQ_0324,Are wandering and physically nonaggressive agitation equivalent?,"Findings depict wandering and PNA as overlapping, but nonequivalent phenomena. Evidence supporting construct validity of wandering was more robust than that for PNA. Results have implications for accuracy in scientific and clinical detection and labeling of wandering and agitation.","No, wandering and physically nonaggressive agitation are not equivalent. Wandering is a behavioral manifestation, while agitation is a psychological state."
PQ_0325,Is size-reducing ascending aortoplasty with external reinforcement an option in modern aortic surgery?,"As demonstrated in this study, size reduction of the ascending aorta using aortoplasty with external reinforcement is a safe procedure with excellent long-term results. It is a therapeutic option in modern aortic surgery in patients with poststenotic dilatation of the aorta without impairment of the sinotubular junction of the aortic valve and root.",Ascending aortoplasty with external reinforcement is not a standard or preferred approach in modern aortic surgery. The gold standard is replacement of the ascending aorta.
PQ_0326,Does depression diagnosis and antidepressant prescribing vary by location?,"New depression diagnosis and antidepressant use was shown to be less likely in areas of higher own-ethnic density for some, but not all, ethnic groups.","Yes, depression diagnosis and antidepressant prescribing can vary by location, influenced by factors like cultural norms, healthcare access, and socioeconomic disparities."
PQ_0327,Can routinely collected ambulance data about assaults contribute to reduction in community violence?,"A hotspots approach to sharing data circumvents the problem of disclosing person-identifiable data between different agencies. Practically, at least half of ambulance hotspots are unknown to the police; if causal, it suggests that data sharing leads to both reduced community violence by way of prevention (such as through anticipatory patrols or problem-oriented policing), particularly of more severe assaults, and improved efficiency of resource deployment.","Yes, routinely collected ambulance data about assaults can potentially contribute to reduction in community violence by identifying high-risk areas and informing targeted interventions."
PQ_0328,Volume change of uterine myomas during pregnancy: do myomas really grow?,"Contrary to common belief, we found that uterine myomas commonly decrease in volume over the course of pregnancy.","Uterine myomas often appear to grow during pregnancy, but this is primarily due to uterine distention from the enlarging fetus and placenta, rather than true myoma growth. While myomas may experience some minor changes in size, their overall volume increase is often attributed to these external factors."
PQ_0329,Is laparoscopic adrenalectomy safe and effective for adrenal masses larger than 7 cm?,"LA for adrenal masses larger than 7 cm is a safe and feasible technique, offering successful outcome in terms of intraoperative and postoperative morbidity, hospital stay and cosmesis for patients; it seems to replicate open surgical oncological principles demonstrating similar outcomes as survival rate and recurrence rate, when adrenal cortical carcinoma were treated. The main contraindication for this approach is the evidence, radiologically and intraoperatively, of local infiltration of periadrenal tissue.","Laparoscopic adrenalectomy can be safe and effective for adrenal masses larger than 7 cm, particularly if the mass is localized and the patient is a suitable candidate. However, the risk of complications increases with larger mass sizes, and a thorough pre-operative assessment is crucial."
PQ_0330,Upstream solutions: does the supplemental security income program reduce disability in the elderly?,"Income support policy may be a significant new lever for improving population health, especially that of lower-income persons. Even though the findings are robust, further analyses are needed to confirm their reliability. Future research should examine a variety of different income support policies, as well as whether a broader range of social and economic policies affect health.",The Supplemental Security Income (SSI) program does not reduce disability in the elderly.
PQ_0331,Profiling quality of care: Is there a role for peer review?,"For conditions with a well-developed quality of care evidence base, such as hypertension and diabetes, a single structured implicit review to assess the quality of care over a period of time is moderately reliable. This method could be a reasonable complement or alternative to explicit indicator approaches for assessing and comparing quality of care. Structured implicit review, like explicit quality measures, must be used more cautiously for illnesses for which the evidence base is less well developed, such as COPD and acute, short-course illnesses.",Peer review can enhance quality of care by providing feedback and identifying areas for improvement. It also fosters collaboration and a culture of continuous quality improvement.
PQ_0332,Eyelid-parotid metastasis: do we screen for coexisting masses?,"These cases illustrate that tumours involving eyelids and parotid glands can present simultaneously or sequentially, and either of these structures could be the focus of primary or metastatic tumour. The important message for oculoplastic and parotid surgeons is to routinely assess both the periocular and parotid area when patients present with a mass in either structure.","Yes, screen for coexisting masses, especially in the parotid gland, when evaluating eyelid-parotid metastasis. This helps to identify potential primary tumors that may have spread."
PQ_0333,Will CT ordering practices change if we educate residents about the potential effects of radiation exposure?,"Most clinicians did not change their CT scan ordering after receiving education about radiation from a radiologist. Radiation education allowed clinicians to discuss CT benefits and risks with their patients and to choose appropriate CT protocols. Referring physician groups are interested in this topic, and radiologists should be encouraged to give radiation lectures to them.","Yes, educating residents about radiation exposure could lead to more judicious CT ordering. It could potentially reduce unnecessary scans and improve patient safety."
PQ_0334,Does context matter for the relationship between deprivation and all-cause mortality?,The homogeneity we found in the deprivation-mortality relationship across the regions of Scotland and the absence of a contextualized effect of region highlights the importance of taking a broader strategic policy that can combat the toxic impacts of socio-economic deprivation on health. Focusing on a few specific places (e.g. 15% of the poorest areas) to concentrate resources might be a good start but the impact of socio-economic deprivation on mortality is not restricted to a few places. A comprehensive strategy that can be sustained over time might be needed to interrupt the linkages between poverty and mortality.,"Yes, context matters. Socioeconomic status, access to healthcare, and healthcare system characteristics influence the relationship between deprivation and all-cause mortality."
PQ_0335,Does stress increase imitation of drinking behavior?,"Generally, it appears that among young male adults, imitation of alcohol consumption is a robust phenomenon not dependent on individual stress levels.","Yes, stress can increase imitation of drinking behavior."
PQ_0336,School food policy at Dutch primary schools: room for improvement?,"Dutch primary schools could play a more important role in fostering healthy eating habits among children. The school food policy could be improved by clearly formulating food rules, simplifying supervision of the food rules, and defining how to enforce the food rules. In addition, the school food policy will only influence children's dietary behaviour if both the school and the parents support the policy.","The Dutch primary school food policy needs improvement, particularly regarding the nutritional value and variety of offered meals. More emphasis should be placed on healthy, balanced meals and reducing unhealthy options."
PQ_0337,Is the atopy patch test with house dust mites specific for atopic dermatitis?,These observations lead to conclude that the APT with HDM is positive also in non-AD subjects but it is probably more specific for AD.,"No, the atopy patch test (APT) with house dust mites is not specific for atopic dermatitis (AD) alone; it indicates sensitization to these allergens, which can be present in other conditions."
PQ_0338,Juvenile osteochondritis dissecans: is it a growth disturbance of the secondary physis of the epiphysis?,"MRI of children with OCD consistently showed secondary physis disruption, overlying chondroepiphysial widening, and subchondral bone edema. We suggest that disruption of normal endochondral ossification may be associated with juvenile OCD.","Yes, juvenile osteochondritis dissecans (OCD) is a growth disturbance of the secondary physis of the epiphysis."
PQ_0339,Do preoperative statins reduce atrial fibrillation after coronary artery bypass grafting?,Our study indicated that preoperative statin therapy seems to reduce AF development after CABG.,"The evidence is mixed, with some studies suggesting a potential benefit and others showing no significant difference. Further research is needed to determine the optimal role of preoperative statins in reducing atrial fibrillation after CABG."
PQ_0340,Is there a uniform basal endometrial gene expression profile during the implantation window in women who became pregnant in a subsequent ICSI cycle?,"Our data suggest that very few genes, which change their expression level during the WOI, show a quantitative homogeneous expression in endometrially-receptive patients. In conclusion, in this study only six genes showed a homogeneous expression, and are probably involved in embryo implantation mechanisms.","No, there is no uniform basal endometrial gene expression profile during the implantation window in women who became pregnant in a subsequent ICSI cycle."
PQ_0341,Can decisional algorithms replace global introspection in the individual causality assessment of spontaneously reported ADRs?,"Decisional algorithms are sensitive methods for the detection of ADRs, but they present poor specificity. A reference method was not identified. Algorithms do not replace GI and are not definite alternatives in the individual causality assessment of suspected ADRs.","No, decisional algorithms cannot replace global introspection in the individual causality assessment of spontaneously reported ADRs.

Global introspection, encompassing patient's symptoms, history, and overall context, is essential for accurate ADR causality assessment."
PQ_0342,Can we rely on arterial line sampling in performing activated plasma thromboplastin time after cardiac surgery?,Samples withdrawn from heparinized arterial lines cannot be relied upon for APTT ratio results.,"Yes, arterial line sampling can be used for activated plasma thromboplastin time (aPTT) measurement after cardiac surgery."
PQ_0343,Does timing of initial surfactant treatment make a difference in rates of chronic lung disease or mortality in premature infants?,Early surfactant administration is associated with shorter duration of ventilation but does not appear to be significantly protective against CLD/mortality among premature infants. This may support the growing evidence for consideration of CPAP as an alternative to routine intubation and early surfactant administration. Further investigation from large randomized clinical trials is warranted to confirm these results.,"Yes, the timing of initial surfactant treatment in premature infants can influence the development of chronic lung disease and mortality rates. Earlier initiation of surfactant treatment, when appropriate, is generally associated with improved outcomes."
PQ_0344,Clinician assessment for acute chest syndrome in febrile patients with sickle cell disease: is it accurate enough?,"ACS is common in patients with SCD who present with fever and was grossly underestimated by evaluating physicians. History and physical examination appear to be of little value in defining which febrile patients require CXR. In view of the mortality and morbidity associated with ACS, empiric CXR should be considered when evaluating a febrile patient with SCD.","The accuracy of clinician assessment for acute chest syndrome in febrile patients with sickle cell disease is limited, highlighting the need for improved diagnostic tools. Further research is needed to refine clinical criteria and develop more sensitive biomarkers for early detection."
PQ_0345,Outcome Feedback within Emergency Medicine Training Programs: An Opportunity to Apply the Theory of Deliberate Practice?,"While Canadian EM training programs do not mandate follow-up, it is performed electively by the majority of residents surveyed. Residents place a significantly greater educational value on outcome feedback than their program directors, and believe that follow-up should be a mandatory component of EM residencies.",The study explores how outcome feedback in Emergency Medicine (EM) training programs can be used to apply the Theory of Deliberate Practice. It investigates if outcome feedback is effective in improving EM residents' performance and skill development.
PQ_0346,Can multiple SNP testing in BRCA2 and BRCA1 female carriers be used to improve risk prediction models in conjunction with clinical assessment?,"Random survival forests did not yield higher performance compared to Cox proportional hazards. We found improvement in prediction performance when coupling the genetic SNP score with clinical/demographic markers, which warrants further investigation.","Yes, combining multiple SNP testing in BRCA2 and BRCA1 with clinical assessment likely improves risk prediction models for female carriers. It provides a more comprehensive understanding of individual susceptibility."
PQ_0347,Does a special interest in laparoscopy affect the treatment of acute cholecystitis?,"Patients with AC are more likely to undergo successful LC if cared for by a surgeon with an interest in laparoscopy. However, length of hospital stay is influenced more by patient factors in a multivariate model.","There is no evidence to suggest that a special interest in laparoscopy directly affects the treatment of acute cholecystitis. The standard of care for acute cholecystitis remains the same, regardless of a surgeon's specific interests."
PQ_0348,Can progression of valvar aortic stenosis be predicted accurately?,The present data indicate that for clinical purposes and planning of valvar surgery the progression of asymptomatic aortic stenosis can be sufficiently predicted by the present aortic valve opening area and the degree of valvar calcification.,"No, the progression of valvar aortic stenosis is difficult to predict accurately."
PQ_0349,Does automatic transmission improve driving behavior in older drivers?,Switching to automatic transmission may be recommended for older drivers as a means to maintain safe driving and thereby the quality of their transport mobility.,"Studies suggest that automatic transmissions may encourage less attentive driving compared to manual transmissions, potentially leading to increased risk for older drivers."
PQ_0350,Birth characteristics and risk of low intellectual performance in early adulthood: are the associations confounded by socioeconomic factors in adolescence or familial effects?,We found that all of the studied dimensions of restricted fetal growth are independently associated with increased risks of low intellectual performance and that these associations are only partly mediated by socioeconomic or familial factors.,The association between birth characteristics and low intellectual performance in early adulthood is likely confounded by socioeconomic factors in adolescence and familial effects.
PQ_0351,Is scintigraphy a guideline method in determining amputation levels in diabetic foot?,"We conclude that 3-phase bone scintigraphy prior to surgery could be a useful method to determine the amputation level in a diabetic foot. We conclude that further, comparative, more comprehensive, long-term, and controlled studies are required.","Scintigraphy can be a useful adjunct in determining amputation levels in diabetic foot, providing information on perfusion and viability. However, it is not a definitive guideline, and clinical assessment is crucial."
PQ_0352,Is determination between complete and incomplete traumatic spinal cord injury clinically relevant?,"Out of the four sacral sparing criteria, the acute phase anal sensory score measurements do not contribute significantly to the prognosis of independent ambulation. The combination of the acute phase voluntary anal contraction and the S4-5 LT and PP scores, predicts significantly better chronic phase-independent ambulation outcomes than the currently used distinction between complete and incomplete SCI.","Yes, the determination between complete and incomplete traumatic spinal cord injury is clinically relevant as it guides treatment strategies and prognoses."
PQ_0353,Improvements in survival of gynaecological cancer in the Anglia region of England: are these an effect of centralisation of care and use of multidisciplinary management?,"The adoption of the 1999 guidance on gynaecological cancer, which included multidisciplinary case management and centralisation of surgery, resulted in a marked step-change improvement in survival of gynaecological cancer in an area of eastern England in 2000.","The Anglia region of England has seen improved survival rates for gynecological cancers, potentially due to the centralization of care and the implementation of multidisciplinary management approaches. Further research is necessary to confirm the causal relationship between these factors and improved outcomes."
PQ_0354,Do symptoms matter when considering patients for phase I clinical trials?,Older adults enrolled in PICT with more symptoms may sacrifice QOL for experimental treatment.,"No, symptoms do not matter when considering patients for phase I clinical trials. Phase I trials focus on safety and dosage, not on the presence or absence of symptoms."
PQ_0355,Is vitamin D insufficiency or deficiency related to the development of osteochondritis dissecans?,"These first data show that a vitamin D3 deficiency rather than an insufficiency may be involved in the development of OCD lesions. Probably, with a vitamin D3 substitution, the development of an advanced OCD stage could be avoided. Further analyses, including morphological analyses regarding a possible osteomalacia, and examination of the PTH and other determinants of the bone metabolism, should be undertaken to either confirm or refute these data.",Vitamin D insufficiency is associated with an increased risk of osteochondritis dissecans (OCD).
PQ_0356,Do episodic migraineurs selectively attend to headache-related visual stimuli?,"In light of the large sample size and prior pilot testing of presented images, results suggest that episodic migraineurs do not differentially attend to headache-related facial stimuli. Given modest evidence of attentional biases among chronic headache samples, these findings suggest potential differences in attentional processing between chronic and episodic headache subforms.","Yes, episodic migraineurs show a selective attention bias towards headache-related visual stimuli."
PQ_0357,Mitral replacement or repair for functional mitral regurgitation in dilated and ischemic cardiomyopathy: is it really the same?,"In patients with advanced dilated and ischemic cardiomyopathy and severe functional MR, MV replacement is associated with higher in-hospital and late mortality compared with MV repair. Therefore, mitral repair should be preferred whenever possible in this clinical setting.","The evidence suggests that mitral replacement or repair in dilated and ischemic cardiomyopathy, when performed in patients with functional mitral regurgitation, may not significantly improve outcomes compared to medical management."
PQ_0358,Do nontriploid partial hydatidiform moles exist?,Nontriploid partial moles probably do not exist: careful reevaluation of putative specimens will probably uncover pathologic or ploid errors in almost all cases.,"Yes, nontriploid partial hydatidiform moles can exist, although they are less common than triploid moles."
PQ_0359,Is cholecystectomy really an indication for concomitant splenectomy in mild hereditary spherocytosis?,"The advice to perform a concomitant splenectomy in children with mild HS undergoing cholecystectomy for symptomatic gallstones needs revisiting. In the era of minimal access surgery, the need for splenectomy in such children should be judged on its own merits.","No, concomitant splenectomy is not routinely indicated for mild hereditary spherocytosis in cholecystectomy."
PQ_0360,Does surgery or radiation therapy impact survival for patients with extrapulmonary small cell cancers?,"Although outcomes for EPSCC remains poor, both surgery and radiation is shown to significantly improve median, 5- and 10-year survival rates. EPSCC patients who are potential candidates for surgical resection or radiation therapy may benefit from these treatments.","No, surgery or radiation therapy do not significantly impact survival for patients with extrapulmonary small cell cancers."
PQ_0361,MR Diagnosis of Bone Metastases at 1.5 T and 3 T: Can STIR Imaging Be Omitted?,"The whole-body MRI protocol for the detection of bone metastases could safely be limited to the T1w sequence in adults, especially at 3 T. There is no need for an additional STIR sequence. These initial results will have a major impact on the department's workflow if confirmed by larger studies as they will help reduce examination time and therefore save financial resources.","STIR imaging can be omitted from 1.5T MR scans for bone metastases if high-quality T1-weighted images are acquired, as it offers limited additional diagnostic value. The diagnostic value of STIR is generally lower than T1-weighted images at 1.5T for bone metastases."
PQ_0362,Histologic evaluation of the testicular remnant associated with the vanishing testes syndrome: is surgical management necessary?,"In our review, we identified that a significant number of testicular remnants associated with the vanishing testes syndrome can harbor viable germ cell elements or seminiferous tubules. The exact fate of these residual elements remains unknown; however, there may exist the potential for malignant transformation. Given the potential for malignant degeneration, we believe that these remnants should be removed.","The decision to surgically remove a testicular remnant in vanishing testes syndrome depends on the patient's age, overall health, and the presence of complications like hydroceles or infections. Surgical removal is generally recommended for patients with palpable remnants, hydroceles, or signs of infection, while those without these issues can be managed conservatively."
PQ_0363,Does pain intensity predict a poor opioid response in cancer patients?,Baseline pain intensity does not predict the outcome after an appropriate opioid titration. It is likely that non-homogeneous pain treatment would have biased the outcome of a previous work.,"Yes, higher pain intensity at baseline is associated with poorer opioid response in cancer patients."
PQ_0364,Do prerecorded lecture VODcasts affect lecture attendance of first-yearpre-clinical Graduate Entry to Medicine students?,"Therefore, we conclude that the attendance of pre-clinical GEM students at live lectures is not significantly impacted upon by the provision of lecture VODcasts, with most students viewing them as useful revision tools rather than as a replacement for live lectures.",The effect of prerecorded lecture VODcasts on first-year pre-clinical Graduate Entry to Medicine student lecture attendance is uncertain. More research is necessary to determine this effect.
PQ_0365,Is there an intrauterine influence on obesity?,Comparison of mother-offspring and father-offspring associations for BMI suggests that intergenerational acceleration mechanisms do not make an important contribution to levels of childhood BMI within the population. Associations at later ages and for different components of body composition now require study.,"Yes, there is evidence suggesting an intrauterine environment can influence obesity risk later in life. This includes factors like maternal diet, nutrition during pregnancy, and placental function."
PQ_0366,Assessing Patient Reported Outcomes Measures via Phone Interviews Versus Patient Self-Survey in the Clinic: Are We Measuring the Same Thing?,Our study suggests that there is great reliability between PRO data captured between FTE-dependent and non-FTE-dependent methodologies.,We need to compare the reliability and validity of patient-reported outcome (PRO) measures collected through phone interviews versus patient self-surveys in the clinic. This comparison will help determine which method better captures the patient's experience and inform clinical decision-making.
PQ_0367,Is cytokeratin immunoreactivity useful in the diagnosis of short-segment Barrett's oesophagus in Korea?,"Barrett's cytokeratin 7/20 pattern can be a useful marker for the diagnosis of short-segment Barrett's oesophagus, although the false positive or false negative rate is approximately 25%.","Yes, cytokeratin immunoreactivity is useful in the diagnosis of short-segment Barrett's esophagus in Korea."
PQ_0368,Is routine dissection of the station 9 lymph nodes really necessary for primary lung cancer?,"The metastasis rate of station 9 lymph nodes was significantly lower than other mediastinal stations in lung cancer patients. The metastasis status of station 9 had no significant influence on tumor staging or prognosis. Routine dissection of station 9 lymph nodes may not be necessary, especially in patients with a low T stage, upper or middle lobe tumors, or without intrapulmonary lymph node metastasis.","No, routine dissection of the station 9 lymph nodes is generally not necessary for primary lung cancer."
PQ_0369,Cutaneous melanoma in a multiethnic population: is this a different disease?,"In a multiethnic population, cutaneous melanoma in nonwhite persons is unusual but not rare. Although the diagnoses are distinctly different at initial examinations, suggesting a potential biological component, stage-for-stage outcomes are similar between white and nonwhite persons and suggest a need for early diagnostic interventions with unusual pigmented lesions in nonwhite persons.","Cutaneous melanoma in multiethnic populations presents unique challenges due to differing genetic predispositions, environmental exposures, and clinical presentation. Further research is needed to understand these specific differences and tailor diagnostic and treatment strategies accordingly."
PQ_0370,"Marital status, living arrangement and mortality: does the association vary by gender?",Evaluation of living arrangements is crucial for identifying and explaining gender differences in mortality risks by marital status. The impact of living alone and living with a partner seems to be different in men and women.,"Yes, the association between marital status, living arrangement, and mortality likely varies by gender."
PQ_0371,Does somatostatin confer insulinostatic effects of neuromedin u in the rat pancreas?,Neuromedin U reduces insulin and increases somatostatin secretion. Blockade of somatostatin action abolishes the inhibition of insulin secretion by NmU. The results of the study suggest that somatostatin mediates the inhibitory action of NmU on insulin secretion.,"Yes, somatostatin inhibits insulin release in the rat pancreas, similar to neuromedin U."
PQ_0372,Kell alloimmunization in pregnancy: associated with fetal thrombocytopenia?,"In contrast to fetuses with severe anaemia and hydrops due to RhD alloimmunization, fetuses with severe anaemia due to Kell alloimmunization are generally not at risk for substantial thrombocytopenia.","Yes, Kell alloimmunization in pregnancy is associated with an increased risk of fetal thrombocytopenia."
PQ_0373,Application of computer-aided diagnosis (CAD) in MR-mammography (MRM): do we really need whole lesion time curve distribution analysis?,"The integration of whole-lesion dynamic data tends to improve specificity. However, no statistical significance backs up this finding.",Whole lesion time curve distribution analysis in MR-mammography (MRM) CAD systems is not always necessary for accurate diagnosis. The need for this analysis depends on the specific CAD algorithm and the desired level of sensitivity and specificity.
PQ_0374,Vaccine protection in the elderly: are Austrian seniors adequately protected by vaccinations?,"The data demonstrate that vaccination has a relatively weak and short-lasting effect in old age. The results of the study should stimulate discussions about strategies how vaccinations can be made more effective in old age. Improved campaigns, shortened vaccination intervals as well as the design of novel vaccines tailored to fulfill the specific demands of the aging immune system are imaginable.","Data from Austrian vaccination records indicate that the elderly are vaccinated at a high rate. However, further research is needed to determine if this level of protection is sufficient to prevent severe outcomes from COVID-19 or other vaccine-preventable diseases."
PQ_0375,Vitamin D supplementation and regulatory T cells in apparently healthy subjects: vitamin D treatment for autoimmune diseases?,"Vitamin D supplementation was associated with significantly increased %Tregs in apparently healthy individuals. This immunomodulatory effect of vitamin D might underlie the associations of vitamin D deficiency and autoimmune diseases. Hence, our finding provides a rationale for further studies to investigate vitamin D effects on autoimmunological processes.","Vitamin D supplementation may influence regulatory T cell function, potentially impacting autoimmune disease outcomes. Further research is needed to determine the optimal vitamin D dosage and duration for autoimmune disease treatment."
PQ_0376,Gynecological cancer alarm symptoms: is contact with specialist care associated with lifestyle and socioeconomic status?,Educational level influences contact with specialist care among patients with gynecological cancer alarm symptoms. Future studies should investigate inequalities in access to the secondary healthcare system.,The relationship between gynecological cancer alarm symptoms and specialist care is complex and likely influenced by both lifestyle and socioeconomic status. Further research is needed to disentangle these factors.
PQ_0377,Does elective re-siting of intravenous cannulae decrease peripheral thrombophlebitis?,Elective re-siting of intravenous cannulae every 48 hours results in a significant reduction in the incidence and severity of PVT. We recommend that this should be adopted as standard practice in managing all patients who require prolonged intravenous therapy.,"Yes, elective re-siting of intravenous cannulae is associated with a decreased risk of peripheral thrombophlebitis."
PQ_0378,Can third trimester ultrasound predict the presentation of the first twin at delivery?,The presentation of the first twin at delivery can be determined by sonogram by the 32nd week of gestation in over 90% of twin pregnancies.,"Yes, third-trimester ultrasound can predict the presentation of the first twin at delivery."
PQ_0379,Risk factors for major depression during midlife among a community sample of women with and without prior major depression: are they the same or different?,"The menopausal transition warrants attention as a period of vulnerability to MDD recurrence, while health factors and VMS should be considered important risk factors for first lifetime-onset of MDD during midlife.","The risk factors for major depression during midlife in community-dwelling women with and without prior major depression may differ, with potential factors like socioeconomic status and social support being key determinants. Further research is needed to definitively establish these differences."
PQ_0380,Totally implantable venous access device placement by interventional radiologists: are prophylactic antibiotics necessary?,"The rate of early infection without antibiotic prophylaxis before TIVAD placement in the interventional radiology suite is<1%. Based on these data, use of prophylactic antibiotics for TIVAD placement is not recommended.",The need for prophylactic antibiotics in totally implantable venous access device placement by interventional radiologists is a complex question without a definitive yes or no answer. Current evidence suggests that prophylactic antibiotics are not routinely necessary for this procedure and may not significantly reduce the risk of infection.
PQ_0381,Starting insulin in type 2 diabetes: continue oral hypoglycemic agents?,"Bedtime NPH insulin added to maximal therapy with sulfonylurea and metformin is an effective, simple, well-tolerated approach for patients with uncontrolled type 2 diabetes.","Starting insulin in type 2 diabetes is typically recommended when oral hypoglycemic agents are no longer sufficient to control blood glucose levels. Continuing oral agents is generally not recommended, as insulin is more effective at lowering blood sugar."
PQ_0382,Clinical identifiers for early-stage primary/idiopathic adhesive capsulitis: are we seeing the real picture?,None of the clinical identifiers for early-stage adhesive capsulitis previously proposed by expert consensus have been validated in this study. Clinicians should be aware that commonly used clinical identifiers may not be applicable to this stage.,"Clinically, early-stage adhesive capsulitis (AC) can be challenging to diagnose, and existing clinical identifiers may not accurately reflect the true disease severity or progression. Further research is needed to develop more specific and reliable clinical markers for early AC."
PQ_0383,"Does delaying surgery in immature adolescent idiopathic scoliosis patients with progressive curve, lead to addition of fusion levels?","Delay of surgery in immature AIS patients whose Cobb's angle exceed 40° initially and showing subsequent progression of the curve, of more than 10° can lead to alterations in the curve pattern and the need for increase in fusion levels.","Yes, delaying surgery in immature adolescent idiopathic scoliosis patients with progressive curve can potentially lead to the addition of fusion levels."
PQ_0384,Bactericidal activity of 3 cutaneous/mucosal antiseptic solutions in the presence of interfering substances: Improvement of the NF EN 13727 European Standard?,"Adapting the NF EN 13727 standard allowed assessing the 3 tested solutions: only CB was bactericidal in dirty conditions. This study proved the possibility of validating antiseptic choice in vitro, in current practice conditions, for adjunctive treatment of skin and mucous membranes disorders, primarily of bacterial origin or with a potential of superinfection.","This research investigates the bactericidal efficacy of three cutaneous/mucosal antiseptic solutions against common skin and mucosal pathogens, considering the influence of potential interfering substances, and assesses its potential to meet the requirements of the NF EN 13727 European Standard."
PQ_0385,Empiric treatment of uncomplicated urinary tract infection with fluoroquinolones in older women in Israel: another lost treatment option?,Physicians who opt to treat UTI in postmenopausal women empirically should consider prescribing drugs other than fluoroquinolones. Concomitant longitudinal surveillance of both antibiotic utilization patterns and uropathogen resistance rates should become routine practice in this managed-care organization.,The study suggests that empirical fluoroquinolone treatment for uncomplicated UTIs in older Israeli women may not be a safe or effective strategy.
PQ_0386,Do risk calculators accurately predict surgical site occurrences?,"All five existing predictive models have limited ability to risk-stratify patients and accurately assess risk of SSO. However, both the VHRS and ACS-NSQIP demonstrate modest success in identifying patients at risk for SSI. Continued model refinement is needed to improve the two highest performing models (VHRS and ACS-NSQIP) along with investigation to determine whether modifications to perioperative management based on risk stratification can improve outcomes.","Risk calculators can provide estimates of surgical site occurrence, but their accuracy varies depending on the specific risk factors included and the population studied. They are not perfect predictors and should be used in conjunction with clinical judgment."
PQ_0387,Can EMS Providers Provide Appropriate Tidal Volumes in a Simulated Adult-sized Patient with a Pediatric-sized Bag-Valve-Mask?,"The study suggests that ventilating an adult patient is possible with a smaller, pediatric-sized BVM. The tidal volumes recorded with the pediatric BVM were more consistent with lung-protective ventilation volumes.","No, EMS providers cannot provide appropriate tidal volumes with a pediatric-sized bag-valve-mask in an adult-sized patient. The bag-valve-mask will not deliver sufficient volume to effectively ventilate an adult."
PQ_0388,Can students' scores on preclerkship clinical performance examinations predict that they will fail a senior clinical performance examination?,"Under the conditions of this study, preclerkship (year 2) CPEs strongly predicted medical students at risk for failing a senior CPE. This finding opens the opportunity for remediation of deficits prior to or during clerkships.","Yes, preclerkship clinical performance examination scores can be a predictor of senior clinical performance examination failure."
PQ_0389,"Recovery Outcome Measures: Is There a Place for Culture, Attitudes, and Faith?","This paper discusses the cultural appropriateness of the RAQ in Australian settings, and identifies the need to develop rigorous, inclusive recovery outcome measures.","The impact of culture, attitudes, and faith on recovery outcomes can be investigated through qualitative and quantitative studies. Integrating these factors into recovery models could potentially enhance patient well-being."
PQ_0390,Can surgeon familiarization with current evidence lead to a change in practice?,This study has shown that mailing out a summary of current evidence to surgeons concerning a certain issue is not sufficient to lead to a change in practice.,"Yes, surgeon familiarity with current evidence can lead to a change in practice."
PQ_0391,Advanced epithelial ovarian carcinoma in Thai women: should we continue to offer second-look laparotomy?,The second-look laparotomy doesn't have a favorable impact on overall and disease-free survival. Tumor grade is the only independent prognostic variable for survival of the patients.,"Second-look laparotomy for advanced epithelial ovarian carcinoma in Thai women is a complex issue requiring careful consideration of patient selection, potential benefits, and resource allocation. Further research is needed to determine the optimal approach for this specific population."
PQ_0392,Is high-sensitivity C-reactive protein associated with carotid atherosclerosis in healthy Koreans?,"Both hsCRP levels and the carotid IMT were strongly correlated with conventional cardiovascular risk factors, but there was no independent association between hsCRP levels and carotid IMT in healthy Korean adults.","Yes, high-sensitivity C-reactive protein (hs-CRP) is associated with carotid atherosclerosis in healthy Koreans."
PQ_0393,Validation of the 2009 TNM version in a large multi-institutional cohort of patients treated for renal cell carcinoma: are further improvements needed?,"The recently released seventh edition of the primary tumor staging system for kidney tumors is a powerful predictor of CSS. However, some of the substages identified by the classification have overlapping prognoses, and other substages include patients with heterogeneous outcomes. The few modifications included in this edition may have not resolved the most critical issues in the previous version.",The 2009 TNM staging system for renal cell carcinoma (RCC) requires further refinement to improve its accuracy and prognostic value in contemporary clinical practice. More nuanced staging and molecular data integration are necessary to better stratify patients and guide treatment decisions.
PQ_0394,Are interstitial fluid concentrations of meropenem equivalent to plasma concentrations in critically ill patients receiving continuous renal replacement therapy?,"This is the first known report of concurrent plasma and ISF concentrations of a meropenem antibiotic during CVVHDF. We observed that the ISF concentrations of meropenem were significantly lower than the plasma concentrations, although the present dose was appropriate for infections caused by intermediately susceptible pathogens (MIC≤4 mg/L).","No, interstitial fluid concentrations of meropenem are not equivalent to plasma concentrations in critically ill patients receiving continuous renal replacement therapy."
PQ_0395,Does Sensation Return to the Nasal Tip After Microfat Grafting?,Postoperative numbness occurs in most patients receiving nasal microfat injections. Partial to complete recovery of nasal tip sensation can be expected to occur over a 3-month period.,"Yes, sensation typically returns to the nasal tip after microfat grafting."
PQ_0396,Do older men benefit from curative therapy of localized prostate cancer?,Potentially curative therapy results in significantly improved LE and QALE for older men with few comorbidities and moderately or poorly differentiated localized prostate cancer. Age should not be a barrier to treatment in this group.,"Evidence suggests that older men with localized prostate cancer may benefit from curative therapy, although the decision requires careful consideration of their overall health and life expectancy. The potential benefits of treatment must be weighed against the risks and potential side effects."
PQ_0397,Pituitary apoplexy: do histological features influence the clinical presentation and outcome?,"The patients who presented with histological features of pituitary tumor infarction alone had less severe clinical features on presentation, a longer course prior to presentation, and a better outcome than those presenting with hemorrhagic infarction or frank hemorrhage. The endocrine replacement requirements were similar in both groups.","Histological features of pituitary apoplexy, such as hemorrhage, necrosis, and inflammation, likely influence the clinical presentation and outcome, but more research is needed to fully understand these relationships. The specific histological findings may correlate with the severity of the apoplexy."
PQ_0398,Do African American women require fewer calories to maintain weight?,These results do not support the view that AA women are at greater risk for obesity because they require fewer calories to maintain weight.,There is no evidence to support the claim that African American women require fewer calories to maintain weight.
PQ_0399,Emergency double-balloon enteroscopy combined with real-time viewing of capsule endoscopy: a feasible combined approach in acute overt-obscure gastrointestinal bleeding?,"Emergency DBE is feasible, safe and effective in acute OGIB and may avoid major surgery, diagnosing and successfully treating most patients. Combined approach with RT viewing by CE is especially useful to identify recurrent bleeding vascular lesions such as DL that may be easily misdiagnosed by non-emergency DBE.","The study suggests that a combined double-balloon enteroscopy and capsule endoscopy approach can be a viable option for diagnosing acute, overt-obscure gastrointestinal bleeding. This approach offers a comprehensive assessment of the small intestine, which can be challenging with traditional methods."
PQ_0400,Cardiopulmonary bypass temperature does not affect postoperative euthyroid sick syndrome?,"The results of this study suggest that normothermic CPB does not prevent the development of the ""euthyroid sick syndrome"" during and after CPB. Despite these changes in thyroid function, most patients in both groups had a normal postoperative recovery.",There is no definite evidence to suggest that cardiopulmonary bypass (CPB) temperature directly causes euthyroid sick syndrome (ESS) after surgery.
PQ_0401,Body dysmorphic disorder: does it have a psychotic subtype?,"Body dysmorphic disorder may have a closely related psychotic subtype that significantly overlaps with, or may even be the same disorder as, the BDD variant of delusional disorder, somatic type. Inclusion of a psychotic subtype for BDD should be considered for future editions of DSM.","No, body dysmorphic disorder (BDD) does not have a formally recognized psychotic subtype."
PQ_0402,Does receipt of hospice care in nursing homes improve the management of pain at the end of life?,Findings suggest that analgesic management of daily pain is better for nursing home residents enrolled in hospice than for those not enrolled in hospice.The prescribing practices portrayed by this study reveal that many dying nursing home residents in daily pain are receiving no analgesic treatment or are receiving analgesic treatment inconsistent with AMDA and other pain management guidelines. Improving the analgesic management of pain in nursing homes is essential if high-quality end-of-life care in nursing homes is to be achieved.,"Yes, studies suggest that hospice care in nursing homes can improve pain management at the end of life."
PQ_0403,Fulfilling human resources development goal in West Africa: can the training of ophthalmologist diplomates be improved?,The ODT programme ensures ophthalmic manpower for secondary eye care level despite challenges. The stakeholders should look into problems facing the programme in order to improve it.,"Yes, training ophthalmologist diplomates in West Africa could be improved through targeted training programs and mentorship opportunities."
PQ_0404,Does binge drinking during early pregnancy increase the risk of psychomotor deficits?,"In this study, we found no systematic association between isolated episodes of binge drinking during early pregnancy and child motor function at age 5.","Yes, binge drinking during early pregnancy is associated with an increased risk of psychomotor deficits in offspring."
PQ_0405,Does tranexamic acid reduce desmopressin-induced hyperfibrinolysis?,Tranexamic acid administration significantly reduces desmopressin and bypass-induced hyperfibrinolysis. Combined use of tranexamic acid and desmopressin decreases both postoperative blood loss and transfusion requirement.,"Yes, tranexamic acid can reduce desmopressin-induced hyperfibrinolysis."
PQ_0406,Does ultrasound-scored synovitis depend on the pharmacokinetics of subcutaneous anti-TNF agents in patients with rheumatoid arthritis?,Our results suggested that s.c. anti-TNF pharmacokinetics do not significantly influence US-scored synovitis in RA patients.,"Yes, ultrasound-scored synovitis in rheumatoid arthritis patients receiving subcutaneous anti-TNF agents is likely influenced by their pharmacokinetics."
PQ_0407,Counter sampling combined with medical provider education: do they alter prescribing behavior?,"Education by pharmacists, combined with access to counter samples, may or may not have an effect on medical provider prescribing, depending on the category of medication targeted for cost control.","The impact of combined counter-sampling and medical provider education on prescribing behavior remains an area of ongoing research, with studies yielding mixed results. More research is needed to determine the effectiveness of this combined intervention strategy."
PQ_0408,Global Longitudinal Pathway: has medical education curriculum influenced medical students' skills and attitudes toward culturally diverse populations?,Clear and distinct differences between the two studied groups were found indicating the root of this increased confidence may have developed due to exposure to the Pathway program.,The Global Longitudinal Pathway (GLP) aims to assess whether medical education curricula have impacted medical students' skills and attitudes regarding culturally diverse populations.
PQ_0409,Failed IUD insertions in community practice: an under-recognized problem?,"The high rate of unsuccessful IUD insertions reported here, particularly for nulliparous women, suggests that the true insertion failure rate of providers who are not employing additional tools for difficult insertions may be much higher than reported in clinical trials. Further investigation is necessary to determine if this is a common problem and, if so, to assess if the use of adjuvant measures will reduce the number of unsuccessful IUD insertions.","Failed IUD insertions in community settings represent a significant clinical challenge, often overlooked. Addressing this issue requires standardized training and focused resources."
PQ_0410,Type II supracondylar humerus fractures: can some be treated nonoperatively?,"This study suggests that some of the less severe pediatric type II SCHFs can be successfully treated without surgery if close follow-up is achieved. Fractures with initial rotational deformity, coronal malalignment, and significant extension of the distal fragment are likely to fail a nonoperative approach. An algorithm using the initial radiographic characteristics can aid in distinguishing groups.","Yes, some Type II supracondylar humerus fractures can be treated nonoperatively, particularly in children with minimal displacement and stable fractures."
PQ_0411,The promise of specialty pharmaceuticals: are they worth the price?,"Current evidence suggests that when used in targeted patient populations, specialty pharmaceuticals may represent a good health care value.","Specialty pharmaceuticals offer targeted treatments for specific diseases, potentially improving patient outcomes and quality of life. However, their high cost raises concerns about accessibility and affordability for all patients."
PQ_0412,Does invasive diagnosis of nosocomial pneumonia during off-hours delay treatment?,An invasive strategy based on bronchoscopy to diagnose VAP was not associated with a longer time to first appropriate antibiotic administration when clinical suspicion of VAP occurs during off-hours.,"Yes, invasive diagnosis of nosocomial pneumonia during off-hours can delay treatment."
PQ_0413,Undescended testes: does age at orchiopexy affect survival of the testis?,From this study we conclude that there is no increase in testicular atrophy in patients less than 13 months.,"Yes, age at orchiopexy is a significant factor influencing testis survival after orchiopexy, with later intervention associated with a higher risk of testicular cancer and lower fertility."
PQ_0414,"Do lipids, blood pressure, diabetes, and smoking confer equal risk of myocardial infarction in women as in men?","This large study of the major risk factors compared between the sexes demonstrates similar relative risk of myocardial infarction associated with cholesterol for both sexes, however, the relative risk is higher in women for many other risk factors such as smoking, diabetes, elevated triglycerides and left ventricular hypertrophy.","No, the risk factors for myocardial infarction differ between men and women."
PQ_0415,Does family practice at residency teaching sites reflect community practice?,The residency training sites of the Northeastern Ohio Universities College of Medicine provide patient care opportunities similar to those found in a national survey of family and general practitioners.,"Family medicine residency programs aim to provide training in community-based primary care, but the extent to which residency teaching sites truly reflect this ideal varies."
PQ_0416,Midwives' competence: is it affected by working in a rural location?,"It is often assumed that midwives in rural areas where there are fewer deliveries, will be less competent and confident in their practice. Our exploratory study suggests that the issue of competence is far more complex and deserves further attention.","Studies suggest that working in rural locations can impact midwives' competence due to factors such as limited resources, isolation, and fewer opportunities for professional development."
PQ_0417,The effective orifice area/patient aortic annulus area ratio: a better way to compare different bioprostheses?,Comparisons of absolute EOA values grouped by the manufacturers' valve sizes are misleading because of specific differences in geometric dimensions. The EOA:patient aortic annulus area ratio provides a new hemodynamic index which may facilitate objective comparisons between different valve types.,The effective orifice area/patient aortic annulus area ratio is a potentially more accurate measure of bioprosthetic performance than the traditional ratio of valve area to annulus area. This is because it accounts for the influence of the annulus on valve function.
PQ_0418,Evaluation of pediatric VCUG at an academic children's hospital: is the radiographic scout image necessary?,"Although the estimated effective dose is low for VCUG radiographic scout images, this step did not augment VCUG interpretation or contribute management-changing information. This step should be omitted or substituted to further reduce dose in pediatric VCUG.","A radiographic scout image is not always necessary for pediatric VCUGs. The decision to obtain a scout should be based on individual patient factors, such as renal size and presence of anatomical abnormalities."
PQ_0419,Are endometrial polyps from pre-menopausal women similar to post-menopausal women?,"Pre- and post-menopausal polyps exhibit differing hormone receptor and proliferation markers, presumably a result of their hormonal milieu. However, both groups appear to have lost the usual control mechanisms for apoptotic regulation, this appears to be responsible for their growth.","Endometrial polyps in pre-menopausal women are often caused by unopposed estrogen, while post-menopausal polyps are more frequently due to hyperplasia of the endometrium."
PQ_0420,Does accompanying metabolic syndrome contribute to heart dimensions in hypertensive patients?,"Left ventricular dimensions are not influenced by MetS. Rather than MetS, hypertension is primarily responsible for changes in left ventricular dimensions. However, left atrial enlargement is more prominent in patients with MetS, suggesting that each MetS criterion contributes to left ventricular diastolic dysfunction.","Yes, metabolic syndrome is associated with increased heart dimensions in hypertensive patients."
PQ_0421,The Prevalence of Incidentally Detected Idiopathic Misty Mesentery on Multidetector Computed Tomography: Can Obesity Be the Triggering Cause?,"The results of the present study show that idiopathic incidental misty mesentery appearance has a significant prevalence. Also, the high body mass index of these patients and the growing evidence of obesity-induced inflammatory changes in adipose tissue are suggestive of an association between obesity and misty mesentery appearance on CT.","The study investigated the prevalence of incidentally detected idiopathic misty mesentery on multidetector computed tomography, focusing on potential associations with obesity. The findings suggest a relationship between obesity and the development of this condition."
PQ_0422,Are pediatric concussion patients compliant with discharge instructions?,"Pediatric patients discharged from the ED are mostly compliant with concussion instructions. However, a significant number of patients RTP on the day of injury, while experiencing symptoms or without medical clearance.",Studies show that pediatric concussion patients often struggle with compliance with discharge instructions.
PQ_0423,Is the zeolite hemostatic agent beneficial in reducing blood loss during arterial injury?,"According to the physiological parameters, we observed that zeolite tends to reduce blood loss, however could not stop bleeding completely. We believe that further clinical trials are needed to conclude that zeolite could be used in the routine practice.","Yes, studies suggest that zeolite hemostatic agents can reduce blood loss during arterial injury."
PQ_0424,Treatment as prevention in resource-limited settings: is it feasible to maintain HIV viral load suppression over time?,Maintaining viral load suppression over time in resource-limited-settings is feasible.,"Maintaining HIV viral load suppression over time during treatment as prevention (TasP) in resource-limited settings is challenging due to factors like high attrition rates, limited access to healthcare, and potential for stigma and discrimination. The long-term effectiveness of TasP in these settings requires further investigation to determine its sustainability and impact."
PQ_0425,Are octogenarians at high risk for carotid endarterectomy?,Combined end points for adverse events are acceptable in the octogenarian. Carotid endarterectomy remains the gold standard for treatment of extracranial carotid disease in all age groups. Age alone should not place patients in the high-risk category for carotid endarterectomy.,"The decision to perform a carotid endarterectomy (CEA) in octogenarians depends on individual factors, including the degree of carotid stenosis, overall health, and life expectancy. Age alone is not a contraindication, but careful consideration of the risks and benefits is essential."
PQ_0426,Has the mammography quality standards act affected the mammography quality in North Carolina?,"In 1995, the first year that the MQSA was in effect, there was a significant improvement in the quality of mammography in North Carolina. This improvement probably resulted from facilities' compliance with federal regulations.","The Mammography Quality Standards Act (MQSA) has had a significant impact on mammography quality in North Carolina, leading to improvements in screening practices and patient outcomes."
PQ_0427,Do hospitals provide lower quality care on weekends?,"Weekend hospitalization leads to delayed provision of intensive procedures and elevated 1-year mortality for elderly AMI patients. The existence of measurable differences in treatments raises questions regarding the efficacy of a single input regulation (e.g., mandated nurse staffing ratios) in enhancing the quality of weekend care. My results suggest that targeted financial incentives might be a more cost-effective policy response than broad regulation aimed at improving quality.","There is some evidence suggesting that hospital care quality may be lower on weekends, but this is a complex issue with various contributing factors. More research is needed to definitively establish a causal relationship between weekend and lower quality care."
PQ_0428,Screening History Among Women with Invasive Cervical Cancer in an Academic Medical Center: Will We Miss Cancers Following Updated Guidelines?,"In this small retrospective study, updated Pap test screening guidelines would not have missed invasive cancer on average among screened women age 30 and older. However, young patients aged 21-29 years may be at increased risk of developing IAC of the cervix between the recommended screening intervals.","This study examines the impact of updated cervical cancer screening guidelines on cancer detection rates, specifically focusing on identifying missed cancers in women with invasive cervical cancer. The research aims to determine if the new guidelines are effectively replacing missed cancers identified in the past."
PQ_0429,Oral mucocele/ranula: Another human immunodeficiency virus-related salivary gland disease?,"This study presents a different clinical picture of oral mucoceles/ranulas, as observed in HIV-positive patients. Additionally, it suggests a possible clinical link between the two pathologies. The authors strongly support the suggestion that oral mucocele/ranula is an HIV-related salivary gland disease.","While oral mucocele/ranula is not directly linked to HIV, some studies suggest a possible association between HIV and an increased risk of oral lesions, including mucocele-like lesions."
PQ_0430,Is there an increase in the incidence of gbs carrier rates among pregnant women in northern Israel?,In the present study we found a significant increase in the incidence of GBS colonization in pregnant women in northern Israel. We also found an increased rate of GBS carriers in Arab women relative to Jewish women.,"Yes, there is an increase in the incidence of GBS carrier rates among pregnant women in Northern Israel."
PQ_0431,Does a dedicated discharge coordinator improve the quality of hospital discharge?,"The introduction of a discharge coordinator improved the quality of discharge planning, but at additional cost.","Yes, a dedicated discharge coordinator can improve the quality of hospital discharge by facilitating smooth transitions and reducing readmissions."
PQ_0432,Can dobutamine stress echocardiography induce cardiac troponin elevation?,Our results indicate that there is no elevation of cTn despite the occurrence of significant WMAs on DSE. We conclude that cTnI cannot be used as an additional diagnostic tool during pharmacological stress test performed to evaluate the presence and severity of ischemia.,"Yes, dobutamine stress echocardiography can induce cardiac troponin elevation, especially in patients with pre-existing myocardial ischemia or high-risk features."
PQ_0433,Cigarettes and cinema: does parental restriction of R-rated movie viewing reduce adolescent smoking susceptibility?,Parental restriction of R-rated movie viewing is associated with both lower adolescent smoking susceptibility and lower smoking rates.,This study investigates the relationship between parental restrictions on R-rated movies and adolescent smoking rates. It aims to determine if limiting access to certain films can influence a teenager's likelihood of starting to smoke.
PQ_0434,Are laboratories reporting serum quantitative hCG results correctly?,"Many factors contribute to the erroneous reporting of hCG results, including (a) the complexity of hCG molecule and confusion of nomenclature on the various forms of hCG; (b) laboratory personnel's lack of awareness of the distinctions of the forms of hCG and failure to recognize the specificity of assays for their measurement; (c) lack of clarity and uniformity in manufacturers' reagent labeling; and (d) most product inserts' lack of information on the specificity of each method to the various forms of hCG.",There are discrepancies in the reporting of serum quantitative hCG results in laboratories. Further investigation is needed to determine the extent of the problem and its implications for clinical management.
PQ_0435,Steroids in aminoglycoside-containing ear drops: do they reduce cochlear toxicity?,Our data suggest that hearing loss caused by GM otic drops may be reduced by the inclusion of BM and benzalkonium chloride. Our finding that BM alone was associated with hearing loss suggests that the benzalkonium chloride may be the protective agent in combination otic drops.,Steroid-containing aminoglycoside ear drops may reduce cochlear toxicity compared to aminoglycoside-containing ear drops alone.
PQ_0436,Does having a regular primary care clinician improve quality of preventive care for young children?,"Having a regular primary care clinician is embraced in pediatrics, although team care among physicians is also widely practiced. For young children, having a regular clinician is associated with modest gains in interpersonal quality and no differences in content of anticipatory guidance. The benefit of having a regular clinician may primarily occur in interpersonal quality for subgroups of young children.","Yes, having a regular primary care clinician is associated with improved quality of preventive care for young children."
PQ_0437,Does performance in selection processes predict performance as a dental student?,"The study found important socio-demographic differences in pre-admission test scores, but those scores did not predict performance in the dental programme, whether measured in second year or in final year.","Yes, performance in selection processes is a good predictor of performance as a dental student."
PQ_0438,Is it time to reconsider lobectomy in low-risk paediatric thyroid cancer?,"Ultrasound and histopathology identify a substantial population that may be candidates for lobectomy, avoiding the risks and potential medical and psychosocial morbidity associated with total thyroidectomy. We propose a clinical framework to stimulate discussion of lobectomy as an option for low-risk patients.","The current evidence suggests that lobectomy is a safe and effective option for low-risk pediatric thyroid cancers, potentially offering a less invasive alternative to total thyroidectomy. Further research is needed to determine the optimal approach for each patient."
PQ_0439,Is an advance care planning model feasible in community palliative care?,An advance care planning model is feasible for community palliative care services. Quality audit processes are an essential component of the Model with documentation of advance care planning discussion established as an important outcome measure.,"Yes, advance care planning models can be feasible in community palliative care settings."
PQ_0440,Do preoperative serum C-reactive protein levels predict the definitive pathological stage in patients with clinically localized prostate cancer?,"In patients with clinically localized PC, CRP does not appear to possess the predictive value and it was shown to have patients with other tumor entities or advanced PC.","Yes, preoperative serum C-reactive protein (CRP) levels are associated with the definitive pathological stage in patients with clinically localized prostate cancer. Higher preoperative CRP levels tend to correlate with a higher pathological stage."
PQ_0441,Sub-classification of low-grade cerebellar astrocytoma: is it clinically meaningful?,"Discordant observations due to interobserver variability make histological sub-classification of low-grade cerebellar astrocytomas in children insufficient for predicting prognosis and biological behaviour. Similar survival rates in a population of paediatric low-grade cerebellar astrocytomas of grades I and II indicate that tumour grade has no prognostic significance within this group of patients. ""Surgically gross-total removal"", especially if the tumour is located in the fourth ventricle is of the highest importance for long-term survival. Histological sub-classification of the tumours has no predictive value.","The clinical significance of sub-classification of low-grade cerebellar astrocytomas is currently unclear, and further research is needed to determine if these distinctions are predictive of patient outcomes. Future studies should focus on identifying specific molecular or genetic features that can differentiate these tumor subtypes and inform treatment decisions."
PQ_0442,After CLASS--Is a voluntary public insurance program a realistic way to meet the long-term support and service needs of adults with disabilities?,"While more than a quarter of the middle-aged adult population said they were interested in PAS insurance, actual participation would be highly dependent on premium rates. The current lack of publicly subsidized insurance for long-term care and personal assistance services remains a serious gap in the disability service system.","A voluntary public insurance program could potentially offer a more flexible and accessible approach to long-term support and services for adults with disabilities compared to traditional, mandatory programs. However, its success hinges on adequate funding, effective program design, and broad public acceptance."
PQ_0443,Is intraoperative neuromonitoring associated with better functional outcome in patients undergoing open TME?,In this study TME with IONM was associated with significant lower rates of urinary and anorectal dysfunction. Prospective randomized trials are mandatory to evaluate the definite role of IONM in rectal cancer surgery.,"The evidence regarding the impact of intraoperative neuromonitoring (IONM) on functional outcomes in open total hip arthroplasty (THA) is mixed and inconclusive, with some studies suggesting potential benefits and others showing no significant difference."
PQ_0444,Can we predict which head and neck cancer survivors develop fears of recurrence?,"Although components of the CSM (cognitive and emotional representations, coping strategies) were associated with fears of recurrence, optimism was found to be the strongest predictor of fear, independent of anxiety and level of fear reported prior to treatment.",We can predict recurrence fears in head and neck cancer survivors using clinical and genetic factors.
PQ_0445,The secular growth acceleration: does it appear during fetal life?,Our investigation did not undoubtedly prove that significant changes of fetal biometric parameters occurred in the last three decades. It is possible that secular growth acceleration does not exist in prenatal period but also the observed time period could have been short for this phenomenon to manifest.,"No, the secular growth acceleration primarily occurs during the pubertal growth spurt."
PQ_0446,Does hippocampal atrophy on MRI predict cognitive decline?,HCA was not found to be a predictor of subsequent cognitive decline in this series.,"Yes, hippocampal atrophy on MRI is a well-established risk factor for cognitive decline."
PQ_0447,Chemoradiotherapy in the management of locally advanced squamous cell carcinoma esophagus: is surgical resection required?,The study suggests that there is no difference in clinical toxicity profiles or survival outcomes with either definitive chemoradiotherapy or chemoradiation followed by surgery in management of locally advanced esophageal cancer.,"Chemoradiotherapy is a standard treatment for locally advanced esophageal squamous cell carcinoma, and surgical resection is not always required, depending on the patient's overall health and the tumor's characteristics. The decision to proceed with surgery is individualized and based on factors like patient's life expectancy, performance status, and the extent of the disease."
PQ_0448,Does quantitative left ventricular regional wall motion change after fibrous tissue resection in endomyocardial fibrosis?,"Although endomyocardial fibrosis patients have improved clinical symptoms after surgery, the global left ventricular ejection fraction and regional wall motion in these patients do not change. This finding suggests that other explanations, such as improvements in diastolic function, may be operational.","Yes, quantitative left ventricular regional wall motion changes after fibrous tissue resection in endomyocardial fibrosis."
PQ_0449,Bridge experience with long-term implantable left ventricular assist devices. Are they an alternative to transplantation?,"Over all, our medium-term experience with implantable LVAD support is encouraging. Although additional areas of investigation exist, improvements in patients selection and management together with device alterations that have reduced the thromboembolic incidence and facilitated patient rehabilitation lead us to believe that a prospective, randomized trial is indicated to study the role that LVADs may have as an alternative to medical management.","Long-term experience suggests that LVADs can be an alternative to transplantation in selected patients with end-stage heart failure, but they are not a complete replacement for the heart. LVADs offer a bridge to transplantation or destination therapy, with ongoing research to improve their long-term outcomes and explore their potential as a definitive therapy."
PQ_0450,Does occupational nuclear power plant radiation affect conception and pregnancy?,The data suggest that occupational exposure due to ionizing radiation should be investigated as a possible cause for involuntary temporary sterility and as a risk factor for early pregnancy disorders.,"The available evidence suggests that occupational exposure to radiation in nuclear power plants does not significantly increase the risk of conception problems or adverse pregnancy outcomes. However, further research is needed to definitively rule out any potential long-term effects."
PQ_0451,Lloyd-Davies position with Trendelenburg--a disaster waiting to happen?,"The use of the modified lithotomy position during pelvic surgery is not associated with lower limb ischemia. Addition of Trendelenburg position, however, causes profound ischemia of the lower limbs, and this is followed during the recovery period by hyperperfusion that is confined to the muscle compartments, which may put patients at risk of developing lower limb compartment syndrome.","The Lloyd-Davies position with Trendelenburg, especially in patients with compromised cardiovascular function, carries a significant risk of orthostatic hypotension and potentially life-threatening complications."
PQ_0452,Is patient outcome compromised during the initial experience with robot-assisted radical cystectomy?,"• Initial experience with RARC did not affect the incidence of positive surgical margins, operative/postoperative complications, or overall survival in a single-institution series.","Yes, initial experiences with robot-assisted radical cystectomy can be associated with compromised patient outcomes."
PQ_0453,Is the Retromandibular Transparotid Approach a Reliable Option for the Surgical Treatment of Condylar Fractures?,"According to the results of the present study, the retromandibular transparotid approach is a viable and safe approach for the surgical treatment of condylar fractures.",The Retromandibular Transparotid Approach is a reliable option for the surgical treatment of condylar fractures. It offers excellent visualization and access to the condylar region.
PQ_0454,Appendectomy timing: Will delayed surgery increase the complications?,"In our study, it was observed that although longer ETA was associated with longer hospitalization, ETA was not correlated with postoperative complications. Our results inclined toward the position that appendectomy can be performed as a semielective surgery.","Delayed appendectomy can increase the risk of complications, such as perforation, abscess formation, and peritonitis, but the optimal timing depends on the patient's overall health and the severity of the appendicitis."
PQ_0455,Treatment of vitamin D deficiency in CKD patients with ergocalciferol: are current K/DOQI treatment guidelines adequate?,Current K/DOQI guidelines are inadequate for correcting VDDI or secondary hyperparathyroidism in CKD patients. Future studies should examine the effects of higher or more frequent dosing of ergocalciferol on these clinical endpoints.,"The K/DOQI guidelines may not fully address the optimal vitamin D supplementation strategies for CKD patients with vitamin D deficiency, warranting further investigation into ergocalciferol use. The current guidelines require further refinement to reflect the latest evidence on vitamin D supplementation in CKD."
PQ_0456,Comparing femoral version after intramedullary nailing performed by trauma-trained and non-trauma trained surgeons: is there a difference?,"Post-operative version or percentage of DFV>15° did not significantly differ following IMN of diaphyseal femur fractures between surgeons with and without trauma fellowship training. However, prospective data that removes the inherent bias that the more complex cases are left for the traumatologists are required before a definitive comparison is made.","The use of intramedullary nailing for femoral shaft fractures does not significantly differ between trauma-trained and non-trauma trained surgeons, and there is no significant difference in the resulting femoral version."
PQ_0457,Does Viral Co-Infection Influence the Severity of Acute Respiratory Infection in Children?,"The presence of more than one virus in hospitalized children with ARI is very frequent but it does not seem to have a major clinical impact in terms of severity. However bacterial superinfection increases the severity of the disease course. On the contrary, pneumococcal vaccination plays a protective role.","Yes, viral co-infection can influence the severity of acute respiratory infections in children. The presence of multiple viruses can lead to increased inflammation and a higher risk of complications."
PQ_0458,Will clinical studies elucidate the connection between the length of storage of transfused red blood cells and clinical outcomes?,Ongoing RCTs may lack enough power to settle the issue of whether or not the transfusion of stored blood has a negative clinical impact. A precautionary reduction of the maximum storage time to 35 days is advisable.,"Yes, clinical studies will likely reveal the relationship between RBC storage duration and clinical outcomes."
PQ_0459,Cardiogenic shock complicating acute myocardial infarction in elderly patients: does admission to a tertiary center improve survival?,"In a community-based cohort, patients with acute myocardial infarction complicated by cardiogenic shock did not have significantly different adjusted 30-day and 1-year mortality, irrespective of the revascularization capabilities of the admitting hospital.",Admission to a tertiary center for cardiogenic shock complicating acute myocardial infarction in elderly patients is associated with improved survival.
PQ_0460,Learning needs of postpartum women: does socioeconomic status matter?,"It is important to ensure that new mothers are adequately informed about topics important to them while in hospital. The findings highlight the need for accessible and appropriate community-based information resources for women in the postpartum period, especially for those of low socioeconomic status.","Socioeconomic status (SES) can influence postpartum learning, with lower SES potentially linked to reduced access to education and resources, impacting cognitive development and educational attainment. Further research is needed to understand the specific mechanisms by which SES affects postpartum learning."
PQ_0461,Pitfalls in urinary stone identification using CT attenuation values: are we getting the same information on different scanner models?,"According to our study, there is a great variability when different brands and models of scanners are compared directly. Furthermore, the CT scan analysis and HU evaluation appears to gather insufficient information in order to characterize and identify the composition of renal stones.","CT attenuation values can vary between scanner models, potentially leading to inaccurate stone identification. This variability needs to be accounted for to ensure reliable urinary stone detection across different imaging systems."
PQ_0462,Laminoplasty outcomes: is there a difference between patients with degenerative stenosis and those with ossification of the posterior longitudinal ligament?,Patients with CSM due to either degenerative disease or segmental OPLL have similar perioperative results and neurological outcomes with laminoplasty. The VAS neck pain scores did not improve significantly with laminoplasty for either group. Laminoplasty may limit extension ROM.,"Studies suggest that laminoplasty outcomes may differ between patients with degenerative stenosis and those with ossification of the posterior longitudinal ligament, although more research is needed to confirm these differences."
PQ_0463,Immunohistochemical assessment of steroid hormone receptors in tissues of the anal canal. Implications for anal incontinence?,Expression of ER is a constitutional feature of the connective tissue and smooth muscle cells of the anal continence organ. Estrogen receptors and PR are not detectable in the striated muscle fibers of the external anal sphincter in either sex. The presence of ER in the stroma and smooth muscles of the anal canal suggests that these tissues are targets for estrogen. This constitutes a theoretical basis for the beneficial effects of estrogen and progestin replacement on anal continence in postmenopausal women.,Immunohistochemistry can determine the expression of steroid hormone receptors (estrogen and progesterone) in the anal canal. This information could potentially relate to the development of anal incontinence.
PQ_0464,Is acute fibrinous and organizing pneumonia the expression of immune dysregulation?,"Aplastic anemia is associated with a variety of autoimmune syndromes. The sequence of events in our patient suggests that the hepatic failure, AFOP, and the VSAA may all have been part of an autoimmune syndrome. AFOP could be the result of immune dysregulation in this pediatric case with favorable outcome after immunosuppressive therapy and hematopoietic stem cell transplantation.","Yes, acute fibrinous and organizing pneumonia (AFLP) is often associated with immune dysregulation, particularly in the context of autoimmune diseases or systemic inflammation."
PQ_0465,Hypotension in patients with coronary disease: can profound hypotensive events cause myocardial ischaemic events?,"In patients with ischaemic heart disease and hypotension, symptomatic and silent ischaemia occurred in a temporally causal relation with hypotension, particularly for diastolic pressures, suggesting that patients with coronary disease may be susceptible to ischaemic events incurred as a result of low blood pressure caused by excessive hypotensive drug treatment.",Hypotension in coronary disease patients can potentially exacerbate myocardial ischemia by reducing coronary perfusion pressure.
PQ_0466,An HIV1/2 point of care test on sputum for screening TB/HIV co-infection in Central India - Will it work?,"This testing method may provide a useful strategy for conducting HIV surveillance in possible co-infected TB patients at peripheral centres. Since there is no investment on infrastructure, it may be possible for paramedical health professionals to carry out the test, particularly in areas with low HIV endemicity.","The HIV1/2 point-of-care test on sputum for screening TB/HIV co-infection in Central India has the potential to be a viable option, but further validation and optimization are crucial to ensure accuracy and reliability in the specific context of Central India."
PQ_0467,Do inhaled corticosteroids affect perception of dyspnea during bronchoconstriction in asthma?,We have shown that eosinophilic inflammation of the airway wall may increase PD and that the association of eosinophil counts with ICSs may result in lessening the PD.,"Inhaled corticosteroids (ICS) can improve dyspnea perception during bronchoconstriction in asthma, likely by reducing airway inflammation and improving lung function."
PQ_0468,Is routine chest radiography after transbronchial biopsy necessary?,"We conclude that routine CXR after bronchoscopy with TBB is necessary only in patients with symptoms suggestive of pneumothorax. In asymptomatic patients, pneumothorax is rare and usually small, so routine CXR is not necessary in this category of patients.",Routine chest radiography is not always necessary after transbronchial biopsy. It can be considered based on the clinical indication and potential complications.
PQ_0469,Is it safe to perform rectal anastomosis in gynaecological debulking surgery without a diverting stoma?,Low rectal resection during debulking procedures for gynaecological cancers with peritoneal carcinomatosis can safely be performed by an experienced surgeon without a diverting stoma.,"No, it is not safe to perform rectal anastomosis in gynaecological debulking surgery without a diverting stoma. The risk of fecal contamination and subsequent infection is too high."
PQ_0470,Does angiotensin-converting enzyme-1 (ACE-1) gene polymorphism lead to chronic kidney disease among hypertensive patients?,It is concluded that ACE-DD genotype may be a risk factor for the causation and development of chronic kidney failure among hypertensive patients.,ACE-1 gene polymorphisms are not a significant risk factor for chronic kidney disease in hypertensive patients.
PQ_0471,Does laparoscopic antireflux surgery improve quality of life in patients whose gastro-oesophageal reflux disease is well controlled with medical therapy?,"Laparoscopic antireflux surgery significantly improved quality of life in reflux patients whose symptoms were well controlled on medical therapy. Although on the basis of a noncomparative trial with a relatively short follow-up period, we believe such patients should be considered for laparoscopic antireflux surgery.",The evidence suggests that laparoscopic antireflux surgery does not significantly improve quality of life in patients with well-controlled GERD on medical therapy.
PQ_0472,Is semi-closed endarterectomy of the superficial femoral artery combined with a short venous bypass in case of insufficient venous material an acceptable alternative for limb-threatening ischemia?,"In patients with limb-threatening ischemia and lack of venous material for a straightforward venous femorocrural bypass, semi-closed endarterectomy of the superficial femoral artery combined with a short popliteo-crural bypass provides a good alternative.","Yes, semi-closed endarterectomy of the superficial femoral artery combined with a short venous bypass is a recognized and acceptable alternative for limb-threatening ischemia when sufficient venous material is not available."
PQ_0473,Can biofeedback training of psychophysiological responses enhance athletes' sport performance?,"One year following completion of the training program, all participants from the experimental group indicated that they were still using the biofeedback - psycho-regulation skills. Furthermore, these participants uniformly reported believing that these skills had enhanced their athletic performance and general well-being.","Yes, biofeedback training of psychophysiological responses can potentially enhance athletes' sport performance."
PQ_0474,Do cytokines have any role in epilepsy?,We found increased post-ictal serum cytokine levels in patients with several epilepsy syndromes.,"Yes, cytokines play a role in epilepsy, influencing inflammation, neuronal excitability, and synaptic plasticity in the brain, all of which are implicated in the pathophysiology of epilepsy."
PQ_0475,Cue-induced behavioural activation: a novel model of alcohol craving?,"Cue-induced behavioural activation was specific to alcohol cues, reproducible, persistent and could be blocked by naltrexone, and its correlation with human self-report of craving makes it a potentially useful model for studying alcohol craving.","Yes, cue-induced behavioural activation could be a novel model of alcohol craving. The study suggests that cues, when paired with behavioral activation, can strengthen the association between those cues and alcohol consumption."
PQ_0476,Can routine offering of influenza vaccination in office-based settings reduce racial and ethnic disparities in adult influenza vaccination?,Improved office-based practices regarding influenza vaccination could significantly impact Healthy People 2020 goals by increasing influenza vaccine uptake and reducing corresponding racial and ethnic disparities.,"Yes, routine influenza vaccination in office-based settings has the potential to reduce racial and ethnic disparities in adult influenza vaccination. This is because it increases accessibility and convenience for populations who may face barriers to traditional vaccination sites."
PQ_0477,Colorectal cancer in young patients: is it a distinct clinical entity?,Colorectal cancer among young patients may constitute a distinct clinical entity. Further research is needed to validate our findings and define the optimal approach in this population.,Colorectal cancer (CRC) in young patients presents unique challenges due to its relative rarity and distinct risk factors. Further research is needed to understand the specific characteristics and optimal management strategies for this population.
PQ_0478,Can implant retention be recommended for treatment of infected TKA?,"Although initial infection control rate was substantially lower in the retention group than the removal group, final results were comparable at latest followup. We believe retention treatment can be selectively considered for non-S. aureus infection, and when applied in selected patients, polyethylene exchange should be performed.","Implant retention is a potential option for treating infected Total Knee Arthroplasty (TKA), but it is not a universally recommended first-line approach.  The decision to use implant retention depends on several factors, including the severity of the infection, patient health, and surgical expertise."
PQ_0479,Long-term significance of postictal psychotic episodes II. Are they predictive of interictal psychotic episodes?,"A history of PIPE may be a risk factor for the development of IPE. Yet, the disappearance of significance on multivariate analysis indicates that it is not an independent predictor.","Postictal psychosis may indicate a vulnerability to future interictal psychosis, warranting further investigation into shared underlying mechanisms. The presence of postictal psychosis could be a predictor of subsequent interictal psychosis."
PQ_0480,Do primary care physicians underprescribe antibiotics for peptic ulcer disease?,"While Italian primary care physicians appropriately target eradication therapy for H pylori infection in patients with peptic ulcer disease rather than nonulcer disease, the intervention was still underused in these patients. Improvements in this prescribing behavior are needed.","There is evidence suggesting that primary care physicians may underprescribe antibiotics for peptic ulcer disease. This issue is likely due to factors such as diagnostic uncertainty, patient-related concerns, and limitations in primary care resources."
PQ_0481,Blunt trauma in intoxicated patients: is computed tomography of the abdomen always necessary?,"The incidence of abdominal injury in intoxicated, hemodynamically stable, blunt trauma patients with a normal abdominal examination and normal mentation is low. Physical examination and attention to clinical risk factors allow accurate abdominal evaluation without CT.","No, computed tomography of the abdomen is not always necessary in blunt trauma patients who are intoxicated. Clinical assessment and focused physical examination are often sufficient to rule out life-threatening injuries in these patients."
PQ_0482,Chronic progressive cervical myelopathy with HTLV-I infection: Variant form of HAM/TSP?,"These four cases may belong to a variant form of HAM/TSP, predominantly involving the cervical cord levels.","Yes, chronic progressive cervical myelopathy with HTLV-I infection can be a variant of HAM/TSP."
PQ_0483,Gender difference in survival of resected non-small cell lung cancer: histology-related phenomenon?,"Women had better survival than men; however, there was no survival advantage in propensity-matched gender pairs. A gender difference in survival was observed only in the adenocarcinoma subset, suggesting pathobiology in adenocarcinoma in women might be different from that of men.","The difference in survival between genders after lung cancer resection is likely due to a combination of factors, including histology, treatment strategies, and patient-specific characteristics."
PQ_0484,Is lumbar drainage of postoperative cerebrospinal fluid fistula after spine surgery effective?,Lumbar drainage seems to be effective and safe both in preventing CSF fistula in cases of large dural tears and debilitated/irradiated patients and in treating CSF leaks.,"Yes, lumbar drainage of postoperative cerebrospinal fluid (CSF) fistula after spine surgery is effective in reducing ICP and improving neurological outcomes."
PQ_0485,Is obesity a risk factor for wheezing among adolescents?,"Since obesity at the start of adolescence is associated with asthma symptom persistence, prevention and treatment of obesity may reduce avoidable healthcare costs and disease burden.","Yes, obesity is associated with an increased risk of wheezing in adolescents."
PQ_0486,Dose end-tidal carbon dioxide measurement correlate with arterial carbon dioxide in extremely low birth weight infants in the first week of life?,There is good correlation and agreement between end-tidal CO(2) and arterial CO(2) in ELBW infants in the EtCO(2) range 30-50 mmHg. End-tidal CO(2) monitoring can be helpful in trending or for screening abnormal PaCO(2) values in ELBW infants in first week of life.,"No, end-tidal carbon dioxide (ETCO2) measurements do not accurately correlate with arterial carbon dioxide (PaCO2) in extremely low birth weight infants in the first week of life."
PQ_0487,Is CA72-4 a useful biomarker in differential diagnosis between ovarian endometrioma and epithelial ovarian cancer?,This study suggests that CA72-4 determination can be useful to confirm the benign nature of ovarian endometriomas in women with high CA125 levels.,CA72-4 is not a reliable biomarker for differentiating between ovarian endometrioma and epithelial ovarian cancer.
PQ_0488,Preservation of the PCL when performing cruciate-retaining TKA: Is the tibial tuberosity a reliable predictor of the PCL footprint location?,"Current surgical techniques of tibial preparation may result in partial or total PCL damage. Tibial tuberosity is a useful anatomical landmark to locate the PCL footprint and to predict the probability of its detachment pre-, intra-, and postoperatively. This knowledge might be useful to predict and avoid instability, consecutive pain, and dissatisfaction after TKA related to PCL insufficiency.","The tibial tuberosity is a reliable predictor of the PCL footprint location, which is crucial for successful cruciate-retaining TKA."
PQ_0489,The English antibiotic awareness campaigns: did they change the public's knowledge of and attitudes to antibiotic use?,There is little evidence that the 2008 public antibiotic campaigns were effective. The use and visibility of future campaign materials needs auditing. A carefully planned approach that targets the public in GP waiting rooms and through clinicians in consultations may be a more effective way of improving prudent antibiotic use.,"English antibiotic awareness campaigns likely had a limited impact on public knowledge and attitudes towards antibiotic use, as measured by studies. More research is needed to determine the specific effects of these campaigns."
PQ_0490,Does increased nerve length within the treatment volume improve trigeminal neuralgia radiosurgery?,Increasing the treatment volume to include a longer nerve length for trigeminal neuralgia radiosurgery does not significantly improve pain relief but may increase complications.,"Increased nerve length within the treatment volume is not directly associated with improved trigeminal neuralgia radiosurgery outcomes. Radiosurgery focuses on ablating the trigeminal ganglion, regardless of nerve length."
PQ_0491,Is the affinity column-mediated immunoassay method suitable as an alternative to the microparticle enzyme immunoassay method as a blood tacrolimus assay?,"The ACMIA method used for a tacrolimus assay is precise and has advantages, including the lack of a required pretreatment procedure. Furthermore, it is only slightly influenced by the hematologic or biochemical status of the samples.","Yes, the affinity column-mediated immunoassay method can be a suitable alternative to microparticle enzyme immunoassay for blood tacrolimus assays, especially when high sensitivity and specificity are required."
PQ_0492,Should tumor depth be included in prognostication of soft tissue sarcoma?,Most of the prognostic value of tumor depth in soft tissue sarcomas of the extremity or trunk wall can be explained by the association between tumor size and depth.,"Yes, tumor depth is a significant prognostic factor for soft tissue sarcoma."
PQ_0493,Is amoxapine an atypical antipsychotic?,"PET data show that amoxapine's profile is very similar to that of the established atypical antipsychotics. These data, together with amoxapine's in vitro pharmacologic profile, effectiveness in animal models, and efficacy in psychotic depression raise the possibility of amoxapine as an ""atypical"" antipsychotic agent in the treatment of schizophrenia.","No, amoxapine is a tetracyclic antidepressant."
PQ_0494,Does topical N-acetylcysteine application after myringotomy cause severe otorrhea?,N-acetylcysteine may cause severe otorrhea in the healing process of tympanic membrane perforations. Further studies including histopathological examinations are required to elucidate this condition.,There is no strong evidence to suggest that topical N-acetylcysteine application after myringotomy causes severe otorrhea.
PQ_0495,Is non-HDL-cholesterol a better predictor of long-term outcome in patients after acute myocardial infarction compared to LDL-cholesterol?,"Non-attaining non-HDL-C goal predicted MACE at long-term follow-up after AMI whereas non-attaining LDL-C goal was not associated with the higher risk. Therefore, non-HDL-C may be a more suitable target of dyslipidemia treatment than LDL-C in patients after AMI.","Yes, non-HDL-cholesterol is a stronger predictor of long-term outcome after acute myocardial infarction than LDL-cholesterol."
PQ_0496,Is intrapartum vibroacoustic stimulation an effective predictor of fetal acidosis?,"We found that intrapartum VAS was an effective predictor of fetal acidosis in cases of FHR variable decelerations, but its predictability for fetal acidosis in cases of FHR late decelerations was limited. Both VAS and fetal blood pH are good predictors of neonatal morbidity.",The evidence regarding the effectiveness of intrapartum vibroacoustic stimulation as a predictor of fetal acidosis is conflicting and inconclusive. More research is needed to establish a definitive relationship.
PQ_0497,The association of puberty and young adolescent alcohol use: do parents have a moderating role?,"Puberty and family factors were strong predictors of adolescent alcohol use, but family factors did not account for variation in the association of pubertal stage and alcohol use.","Parents' involvement in their adolescent's life, particularly their stance on alcohol use, can influence the relationship between puberty and young adolescent alcohol use.  Parental monitoring and communication about alcohol may buffer the negative effects of puberty-related changes."
PQ_0498,Must early postoperative oral intake be limited to laparoscopy?,"Early oral intake is possible after laparotomy and colorectal resection. Thus, the laparoscopic surgeon's claim of early tolerated oral intake may not be unique to laparoscopy.","No, early postoperative oral intake should be limited based on the patient's individual needs, surgical procedure, and tolerance, not solely based on the type of surgery."
PQ_0499,Does loss of consciousness predict neuropsychological decrements after concussion?,The results of this study cast doubt on the importance of LOC as a predictor of neuropsychological test performance during the acute phase of recovery from mild traumatic brain injury. Neuropsychological testing procedures have been shown to be sensitive in measuring cognitive sequelae of mild traumatic brain injury (concussion) in athletes. The failure of this study to find any relationship between LOC and neuropsychological functioning in a large sample of patients with mild head trauma calls into question the assignment of primary importance to LOC in grading severity of concussion. This study also does not provide support for the use of guidelines that rely heavily on LOC in making return-to-play decisions. Continued research is necessary to determine the relative importance of markers of concussion in athletes.,"Yes, loss of consciousness (LOC) is associated with a higher risk of neuropsychological deficits following concussion."
PQ_0500,Does body mass index (BMI) influence morbidity and long-term survival in gastric cancer patients after gastrectomy?,"The body mass index is one of the prognostic factors of stage 2 and stage 3a gastric cancer. However, it does not appear to be useful for determining the prognosis of stage 1a, 1b, 3b, and 4a gastric cancers.","Yes, BMI is associated with increased morbidity and reduced long-term survival in gastric cancer patients after gastrectomy."
PQ_0501,Does patella position influence ligament balancing in total knee arthroplasty?,"The gaps in patella eversion demonstrated smaller gaps both in knee extension and flexion position compared to the gaps of patella reduction position. The amount of decreased gaps was more definite in knee flexion position. Therefore, the intraoperative patellar positioning has influence on the measurement of the joint gap. Keeping the patella in reduced position is important during gap balancing.","Yes, patella position during total knee arthroplasty (TKA) can influence ligament balancing."
PQ_0502,Is the advanced age a contraindication to GERD laparoscopic surgery?,"Laparoscopic antireflux surgery is a safe and effective treatment for GERD even in elderly patients, warranting low morbidity and mortality rates and a significant improvement of symptoms comparable to younger patients.","Advanced age is not an absolute contraindication to GERD laparoscopic surgery. However, the surgeon must consider the patient's overall health, comorbidities, and ability to tolerate anesthesia."
PQ_0503,Ultra high risk (UHR) for psychosis criteria: are there different levels of risk for transition to psychosis?,"Our data suggest that UHR intake criteria predict transition over 6 months in the order of Trait alone<APS<BLIPS. The fact that BLIPS patients are at the highest risk of transition over the short term is consistent with the ""early"" versus ""late"" prodrome model. It also indicates that particular clinical attention may need to be paid to BLIPS patients, especially early in the course of treatment.","Yes, UHR for psychosis criteria encompass different levels of risk for transitioning to psychosis. These levels can vary based on individual factors and the specific criteria used."
PQ_0504,Has the 80-hour workweek improved surgical resident education in New England?,"Despite the positive effects the 80-hour workweek has had on resident quality of life and patient care, it does not seem that either significant improvements or detrimental effects have occurred on surgical education within residency programs in New England.","No, there is no evidence to suggest that an 80-hour workweek has improved surgical resident education in New England."
PQ_0505,Can continuous physical training counteract aging effect on myoelectric fatigue?,It appears possible that aging skeletal muscles subjected to continuous exercise develop an adaptive response that counteracts the selective loss of type II muscle fibers usually observed in the muscles of elderly sedentary subjects. Our results suggest that physical activity could be considered in the elderly within a broad rehabilitative framework in which appropriate and even tailored physical training could be planned to counteract the physiologic effects of aging on muscle fiber distribution.,"Yes, continuous physical training can potentially counteract the aging effect on myoelectric fatigue."
PQ_0506,Does ischemic preconditioning require reperfusion before index ischemia?,"The preconditioning effect (infarct size reduction) appears not to depend on intermittent reperfusion. Thus, the protective mechanism of IP develops during the initial ischemia that precedes the index ischemia. Alternatively, low-flow ischemia is effectively a sort of reperfusion.","Yes, ischemic preconditioning requires a period of ischemia before the index ischemia."
PQ_0507,Are sports medicine journals relevant and applicable to practitioners and athletes?,There is a dearth of studies addressing diagnostic and treatment interventions in the sports medicine literature. The evidence base for sports medicine must continue to increase in terms of volume and quality.,"Yes, sports medicine journals provide valuable information for practitioners and athletes regarding injury prevention, treatment, and performance optimization."
PQ_0508,Does head positioning influence anterior chamber depth in pseudoexfoliation syndrome?,"In patients with clinically apparent unilateral pseudoexfoliation, the lens seems to be more mobile in the affected eye. This results in a shallower anterior chamber when the head is placed in a prone position. Whether this fact might potentially lead to transient pupillary block when engaging in activities such as facing down while reading warrants further study.","Yes, head positioning can influence anterior chamber depth in pseudoexfoliation syndrome."
PQ_0509,Are polymorphisms in oestrogen receptors genes associated with lipid levels in response to hormone therapy?,"Our findings suggest that, in HT+ postmenopausal women, the rs2813544 polymorphism may influence LDL-C levels and, as previously described, ESR2 rs1256049 is associated with T-chol and LDL-C. No previous study has investigated the association of this SNP set with lipoprotein levels in women while taking into account the hormonal status of the patients.","Yes, polymorphisms in estrogen receptor genes have been associated with differences in lipid levels in response to hormone therapy."
PQ_0510,Sternal plating for primary and secondary sternal closure; can it improve sternal stability?,Transverse sternal plating with 1 or 4 plates significantly improves sternal stability closure in human cadaver model. Adding a single sternal plate to primary closure improves the strength of sternal closure with traditional wiring potentially reducing the risk of sternal dehiscence and could be considered in high risk patients.,"Sternal plating can improve sternal stability and reduce the incidence of sternal complications, especially in cases of sternal dehiscence or sternal instability."
PQ_0511,Can dose reduction to one parotid gland prevent xerostomia?,Minimising the radiation dose to one of the parotid glands with the help of IMRT in patients with advanced head and neck cancers can prevent xerostomia in most patients and parotid scintigraphy is a useful method of documenting xerostomia.,"Yes, dose reduction to one parotid gland can potentially prevent xerostomia. The parotid gland is the primary salivary gland responsible for saliva production."
PQ_0512,Is the histidine triad nucleotide-binding protein 1 (HINT1) gene a candidate for schizophrenia?,": Data from both association and expression studies suggested that variants at HINT1 may be associated with schizophrenia and the associations may be sex-specific. However, the markers showing associations were in high LD to the SPEC2/PDZ-GEF2/ACSL6 locus reported previously in the same samples. This made it difficult to separate the association signals amongst these genes. Other independent studies may be necessary to distinguish these candidate genes.",The HINT1 gene has been implicated in schizophrenia research due to its role in gene regulation and its association with various neuropsychiatric disorders. Further studies are needed to confirm its specific role and pathogenic potential in schizophrenia.
PQ_0513,Increased neutrophil migratory activity after major trauma: a factor in the etiology of acute respiratory distress syndrome?,"These data indicate that major blunt trauma enhances the migratory capacity of circulating neutrophils. This is manifest within 2 hrs of admission and may be attributable to alteration in interleukin-8 receptor expression, affinity, or downstream signaling. In patients who later develop ARDS, initially elevated circulating neutrophil counts decrease rapidly, over the same time course. Early enhanced neutrophil migratory activity coupled with elevated pulmonary concentrations of interleukin-8 may be central to the establishment of the neutrophil infiltration that is characteristic of ARDS.",Increased neutrophil migration after trauma might contribute to ARDS by releasing inflammatory mediators and damaging lung tissue.
PQ_0514,BCRABL transcript detection by quantitative real-time PCR : are correlated results possible from homebrew assays?,"These results suggest that quantitative real-time PCR assays for BCRABL detection can be comparable between laboratories despite significant differences in methodologies if the same positive control cell line and quality control gene are used. It is imperative that some level of assay standardization be adopted between laboratories, not only for patients who are monitored at different facilities, but also for larger investigative studies in which hematologic, cytogenetic and molecular responses are to be compared.","No, it is not possible to obtain correlated results from homebrew BCR-ABL transcript detection assays with quantitative real-time PCR."
PQ_0515,Does higher body mass index contribute to worse asthma control in an urban population?,"Using 4 validated asthma control questionnaires, we failed to find an association between obesity and asthma control in an urban population with asthma. Weight loss may not be an appropriate strategy to improve asthma control in this population.","Yes, higher BMI is associated with poorer asthma control in urban populations."
PQ_0516,Does a physician's specialty influence the recording of medication history in patients' case notes?,Physicians appear to document more frequently and in greater depth medication history information that may aid the diagnostic tasks in their specific specialty. Researchers and other users of medication history data documented in patients' medical records by physicians may want to take special cognizance of this phenomenon.,"Yes, a physician's specialty can influence the recording of medication history in patients' case notes. Specific specialties may have different priorities and workflows regarding medication documentation."
PQ_0517,Living in an urban environment and non-communicable disease risk in Thailand: Does timing matter?,"Urbanicity was associated with increases in behavioral and physiological risk factors. However, these associations may not translate directly into increases in biological risk factors. It is likely that these biological risk factors were results of a complex interaction between both long term accumulation of exposure and early life exposures.","The study investigates the association between urban living and the risk of non-communicable diseases (NCDs) in Thailand, with a focus on the impact of the timing of exposure to urban environments on disease development. This research aims to determine if earlier or later exposure to an urban environment affects NCD risk differently."
PQ_0518,Is renal warm ischemia over 30 minutes during laparoscopic partial nephrectomy possible?,Our results demonstrate that kidney damage occurs during LPN when warm ischemia is>30 min. This damage is only partially reversible and efforts should be made to keep warm ischemia within 30 min.,"No, renal warm ischemia for over 30 minutes during laparoscopic partial nephrectomy is not possible."
PQ_0519,Does a febrile reaction to platelets predispose recipients to red blood cell alloimmunization?,"These preliminary data support our hypothesis that recipient inflammation may affect RBC alloimmunization in humans; however, a more detailed understanding of the pathophysiologic association between inflammation and alloimmunization is required before definitive conclusions can be reached.",There is no evidence to suggest that a febrile reaction to platelets predisposes recipients to red blood cell alloimmunization.
PQ_0520,Maternal creatine homeostasis is altered during gestation in the spiny mouse: is this a metabolic adaptation to pregnancy?,"Change of maternal creatine status (increased creatine synthesis and reduced creatine excretion) may be a necessary adjustment of maternal physiology to pregnancy to meet the metabolic demands of maternal tissues, the placenta and developing fetus.","Yes, maternal creatine homeostasis is altered during gestation in the spiny mouse, likely serving as a metabolic adaptation to support fetal growth and development."
PQ_0521,Pap smears with glandular cell abnormalities: Are they detected by rapid prescreening?,"Pap smears with glandular cell abnormalities are often flagged as abnormal by RPS, and this results in a sensitivity of 36.4% (at the AGC threshold). Most importantly, some cases of AGC are detected on Pap smears by RPS only, and this demonstrates that RPS is a valuable QA method.","Yes, rapid prescreening can detect glandular cell abnormalities in Pap smears. However, these results require confirmation with a more detailed examination."
PQ_0522,The HELPP syndrome--evidence of a possible systemic inflammatory response in pre-eclampsia?,"We found an important renal damage, low platelets, elevated liver enzymes in women with two or more pregnancies. Then we propose there are similarities between HELLP syndrome and Systemic Inflammatory Response Syndrome (SIRS) because they could have the same pathophysiology.","The HELPP syndrome, a severe form of pre-eclampsia, is associated with a systemic inflammatory response. Studies suggest a possible link between HELPP and endothelial dysfunction, contributing to the syndrome's pathophysiology."
PQ_0523,Spleen-preserving distal pancreatectomy with resection of the splenic vessels. Should one rely on the short gastric arteries?,"Experimental, intra- and postoperative instrumental investigations did not show the short gastric arteries to be engaged in the blood supply to the spleen after a spleen-preserving distal pancreatectomy with resection of the splenic vessels. In all cases, the left gastroepiploic artery was the main collateral vessel.",The short gastric arteries are not a reliable alternative to splenic vessels for spleen preservation in distal pancreatectomy. Relying on them carries a higher risk of splenic ischemia and failure.
PQ_0524,Delayed peripheral facial palsy in the stapes surgery: can it be prevented?,"Poststapedectomy-delayed facial palsy is likely caused by a reactivation of HSV-1, latent within the geniculate ganglion. The activation of the latent virus is more frequent in patients with a history of herpes labialis and can be prevented by an adequate acyclovir therapy.","The exact mechanism of delayed peripheral facial palsy (PFPS) after stapes surgery is not fully understood, but it is thought to involve microvascular injury or inflammation. Prevention strategies are limited, but careful surgical technique and postoperative management, including minimizing manipulation of the facial nerve, may reduce the risk."
PQ_0525,Hepatic arterial embolization for unresectable hepatocellular carcinomas: do technical factors affect prognosis?,Selective embolization contributes to survival in patients with HCCs.,"The study investigated whether technical factors during hepatic arterial embolization (HAE) for unresectable hepatocellular carcinoma (HCC) influence prognosis. The findings suggest that specific technical aspects of HAE, such as the number of embolization sessions and the use of specific agents, may be associated with improved outcomes."
PQ_0526,Are pelvic anatomical structures in danger during arthroscopic acetabular labral repair?,It is anatomically possible that some pelvic structures sustain iatrogenic injury during acetabular drilling for anchor placement. Being aware of mean pelvic vault is important in which drilling after excessive pincer rim trimming could easily decrease the depth of acetabular bone without a standard. Careful drilling by using stopped drill bit is crucial to prevent iatrogenic injury.,"Yes, pelvic anatomical structures can be at risk during arthroscopic acetabular labral repair."
PQ_0527,Staging laparoscopy in patients with hepatocellular carcinoma: is it useful?,"The overall yield of SL for HCC was 7 %, and the accuracy was 27 %. When accurate imaging methods are available and additional percutaneous liver biopsy is implemented as a standard procedure in the preoperative workup of patients with HCC, the benefit of SL will become even less.",Staging laparoscopy in patients with hepatocellular carcinoma (HCC) can be useful for identifying occult lesions and guiding treatment decisions. It can improve outcomes by allowing for early detection and intervention.
PQ_0528,Can echocardiography and ECG discriminate hereditary transthyretin V30M amyloidosis from hypertrophic cardiomyopathy?,Our study proposes an easily interpretable classification method for the differentiation between HCM and increased left ventricular myocardial thickness due to ATTR amyloidosis. Our combined echocardiographic and ECG model could increase the ability to identify ATTR cardiac amyloidosis in clinical practice.,"Yes, echocardiography and ECG can help differentiate hereditary transthyretin V30M amyloidosis from hypertrophic cardiomyopathy, although the distinction can be subtle and requires expert interpretation. The V30M variant often shows specific echocardiographic findings and ECG changes that are not typically seen in hypertrophic cardiomyopathy."
PQ_0529,Does pediatric housestaff experience influence tests ordered for infants in the neonatal intensive care unit?,"Interns order significantly more arterial blood gases per infant than junior and senior residents on-call in the neonatal ICU. Additional study is required to see if the experience of housestaff is associated with a broader array of neonatal outcomes, such as morbidity and mortality.","Yes, pediatric housestaff experience influences the tests ordered for infants in the neonatal intensive care unit."
PQ_0530,Is robotically assisted laparoscopic radical prostatectomy less invasive than retropubic radical prostatectomy?,This study showed for the first time that RALP induces lower tissue trauma than RRP.,"Yes, robotically assisted laparoscopic radical prostatectomy is less invasive than retropubic radical prostatectomy."
PQ_0531,Nasal polyposis: is there an inheritance pattern?,"Regarding the pedigree, we discuss different modes of inheritance. The presence of consanguineous unions in this family suggests the possibility of a common ancestor and thus a recessive autosomal mode of inheritance.","Yes, there is an autosomal dominant inheritance pattern associated with familial adenomatous polyposis (FAP), which can lead to nasal polyposis."
PQ_0532,c-Kit-dependent growth of uveal melanoma cells: a potential therapeutic target?,"The results confirm that c-kit is vastly expressed in uveal melanoma, suggest that the c-kit molecular pathway may be important in uveal melanoma growth, and point to its use as a target for therapy with STI571.","c-Kit signaling plays a crucial role in the proliferation and survival of uveal melanoma cells, suggesting it as a potential therapeutic target. Inhibiting c-Kit could suppress uveal melanoma growth."
PQ_0533,Pharmacologic regimens for knee osteoarthritis prevention: can they be cost-effective?,The cost-effectiveness of DMOADs for OA prevention for persons at high risk for incident OA may be comparable to other accepted preventive therapies.,"The cost-effectiveness of pharmacologic regimens for knee osteoarthritis prevention is a complex issue that depends on factors like the specific regimen, patient characteristics, and the cost of treatment. Further research is needed to determine the most cost-effective interventions for prevention."
PQ_0534,Is anorectal endosonography valuable in dyschesia?,"Linear anorectal endosonography demonstrated incomplete or even absent relaxation of the anal sphincter and the m. puborectalis during a defecation movement in the majority of our patients with dyschesia. This study highlights the value of this elegant ultrasonographic technique in the diagnosis of ""pelvic floor dyssynergia"" or ""anismus"".","Yes, anorectal endosonography is valuable in the diagnosis and management of dyschezia."
PQ_0535,Production of chemokines by perivascular adipose tissue: a role in the pathogenesis of atherosclerosis?,"Human pWAT has chemotactic properties through the secretion of different chemokines, and we propose that pWAT might contribute to the progression of obesity-associated atherosclerosis.",Perivascular adipose tissue (PVAT) secretes chemokines that may contribute to atherosclerosis development by attracting immune cells and promoting inflammation.
PQ_0536,Continuity of care experience of residents in an academic vascular department: are trainees learning complete surgical care?,"The continuity-of-care experiences of vascular trainees are suboptimal. This is especially true for postoperative clinic assessment. Same-day admission surgery accounted for most of the cases and was associated with the poorest continuity of care. To provide complete surgical training in an era of changing therapeutic modalities and same-day admission surgery, vascular programs must be creative in structuring training to include adequate ambulatory experience.","The continuity of care experience of residents in an academic vascular department: are trainees learning complete surgical care?

Residents' experiences with continuity of care in an academic vascular department impact their learning of complete surgical care."
PQ_0537,Household and food shopping environments: do they play a role in socioeconomic inequalities in fruit and vegetable consumption?,"Improving access to FV in the household and food shopping environments will only make a small contribution to improving population consumption levels, and may only have a limited effect in reducing socioeconomic inequalities in their consumption.","Yes, the accessibility and affordability of fresh produce in these environments can influence fruit and vegetable intake, potentially exacerbating existing socioeconomic disparities."
PQ_0538,Does birth center care during a woman's first pregnancy have any impact on her future reproduction?,"A woman's model of care, such as birth center care, during her first pregnancy does not seem to be a sufficiently important factor to affect subsequent reproduction in Sweden.",There is limited research on the long-term effects of birth center delivery on future reproductive health. More studies are needed to determine the potential impact.
PQ_0539,Are environmental factors important in primary systemic vasculitis?,"A significant association between farming and PSV has been identified for the first time. Results also support previously reported associations with silica, solvents, and allergy.","Yes, environmental factors are increasingly recognized as important contributors to the development of primary systemic vasculitis."
PQ_0540,Is low serum chloride level a risk factor for cardiovascular mortality?,"This s the first report from a population-based study to indicate that there is an association between serum chloride level and the incidence of total, CVD and non-CVD mortalities. The risk ratio for CVD mortality associated with a low serum chloride level was comparable to or higher than those observed for well-established CVD risk factors.","Yes, low serum chloride levels are associated with increased cardiovascular mortality risk."
PQ_0541,Is EQ-5D a valid quality of life instrument in patients with acute coronary syndrome?,The Turkish version of the EQ-5D-based utility score seems to be a valid instrument in the assessment of quality of life studies in patients with acute coronary syndrome.,"Yes, EQ-5D is a valid quality of life instrument in patients with acute coronary syndrome. It is widely used to assess patients' health-related quality of life."
PQ_0542,Could Adult European Pharmacoresistant Epilepsy Patients Be Treated With Higher Doses of Zonisamide?,High doses of ZNS are effective and safe in pharmacoresistant epileptic patients. Therapeutic drug monitoring of ZNS may be considered at therapeutic failure.,There is limited evidence to support treating adult European pharmacoresistant epilepsy patients with higher doses of zonisamide. Further research is needed to evaluate the safety and efficacy of this approach.
PQ_0543,Does early migraine treatment shorten time to headache peak and reduce its severity?,Early treatment and use of triptans may lead to shorter duration from migraine headache onset to its peak but did not alleviate headache severity at peak. This could result in decreased migraine burden by reducing total migraine headache duration.,"Yes, early migraine treatment, including acute medications, can shorten the time to headache peak and reduce its severity."
PQ_0544,Does the manic/mixed episode distinction in bipolar disorder patients run true over time?,These data suggest a pattern of diagnostic stability over time for manic and mixed episodes in patients with bipolar disorder. Careful prospective studies of this issue are needed.,"The manic/mixed episode distinction in bipolar disorder patients is generally consistent over time, but there can be variability."
PQ_0545,Post-tonsillectomy late haemorrhage: is it a preferably night-time event?,"The incidence of post-tonsillectomy late haemorrhage in our study population was 1.78%. A statistically significant difference was found between night-time and day-time haemorrhages. Even though no significant distribution of haemorrhages per hour was observed, we underline that we recorded 32 (54.2%) events in 2 periods of the day: from 10 p.m. to 1 a.m. and from 6 to 9 a.m.","Yes, late post-tonsillectomy haemorrhage is more likely to occur at night. This is often attributed to the patient being supine and potentially having increased blood flow to the surgical site."
PQ_0546,Acute hepatitis C in Israel: a predominantly iatrogenic disease?,Acute hepatitis C in the post universal blood products screening era was found to be predominantly an iatrogenic disease in the investigated localities. This finding should direct attention and resources towards the development and implementation of preventive measures.,The study suggests that a significant portion of acute hepatitis C cases in Israel may be due to healthcare-related transmission. This highlights the importance of infection control measures in healthcare settings to prevent the spread of the virus.
PQ_0547,Out of the smokescreen II: will an advertisement targeting the tobacco industry affect young people's perception of smoking in movies and their intention to smoke?,This real-world study suggests that placing an antismoking advertisement before movies containing smoking scenes can help to immunise non-smokers against the influences of film stars' smoking. Caution must be exercised in the type of advertisement screened as some types of advertising may reinforce smokers' intentions to smoke.,The study's impact on young people's perception of smoking in movies and their intention to smoke is uncertain and requires further investigation. The effectiveness of the advertisement in changing smoking attitudes and behaviors is also not definitively established.
PQ_0548,Do adjuvant aromatase inhibitors increase the cardiovascular risk in postmenopausal women with early breast cancer?,"According to the results from this meta-analysis, the risk of grade 3 and 4 CVAEs in patients who were receiving AIs was higher compared with the risk in patients who were receiving tamoxifen, and the difference reached statistical significance. However, the AD was relatively low, and from 160 to 180 patients had to be treated to produce 1 event.",The evidence regarding adjuvant aromatase inhibitors and cardiovascular risk in postmenopausal women with early breast cancer is mixed and requires further investigation. More research is needed to determine the optimal use of aromatase inhibitors and their impact on cardiovascular health.
PQ_0549,Metastatic carcinoma to the cervical nodes from an unknown head and neck primary site: Is there a need for neck dissection?,"In our experience, definitive radiotherapy to the neck and the potential mucosal sites, whether preceded by neck dissection or not, is effective to achieve a good local control rate in the unknown primary cancer of the head and neck. The indication for neck dissection, in particular for early nodal stage, is controversial.","Neck dissection is generally recommended for clinically apparent metastatic carcinoma to the cervical nodes, particularly if the tumor burden is significant or there is evidence of local invasion. The decision should be individualized based on the extent of the disease, the patient's overall health, and the potential for cure."
PQ_0550,Cardiac reoperations in octogenarians: Do they really benefit?,"Despite high perioperative mortality, results document a sustainable recovery of the survivors offering the prospect of a highly independent and satisfying life. Therefore, advanced age alone should not be a contraindication for redo cardiac interventions. Geriatr Gerontol Int 2016; 16: 1138-1144.",The benefits of cardiac reoperations in octogenarians are debated and require careful consideration of patient-specific factors. The risks and potential benefits must be weighed against the patient's overall health and life expectancy.
PQ_0551,Location and number of sutures placed for hiatal hernia repair during laparoscopic adjustable gastric banding: does it matter?,"Patients with fewer or anterior sutures have shorter OR times. However, 30-day readmission, band-related reoperation, and postoperative weight loss were unaffected by number or location of suture. The technical aspects of HHR did not appear to be associated with readmission or reoperation, and therefore a standardized approach may not be necessary.",The number and location of sutures used in hiatal hernia repair during laparoscopic adjustable gastric banding (LAGB) is a complex issue with varying evidence and potential implications for patient outcomes. Further research is needed to determine the optimal suturing technique and its impact on long-term success of LAGB.
PQ_0552,Is Alveolar Macrophage Phagocytic Dysfunction in Children With Protracted Bacterial Bronchitis a Forerunner to Bronchiectasis?,A reduced alveolar macrophage phagocytic host response to apoptotic cells or NTHi may contribute to neutrophilic inflammation and NTHi colonization in both PBB and bronchiectasis. Whether this mechanism also contributes to the progression of PBB to bronchiectasis remains unknown.,"Yes, alveolar macrophage phagocytic dysfunction in children with protracted bacterial bronchitis may be a precursor to bronchiectasis."
PQ_0553,Do elderly patients benefit from surgery in addition to radiotherapy for treatment of metastatic spinal cord compression?,"Elderly patients with MSCC did not benefit from surgery in addition to radiotherapy regarding functional outcome, local control of MSCC, or survival.","The benefit of surgery in addition to radiotherapy for elderly patients with metastatic spinal cord compression is a complex issue, and more research is needed to determine the optimal approach. Current evidence suggests that surgery can improve outcomes and quality of life in selected elderly patients."
PQ_0554,Are WHO/UNAIDS/UNICEF-recommended replacement milks for infants of HIV-infected mothers appropriate in the South African context?,"No home-prepared replacement milks in South Africa meet all estimated micronutrient and essential fatty acid requirements of infants aged<6 months. Commercial infant formula is the only replacement milk that meets all nutritional needs. Revisions of WHO/UNAIDS/UNICEF HIV and infant feeding course replacement milk options are needed. If replacement milks are to provide total nutrition, preparations should include vegetable oils, such as soybean oil, as a source of linoleic and alpha-linolenic acids, and additional vitamins and minerals.","Yes, WHO/UNAIDS/UNICEF-recommended replacement milks are generally appropriate in South Africa, but their suitability depends on the specific infant's needs and the availability of alternative options."
PQ_0555,Is minilaparoscopic inguinal hernia repair feasible?,"While limited by its retrospective design, the present study indicates that the minilaparoscopic approach to groin hernia repair is safe and effective, making miniTAPP a challenging alternative to laparoscopy in the approach to groin hernia repair.","Yes, minilaparoscopic inguinal hernia repair is feasible and has shown promising results in some studies."
PQ_0556,Surgical treatment of prosthetic valve endocarditis in patients with double prostheses: is single-valve replacement safe?,TEE allowed a diagnosis of site involvement that did correlate with the anatomic diagnosis obtained during the operation. This fact contributed to the management of patients and was of great help in guiding the surgical intervention. Echo-oriented single-valve replacement may be a safe strategy for patients with PVE and double prostheses.,"The safety of single-valve replacement in patients with double prostheses for prosthetic valve endocarditis is an area of ongoing research, but current evidence suggests it is a viable option with a potentially lower risk compared to repeat valve replacement. The decision depends on the specific clinical scenario and the patient's overall health status."
PQ_0557,Epidural analgesia for surgical treatment of peritoneal carcinomatosis: a risky technique?,"In this series of 35 patients, the use of epidural analgesia for HIPEC does not seem to be associated with a worse risk of haemodynamic instability, spinal haematoma, meningitis or epidural abscess. HIPEC with platinum salt is not incompatible with the safety of epidural analgesia, with an optimized fluid management peroperatively and the following of perimedullary anesthesia practice guidelines.","Epidural analgesia for peritoneal carcinomatosis is a risky technique due to the potential for epidural hematoma, spinal cord compression, and infection."
PQ_0558,Risk stratification in emergency surgical patients: is the APACHE II score a reliable marker of physiological impairment?,"For risk stratification in emergency surgical patients, it is essential to measure the APACHE II score before surgical treatment. Longitudinal APACHE II scoring reveals continuous improvement of the score in surviving patients but has no therapeutic relevance in the individual patient.","The APACHE II score is a widely used and validated tool for predicting mortality and morbidity in critically ill patients, including those undergoing emergency surgery. However, its accuracy in predicting individual patient outcomes can vary depending on the specific patient population and the complexity of their underlying conditions."
PQ_0559,Are physicians meeting the needs of family caregivers of the frail elderly?,"Hypotheses for this discontent are presented. Physicians may be uninterested in helping caregivers; even if they were receptive to counseling caregivers, they could be poorly remunerated for the types of counseling sessions that are usual for caregivers; and being a professional caregiver to family caregivers is demanding in itself.","No, physicians often do not adequately address the needs of family caregivers of frail elderly individuals."
PQ_0560,Can nonproliferative breast disease and proliferative breast disease without atypia be distinguished by fine-needle aspiration cytology?,"Because there is significant overlap in cytologic features between NPBD and PBD, the distinction between the two entities is difficult in cytologic sampling.","No, nonproliferative and proliferative breast disease without atypia cannot be reliably distinguished by fine-needle aspiration cytology."
PQ_0561,Are Reviewers' Scores Influenced by Citations to Their Own Work?,"In a leading specialty journal, cited reviewers gave higher scores than noncited reviewers. However, this was likely due to their being assigned higher-quality manuscripts and not because they were cited in the manuscript. Reviewer requests that their work be cited were rare.","Yes, reviewers' scores can be influenced by citations to their own work. This can create a bias in the review process, potentially favoring the researcher's own publications."
PQ_0562,Does the central venous pressure predict fluid responsiveness?,There are no data to support the widespread practice of using central venous pressure to guide fluid therapy. This approach to fluid resuscitation should be abandoned.,"No, central venous pressure (CVP) is not a reliable predictor of fluid responsiveness. Fluid responsiveness is best assessed by measuring changes in stroke volume or cardiac output in response to fluid administration."
PQ_0563,Memory-provoked rCBF-SPECT as a diagnostic tool in Alzheimer's disease?,"Memory provocation increased the sensitivity of rCBF-SPECT for the detection of AD-related blood flow changes in the brain at the group level. Further studies are needed to evaluate MP-SPECT as a diagnostic tool at the individual level. If a higher sensitivity for AD at the individual level is verified in future studies, a single MP-SPECT study might be sufficient in the clinical setting.",Memory-provoked rCBF-SPECT can potentially reveal cerebral blood flow changes associated with Alzheimer's disease based on the observed cognitive decline. This technique may offer insights into the pathophysiology of the disease.
PQ_0564,Can we ease the financial burden of colonoscopy?,"Endoscopists within a tertiary care setting can accurately predict diminutive polyp histology and confer an appropriate surveillance interval with an associated financial benefit to the healthcare system. However, limitations to its application in the community setting exist, which may improve with further training and high-definition colonoscopes.","Yes, strategies like expanded insurance coverage, alternative screening methods, and financial assistance programs can help reduce the cost of colonoscopies."
PQ_0565,Is low birth weight a risk indicator for congenital cytomegalovirus infection?,"CMV-IgM and IgG antibodies assessment was not a potential discriminative test to identify congenitally infected newborns. In addition, low birth weight and small head circumference at birth failed to predict congenital CMV infection. CMV-DNA detection in umbilical cord blood at the time of delivery using real-time PCR of all newborns is recommended as decisive, rapid and non-invasive test.","Yes, low birth weight is a risk factor for congenital cytomegalovirus (CMV) infection."
PQ_0566,Is external palliative radiotherapy for gallbladder carcinoma effective?,"External radiotherapy seems to be a safe and effective method of palliative management of gallbladder carcinoma. However, further studies are necessary to determine the role of radiotherapy in palliative or adjuvant treatment of gallbladder carcinoma.",There is insufficient evidence to support the use of external palliative radiotherapy for gallbladder carcinoma.
PQ_0567,Is discordance in TEOAE and AABR outcomes predictable in newborns?,"Given the available screening technologies, discordant TEOAE and AABR may be inevitable for some categories of hearing loss among apparently healthy newborns whose mothers received prenatal care. The potential limitations of perinatal morbidities as basis of targeted screening for such cases therefore merit further consideration.","No, discordance in TEOAE and AABR outcomes is not predictable in newborns."
PQ_0568,Chemical shift MRI: is there any contribution to morphologic evaluation of solid breast masses?,Chemical shift subtraction can contribute to routine dynamic contrast subtraction in morphologic analysis particularly for the evaluation of margins of benign lesions in fatty breasts. It can also help in morphologic analysis of masses in dense breast.,"Chemical shift MRI (CS-MRI) provides additional information about the composition of tissues, which can help differentiate between benign and malignant lesions in solid breast masses. It can also assist in the evaluation of the margins of the mass."
PQ_0569,Do some U.S. states have higher/lower injury mortality rates than others?,"Group 1 states are likely to exhibit above-average rates for most other categories of injury death, whereas group 2 states are even more likely to exhibit below-average rates for most other categories of injury death.","Yes, injury mortality rates vary significantly across U.S. states. Factors like socioeconomic status, access to healthcare, and specific risk factors play a role in these differences."
PQ_0570,Do European people with type 1 diabetes consume a high atherogenic diet?,European individuals with type 1 diabetes consume a high atherogenic diet as few patients met recommendations for dietary fibre and saturated fat. This study showed minor changes in dietary nutrients and energy intakes over a period of 7 years. Nutrition education needs particular focus on strategies to increase dietary fibre and reduce saturated fat to exploit their potential benefit.,There is evidence suggesting that European people with type 1 diabetes may consume a higher atherogenic diet compared to those without the condition.
PQ_0571,Adults with mild intellectual disabilities: can their reading comprehension ability be improved?,The presently used intervention programme provides a good starting point for adults with ID to become better readers.,"Yes, reading comprehension can be improved in adults with mild intellectual disabilities through targeted interventions. These interventions often focus on foundational literacy skills and strategies to enhance understanding."
PQ_0572,Do antibiotics decrease post-tonsillectomy morbidity?,"Post tonsillectomy antibiotics did not prove to have a role in minimizing postoperative morbidity. Moreover, analgesics given on the basis of as required had a limited value.",There is no evidence to suggest that antibiotics decrease post-tonsillectomy morbidity.
PQ_0573,Body diffusion-weighted MR imaging of uterine endometrial cancer: is it helpful in the detection of cancer in nonenhanced MR imaging?,DW imaging can be helpful in the detection of uterine endometrial cancer in nonenhanced MR imaging.,"Yes, diffusion-weighted MRI can improve cancer detection in uterine endometrial cancer cases where nonenhanced MRI is inconclusive. It enhances the sensitivity and specificity for detecting early-stage lesions."
PQ_0574,Do inhaled steroids differ from cromones in terms of hospital admission rates for asthma in children?,Our results suggest that inhaled steroids are better than cromones in preventing admissions for asthma when two provinces with different practices for maintenance medication of steady-state asthma were compared.,"Inhaled corticosteroids (ICS) reduce asthma exacerbations and hospital admissions compared to cromolyn, but ICS use is associated with a slight increase in pneumonia risk."
PQ_0575,Substance use and HIV-related sexual behaviors among US high school students: are they related?,HIV prevention programs for youth should recognize that substance use may be an important indicator of risk for HIV infection and acquired immunodeficiency syndrome through its association with unsafe sexual behaviors.,The relationship between substance use and HIV-related sexual behaviors among US high school students requires further investigation. Understanding these connections could inform prevention strategies and reduce HIV transmission.
PQ_0576,Does sex influence the response to intravenous thrombolysis in ischemic stroke?,"Data from Safe Implementation of Treatments in Stroke-International Stroke Thrombolysis Register suggest that intravenous thrombolysis may modify the observed survival and recovery advantage for men expected in the natural course of an ischemic stroke, with a possible larger beneficial treatment effect in women when compared with men.","Yes, sex is a significant predictor of response to intravenous thrombolysis in acute ischemic stroke."
PQ_0577,Thrombosis prophylaxis in hospitalised medical patients: does prophylaxis in all patients make sense?,The incidence of venous thrombosis during hospitalisation in a department of general internal medicine is low and does not justify prophylaxis in all internal patients. Cancer is a strong risk factor for hospital-acquired thrombosis in the medical ward. Further studies may answer the question as to whether thrombosis prophylaxis in this subgroup is feasible.,"Thrombosis prophylaxis in hospitalized medical patients is generally recommended, but the optimal approach is individualized based on risk factors. A blanket approach may not be necessary for low-risk patients, potentially reducing unnecessary exposure to anticoagulants."
PQ_0578,Do teleoncology models of care enable safe delivery of chemotherapy in rural towns?,"It appears safe to administer chemotherapy in rural towns under the supervision of medical oncologists from larger centres via teleoncology, provided that rural health care resources and governance arrangements are adequate.","Teleoncology models have the potential to facilitate safe chemotherapy delivery in rural areas by enabling remote consultations and monitoring. However, the effectiveness depends on factors like infrastructure, patient access, and the specific cancer type."
PQ_0579,Does Paget's disease exist in India?,This illustrates that Paget's disease does exist in India and a high index of suspicion is required to clinch the diagnosis.,"Yes, Paget's disease is known to occur in India."
PQ_0580,Is There an Additional Value of Using Somatostatin Receptor Subtype 2a Immunohistochemistry Compared to Somatostatin Receptor Scintigraphy Uptake in Predicting Gastroenteropancreatic Neuroendocrine Tumor Response?,sst2a IHC of tumor samples has no additional value compared to SRS uptake using OctreoScan® in predicting tumor response after PRRT.,Somatostatin receptor subtype 2a (SSTR2a) immunohistochemistry can provide additional prognostic information beyond somatostatin receptor scintigraphy (SRS) uptake in predicting gastroenteropancreatic neuroendocrine tumor (GEP-NET) response.
PQ_0581,Can vaginal pH be measured from the wet mount slide?,Vaginal pH should be measured by bringing the pH strip in direct contact with fresh vaginal fluid without first adding saline.,"Yes, the vaginal pH can be estimated from a wet mount slide by observing the color and presence of clue cells."
PQ_0582,Does Molecular Genotype Provide Useful Information in the Management of Radioiodine Refractory Thyroid Cancers?,"Patients with BRAF-mutant PTC had a significantly longer PFS than BRAF wild-type when treated with TKIs. However, due to the small number of BRAF-mutant patients, further investigations are required, especially to understand the potential positive effect of BRAF mutations in RAIR TC patients while having a negative prognostic impact in RAI-sensitive PTC patients.","Yes, molecular genotype provides valuable information for managing radioiodine refractory thyroid cancers, guiding treatment decisions and potentially improving outcomes."
PQ_0583,Screening for gestational diabetes mellitus: are the criteria proposed by the international association of the Diabetes and Pregnancy Study Groups cost-effective?,The IADPSG recommendation for glucose screening in pregnancy is cost-effective. The model is most sensitive to the likelihood of preventing future diabetes in patients identified with GDM using postdelivery counseling and intervention.,"The cost-effectiveness of the International Association of Diabetes and Pregnancy Study Groups (IADPSG) gestational diabetes screening criteria depends on factors like resource availability and population characteristics, but generally, it's considered a valuable strategy for reducing neonatal morbidity."
PQ_0584,Are higher rates of depression in women accounted for by differential symptom reporting?,Men and women in this community sample reported similar patterns of depressive symptoms. No evidence that the presentation of depressive symptoms differs by gender was found.,"Yes, differential symptom reporting is a potential factor in the observed higher rates of depression in women."
PQ_0585,Follow-up of patients with new cardiovascular implantable electronic devices: are experts' recommendations implemented in routine clinical practice?,"Although most Medicare beneficiaries who received a new CIED between 2005 and 2009 did not have an initial in-person CIED follow-up visit within 2 to 12 weeks after device implantation, the rate of initial follow-up improved appreciably over time. This CIED follow-up visit was significantly more common in white patients than in patients of other races.","The study investigated the implementation of experts' recommendations for follow-up of patients with new cardiovascular implantable electronic devices in routine clinical practice. The findings suggest that while some recommendations were implemented, others remained underutilized."
PQ_0586,Does limb-salvage surgery offer patients better quality of life and functional capacity than amputation?,"These data suggest that limb-salvage surgery offers better gait efficiency and return to normal living compared with above-knee amputation, but does not improve the patient's perception of quality of life.","Yes, limb-salvage surgery generally offers patients better quality of life and functional capacity compared to amputation."
PQ_0587,Serum angiotensin-converting enzyme and frequency of severe hypoglycaemia in Type 1 diabetes: does a relationship exist?,"The present survey showed a weak relationship between serum ACE and the frequency of SH, the clinical relevance of which is unclear. This limits the proposed role for serum ACE as an index of risk for SH.",Elevated serum ACE is associated with an increased risk of severe hypoglycemia in individuals with type 1 diabetes.
PQ_0588,Cervical spine fractures in geriatric blunt trauma patients with low-energy mechanism: are clinical predictors adequate?,Clinical predictors appear inadequate for the evaluation of the cervical spine in geriatric trauma patients with low-energy mechanism.,The clinical predictors of cervical spine fractures in geriatric blunt trauma patients with low-energy mechanisms may not be adequate. Further research is needed to identify more reliable predictors.
PQ_0589,Do microbiological factors account for poor pregnancy outcome among unmarried pregnant women in Poland?,"The observed socioeconomic, demographic and microbiological differences between unmarried and married women could be responsible for the poor pregnancy outcome among unmarried pregnant women in Poland. Unmarried pregnant women should be covered by comprehensive medical care even before pregnancy. Further studies taking into account the role of psychological stress, patterns of sexual behavior and substance abuse during pregnancy could help identify the factors responsible for adverse pregnancy outcome among unmarried pregnant women.",There is no evidence to suggest a direct link between microbiological factors and poor pregnancy outcomes specifically among unmarried pregnant women in Poland.
PQ_0590,Should all patients be optimized to the same preoperative hemoglobin level to avoid transfusion in primary knee arthroplasty?,"Not all the patients undergoing TKA who receive tranexamic acid need the same preoperative Hb optimization target. Two easily available factors, such as the ASA score and the Hb level, can help individualize the Hb optimization target.","No, not all patients should be optimized to the same preoperative hemoglobin level. Individual patient factors should guide hemoglobin target settings, considering risks of both anemia and transfusion."
PQ_0591,Is there any relation between cervical cord plaques and discopathy in patients with multiple sclerosis?,The study data suggests a possible correlation between cervical discopathy and cervical MS plaque.,"Yes, cervical cord plaques and discopathy are frequently observed together in patients with multiple sclerosis."
PQ_0592,Is the processing of affective prosody influenced by spatial attention?,"Emotional prosody, therefore, seems to be partially processed outside the focus of spatial attention. Whereas at early sensory processing stages spatial attention modulates the degree of emotional voice processing as a function of emotional valence, emotional prosody is processed outside of the focus of spatial attention at later processing stages.","Yes, affective prosody processing is influenced by spatial attention."
PQ_0593,Is there a role for leukocyte and CRP measurements in the diagnosis of acute appendicitis in the elderly?,"Although elevated leukocyte count and CRP value cannot effectively establish the diagnosis of acute appendicitis in the elderly, unelevated values exclude it. Accordingly, appendectomy is not recommended to be performed in an elderly patient with unelevated leukocyte count and CRP value, although clinical symptoms and signs indicate acute appendicitis.",Leukocyte and CRP measurements are not reliable for diagnosing acute appendicitis in the elderly due to their limited sensitivity and specificity in this population.
PQ_0594,Are bipolar disorders underdiagnosed in patients with depressive episodes?,The diagnosis of BD in patients with MDE depends strongly on the method and criteria employed. The considerable difference between criteria-free physician's diagnosis and the remaining algorithms indicate the usefulness of criteria lists within the everyday clinical setting.,"Yes, bipolar disorder is often underdiagnosed in patients experiencing depressive episodes. This is due to the overlap in symptoms between depression and bipolar disorder, making it challenging to differentiate."
PQ_0595,Prognosis of low-tone sudden deafness - does it inevitably progress to Meniere's disease?,We conclude that not all low-tone sudden deafness (SD) patients suffered from endolymphatic hydrops even if they had vertigo attack at the onset and that electrocochleography (ECochG) was a useful prognostic tool.,"No, low-tone sudden deafness does not inevitably progress to Meniere's disease. It is a separate condition, and while there can be overlap in symptoms, it is not a direct progression."
PQ_0596,Can pictorial warning labels on cigarette packages address smoking-related health disparities?,"Pictorial HWLs with didactic textual forms seem to work better than those with testimonial narratives. Future research should determine which pictorial HWL content has the greatest real-world impact among consumers from disadvantaged groups, including assessment of how HWL content should change to maintain its impact as tobacco control environments strengthen and consumer awareness of smoking-related risks increases.","Pictorial warning labels on cigarette packages could potentially address smoking-related health disparities by raising awareness and discouraging smoking, especially in vulnerable populations. However, their effectiveness depends on factors like public perception, accessibility, and enforcement."
PQ_0597,Does patient-prosthesis mismatch after aortic valve replacement affect survival and quality of life in elderly patients?,"PPM after AVR does not affect survival, functional status, and QoL in patients aged at least 75 years. Surgical procedures, often time-consuming, contemplated to prevent PPM, may therefore be not justified in this patient subgroup.","Yes, patient-prosthesis mismatch after aortic valve replacement (AVR) has been associated with worse survival and quality of life in elderly patients."
PQ_0598,Is fear of anaphylactic shock discouraging surgeons from more widely adopting percutaneous and laparoscopic techniques in the treatment of liver hydatid cyst?,The seemingly exaggerated traditional fear of anaphylaxis seems to discourage surgeons from more widely adopting minimal access techniques for the treatment of hydatid cyst.,"Yes, the fear of anaphylactic shock from the use of iodinated contrast during percutaneous and laparoscopic liver cyst treatment is a potential barrier to wider adoption of these techniques."
PQ_0599,Reporting and interpreting red blood cell morphology: is there discordance between clinical pathologists and clinicians?,"Important differences about the clinical relevance of certain RBC-M terms exist between clinicians and CPs. Inclusion of interpretive comments on CBC reports is the clearest way to ensure that RBC-M changes are interpreted as intended by the CP. Reporting practices should be examined critically to improve communication, transparency, and ultimately medical decisions.","Yes, there is often discordance between clinical pathologists and clinicians in reporting and interpreting red blood cell morphology, potentially due to differences in training, experience, and individual interpretation of subtle features. This discordance can lead to variability in patient diagnosis and management."
PQ_0600,Does β-catenin have a role in pathogenesis of sebaceous cell carcinoma of the eyelid?,"Cytoplasmic overexpression of β-catenin was observed in the majority of the cases of SbCC of eyelid, and this correlated significantly with tumour size. The authors therefore hypothesise that β-catenin overexpression in SbCC of eyelid may be a result of Wnt/β-catenin pathway dysregulation. However, its role both in the development of sebaceous cell carcinoma of the eyelid as well as its prognosis needs to be explored further.","Yes, β-catenin is implicated in the pathogenesis of sebaceous gland carcinoma of the eyelid."
PQ_0601,Is ultrasound equal to X-ray in pediatric fracture diagnosis?,"Ultrasound not only has comparable sensitivity to that of X-ray for the identification of limb fractures but is also equally effective for the diagnosis of fracture type and dislocation. Thus, ultrasound can be used as an adequate alternative method to X-ray for pediatric fracture diagnosis.",Ultrasound is often preferred over X-rays in pediatric fracture diagnosis due to its lack of ionizing radiation.
PQ_0602,Measuring hospital mortality rates: are 30-day data enough?,Using data on cumulative hospital mortality from 180 days postadmission does not yield a different perspective from using data from 30 days postadmission for the conditions we studied.,"30-day mortality rates are a valuable indicator of hospital quality, but they don't capture the full picture of patient outcomes. Longer-term data, such as one-year mortality, provide a more comprehensive assessment of a hospital's performance."
PQ_0603,Hearing loss: an unknown complication of pre-eclampsia?,Pre-eclampsia is a potential risk factor for cochlear damage and sensorineural hearing loss. Further studies that include routine audiological examinations are needed in these patients.,"Yes, there is emerging evidence suggesting a possible link between pre-eclampsia and hearing loss, particularly in children. Further research is needed to confirm this association and understand the underlying mechanisms."
PQ_0604,Is portable ultrasonography accurate in the evaluation of Schanz pin placement during extremity fracture fixation in austere environments?,"Despite the statistical imparity of pin protrusion measurement via ultrasound compared to that of gross dissection, a consideration of the clinical relevance of ultrasound measurement bias during an austere operating theatre leads to the conclusion that ultrasonography is an adequate methodology for Schanz pin protrusion measurement.","Yes, portable ultrasonography can be accurate in evaluating Schanz pin placement during extremity fracture fixation in austere environments. Its portability and relative ease of use make it a valuable tool in resource-limited settings."
PQ_0605,Medical student education in emergency medicine: do students meet the national standards for clinical encounters of selected core conditions?,"Most students do not encounter all 10 conditions during patient encounters throughout a 4-week EM rotation, although most have exposure to at least eight. Certain conditions are far less likely than others to be encountered, and may need to be taught in a nonclinical setting.",The study found that medical students met the national standards for clinical encounters of selected core conditions in emergency medicine.
PQ_0606,A model of healing of Los Angeles grades C and D reflux oesophagitis: is there an optimal time of acid suppression for maximal healing?,"After 4 weeks' acid-suppressive therapy for LA grade C or D oesophagitis, successful healing appears to reach a threshold above which improvements are unlikely to be achieved despite an increase in number of hours with intragastric pH>4.",The optimal time of acid suppression for maximal healing of Los Angeles grades C and D reflux oesophagitis is a topic requiring further research and investigation.
PQ_0607,Gadofosveset-enhanced MR angiography of carotid arteries: does steady-state imaging improve accuracy of first-pass imaging?,"Gadofosveset-enhanced MR angiography is a promising technique for imaging carotid artery stenosis. Steady-state image reading is superior to first-pass image reading, but the combined reading protocol is more accurate.",Steady-state imaging with Gadofosveset-enhanced MR angiography of carotid arteries can improve the accuracy of first-pass imaging.
PQ_0608,Sternal skin conductance: a reasonable surrogate for hot flash measurement?,"Findings from these studies support discordance between device-recorded and self-reported hot flashes. In addition, the studies reveal further limitations of SSC monitoring, including difficulties with data collection and lack of consistency in interpretation. Based on these results and other recent trials identifying issues with SSC methodology, it is time to find a better physiologic surrogate measure for hot flashes.","Sternal skin conductance is a potential, though imperfect, surrogate for hot flash measurement. Further research is needed to validate its reliability and clinical utility."
PQ_0609,Elephant trunk in a small-calibre true lumen for chronic aortic dissection: cause of haemolytic anaemia?,"A folded elephant trunk in a small-calibre lumen can cause haemolysis. Therefore, inserting an elephant trunk in a small-calibre true lumen during surgery for chronic aortic dissection should be avoided.","The elephant trunk phenomenon, where a small-caliber true lumen in a chronic aortic dissection causes haemolytic anaemia, is a plausible mechanism. The true lumen may be compressed, leading to increased shear stress and red blood cell damage."
PQ_0610,Does partial expander deflation exacerbate the adverse effects of radiotherapy in two-stage breast reconstruction?,"Expander deflation immediately prior to radiotherapy, may augment the adverse effects, especially in the lower expander pole, possibly via enhanced radiosensitization due to a relative increase in the blood flow and tissue oxygenation.","Yes, partial expander deflation can worsen the adverse effects of radiotherapy in two-stage breast reconstruction."
PQ_0611,Should temperature be monitorized during kidney allograft preservation?,"The new storage can affords more stable temperature levels when compared to the formerly used can. Since temperature is stable during conservation, continuous monitoring in everyday practice does not seem warranted.","Yes, temperature monitoring is crucial during kidney allograft preservation to ensure optimal cell viability and minimize ischemia-reperfusion injury."
PQ_0612,Can p53 alterations be used to predict tumour response to pre-operative chemo-radiotherapy in locally advanced rectal cancer?,p53 alteration detected by IHC or SSCP analysis is not a clinically useful predictor of local response to pre-operative adjuvant therapy in advanced rectal carcinoma.,"Yes, p53 alterations can potentially be used to predict tumor response to pre-operative chemoradiotherapy in locally advanced rectal cancer. Specifically, alterations in p53 can influence the tumor's susceptibility to radiation and chemotherapy."
PQ_0613,Is irritable bowel syndrome a diagnosis of exclusion?,Most community providers believe IBS is a diagnosis of exclusion; this belief is associated with increased resource use. Experts comply more closely with guidelines to diagnose IBS with minimal testing. This disconnect suggests that better implementation of guidelines is warranted to minimize variation and improve cost-effectiveness of care.,"Yes, irritable bowel syndrome (IBS) is often a diagnosis of exclusion, meaning other potential causes of gastrointestinal symptoms are ruled out first."
PQ_0614,Is pelvic pain associated with defecatory symptoms in women with pelvic organ prolapse?,"In women with POP, the symptom of pelvic pain is associated with the presence of defecatory symptoms.","Yes, pelvic pain is often associated with defecatory symptoms in women with pelvic organ prolapse."
PQ_0615,Does ibuprofen increase perioperative blood loss during hip arthroplasty?,Pretreatment with ibuprofen before elective total hip surgery increases the perioperative blood loss significantly. Early discontinuation of non-selective non-steroidal anti-inflammatory drugs is advised.,"No, ibuprofen does not significantly increase perioperative blood loss during hip arthroplasty."
PQ_0616,"Laparoscopic-assisted ileocolic resections in patients with Crohn's disease: are abscesses, phlegmons, or recurrent disease contraindications?","The laparoscopic-assisted approach to Crohn's disease is feasible and safe with good outcomes. Co-morbid preoperative findings such as abscess, phlegmon, or recurrent disease at the previous ileocolic anastomosis are not contraindications to a successful laparoscopic-assisted ileocolic resection in select patients.","Abscesses, phlegmons, and recurrent disease are relative contraindications to laparoscopic-assisted ileocolic resections in Crohn's disease, requiring careful consideration of the potential benefits versus risks. A thorough evaluation of the patient's overall health and the extent of the disease is crucial."
PQ_0617,Has the use of complementary and alternative medicine therapies by U.S. adults with chronic disease-related functional limitations changed from 2002 to 2007?,"Among U.S. adults with chronic disease-related functional limitations, the overall increase in CAM use from 2002 to 2007 was significant, particularly among those with changing and maintaining body position limitations.","Yes, the use of complementary and alternative medicine (CAM) therapies by U.S. adults with chronic disease-related functional limitations increased from 2002 to 2007."
PQ_0618,Is extended aortic replacement in acute type A dissection justifiable?,"Extended replacement of the dissected ascending aorta and aortic arch can be done with good early and midterm results, even though it requires a complex surgical technique. Therefore we advocate complete replacement of the dissected parts of the aorta in all patients in whom this is technically possible.","Yes, extended aortic replacement is justifiable in acute type A dissection to prevent aortic rupture and other life-threatening complications."
PQ_0619,Is intensive monitoring during the first transfusion in pediatric patients necessary?,The practice of intensive observation for the first transfusion in pediatric patients is probably unnecessary.,"Yes, intensive monitoring is necessary during the first transfusion in pediatric patients to assess for signs of transfusion reactions and ensure patient safety."
PQ_0620,Effects of exercise training on heart rate and QT interval in healthy young individuals: are there gender differences?,The results of this study suggest that the cardiovascular response to exercise training may be different in men and women. Women may benefit more from interventions aimed to increase physical activity as a tool for prevention of cardiovascular morbidity and mortality.,"Exercise training can reduce heart rate and QT interval in healthy young individuals, but gender differences exist in the magnitude of these changes."
PQ_0621,Is coeliac disease screening in risk groups justified?,Long-term dietary compliance in screen-detected patients was good. Quality of life and bone mineral density were comparable with those in non-coeliac subjects and the general population. Active screening in coeliac disease risk groups seems to be reasonable rather than harmful.,"Yes, screening for celiac disease in high-risk groups is justified due to the potential benefits of early diagnosis and management, leading to reduced morbidity and improved quality of life."
PQ_0622,Analysis of the epidemiological pattern of Shigellosis in Barcelona between 1988 and 2012: Is it an emerging sexually transmitted infection?,"An increased trend was detected in men who had no history of food poisoning or travel to endemic areas. This increase points to a change in the pattern of shigellosis, becoming predominantly male and its main mechanism probably by sexual transmission.","Shigellosis in Barcelona between 1988 and 2012 showed a fluctuating trend, with an increase in incidence coinciding with specific events, but no definitive evidence supports it as a sexually transmitted infection. The epidemiological data doesn't strongly suggest a causal link between sexual activity and Shigellosis outbreaks."
PQ_0623,A patient with myelomeningocele: is untethering necessary prior to scoliosis correction?,"The study results suggested that spinal cord untethering may be unnecessary in patients with MM who are undergoing scoliosis corrective surgery and do not present with clinical symptoms of a tethered cord, even though tethering is radiographically demonstrated.","Yes, untethering is generally necessary prior to scoliosis correction in patients with myelomeningocele."
PQ_0624,Is aerobic workload positively related to ambulatory blood pressure?,"Because workers may have an elevated relative aerobic workload for several hours each working day, this relationship may elucidate a mechanism behind the increased risk for cardiovascular disease among workers exposed to high levels of occupational physical activity.","Yes, aerobic workload is positively related to ambulatory blood pressure."
PQ_0625,PREVALENCE OF THE STREPTOCOCUS AGALACTIAE IN THE PREGNANT WOMAN FROM THE AUTONOMIC CITY OF MELILLA: IS CULTURE A DETERMINANT FACTOR?,"The prevalence of vagino-rectal colonization by Streptococcus group B in the pregnant women from Melilla is within the national estimated figures, however it is different if they are from Muslim or Christian culture, being higher in the Muslim population. On one hand both prevalences are within the national statistics, and on the other hand it is observed that there is not any difference according to age.",The prevalence of *Streptococcus agalactiae* in pregnant women in Melilla is a significant public health concern. Determining whether culture is a determinant factor in this prevalence requires further research.
PQ_0626,Is fluoroscopy essential for retrieval of lower ureteric stones?,"To uphold the notion for radiation exposure to be as low as reasonably achievable, ureteroscopic stone retrieval can safely be done without the use of fluoroscopy in a significant number of patients.","No, fluoroscopy is not essential for retrieving lower ureteric stones. Alternative methods like ureteroscopy or extracorporeal shock wave lithotripsy (ESWL) can be used."
PQ_0627,Does the sequence of clamp application during open abdominal aortic aneurysm surgery influence distal embolisation?,There appears to be no difference in the numbers of emboli detected when the first vascular clamp is applied to the proximal aorta or iliacs.,The sequence of clamp application during open abdominal aortic aneurysm surgery does influence distal embolization.
PQ_0628,Are lower fasting plasma glucose levels at diagnosis of type 2 diabetes associated with improved outcomes?,"People presenting with type 2 diabetes with lower initial glycemia who may be earlier in the course of their disease had fewer adverse clinical outcomes despite similar glycemic progression. Since most such people are asymptomatic at diagnosis, active case detection programs would be required to identify them.","Yes, lower fasting plasma glucose levels at the time of diagnosis of type 2 diabetes are generally associated with better outcomes, including reduced risk of cardiovascular events and improved long-term glycemic control."
PQ_0629,Do elderly patients call 911 when presented with clinical scenarios suggestive of acute stroke?,These results suggest the need to provide interventions that are specifically designed to increase awareness of potential stroke signs and symptoms and appropriate subsequent clinical actions.,"No, elderly patients are not always able to call 911 when they experience stroke symptoms. They may not be able to recognize the symptoms or know how to access emergency services."
PQ_0630,Cerebromediastinal tuberculosis in a child with a probable Say-Barber-Miller syndrome: a causative link?,"[corrected] This observation is exceptional in many aspects: very early age of onset of extrapulmonary tuberculosis, no immune deficit, association with a rare congenital neurological syndrome. We discuss the possible link between this entity and the occurrence of tuberculosis.","The case suggests a potential link between cerebral mediastiinal tuberculosis and Say-Barber-Miller syndrome, although further investigation is needed to confirm causality."
PQ_0631,Are virtual planning and guided surgery for head and neck reconstruction economically viable?,"Even in capped health care systems, virtual planning and guided surgery including prebent or milled plates are financially viable.","The economic viability of virtual planning and guided surgery for head and neck reconstruction is still under investigation, with factors like cost of technology, training, and potential long-term outcomes influencing the final assessment. More research is needed to determine if these approaches offer a cost-effective solution compared to traditional methods."
PQ_0632,Do overweight children necessarily make overweight adults?,An overweight birth cohort in childhood does not necessarily continue to be overweight in young adulthood. Not only secular trends in body mass index at fixed ages but also growth curves for wide age ranges by birth cohorts should be considered to study obesity and thinness. Growth curves by birth cohorts were produced by a repeated cross sectional annual survey over nearly six decades.,"No, overweight children do not necessarily make overweight adults, as other factors like genetics, lifestyle, and environmental influences play a significant role in adult weight."
PQ_0633,Biliary atresia: should all patients undergo a portoenterostomy?,"Based on the predictive information available in a liver biopsy, we conclude that those patients who will not benefit from a Kasai procedure can be identified preoperatively, and channeled immediately to transplantation.","No, not all patients with biliary atresia require a portoenterostomy. The decision depends on the infant's overall condition, the severity of the biliary obstruction, and the availability of liver transplantation."
PQ_0634,Does a history of unintended pregnancy lessen the likelihood of desire for sterilization reversal?,"Among women who had undergone tubal sterilization, a prior history of unintended pregnancy did not decrease desire for sterilization reversal.","Yes, a history of unintended pregnancy is associated with a lower likelihood of desiring sterilization reversal."
PQ_0635,Does early discharge with nurse home visits affect adequacy of newborn metabolic screening?,"In this well established early discharge program with nurse home visits, newborn metabolic screening is not compromised by early discharge.",Early discharge with nurse home visits may impact the adequacy of newborn metabolic screening. More research is needed to determine the optimal discharge strategy for newborn metabolic screening.
PQ_0636,Are stroke patients' reports of home blood pressure readings reliable?,"This group of elderly stroke patients were able to record their BPs reliably at home. Any bias was small and would be unlikely to affect management. Since BP readings in a GP surgery are often a poor indication of true BP, GPs might consider using hypertensive patients' records of home BP monitoring to help guide treatment decisions.",Home blood pressure readings in stroke patients may be unreliable due to inconsistent technique and lifestyle factors.
PQ_0637,Does increasing blood pH stimulate protein synthesis in dialysis patients?,"In contrast to other findings, raising the blood pH of dialysis patients was not associated with a positive effect on albumin and muscle protein synthesis, or nutritional and endocrinal parameters.",There is no direct evidence to suggest that increasing blood pH stimulates protein synthesis in dialysis patients.
PQ_0638,Can T-cell deficiency affect spatial learning ability following toluene exposure?,These results indicate that T-cell deficiency may affect spatial learning performance following toluene exposure.,"Yes, T-cell deficiency can impair spatial learning ability following toluene exposure."
PQ_0639,Is there a relationship between homocysteine and vitiligo?,"An elevated homocysteine level may be a precipitating factor for vitiligo in predisposed individuals. In view of the biological role of vitamin B(12) and folic acid in Hcy metabolism, we present our recommendations regarding the investigation and treatment of this common disease.","The relationship between homocysteine and vitiligo is still under investigation, but some studies suggest a possible association, with elevated homocysteine levels potentially being linked to increased risk or severity of the condition."
PQ_0640,Do dermatomyositis and polymyositis affect similar thigh muscles?,"Compared with PM, DM affects more thigh muscles, except those of the posterior compartment, which are equally involved in both disorders. These findings may be useful to target physiotherapy at the more frequently affected muscles.","Yes, both dermatomyositis and polymyositis can affect the thigh muscles, although the specific muscles involved and the clinical presentation may differ."
PQ_0641,Juvenile ankylosing spondylitis--is it the same disease as adult ankylosing spondylitis?,"In this group of subjects, juvenile AS had onset more often with oligoarthritis and enthesitis than with spinal disease. Hip and knee joint involvement was more common in JAS than AAS.","No, juvenile ankylosing spondylitis is a type of ankylosing spondylitis, but it affects children and adolescents."
PQ_0642,Is Aspiration Thrombectomy Beneficial in Patients Undergoing Primary Percutaneous Coronary Intervention?,Aspiration thrombectomy before primary PCI is not associated with any benefit on clinical end points and might increase the risk of stroke. Concomitant administration of intravenous glycoprotein IIb/IIIa inhibitors and ischemic time did not seem to influence any potential benefits observed with aspiration thrombectomy.,"The evidence regarding the benefit of aspiration thrombectomy during primary PCI is mixed, with some studies showing no significant difference in outcomes compared to standard PCI alone. Larger, randomized controlled trials are needed to definitively determine its role."
PQ_0643,Can static foot posture measurements predict regional plantar surface area?,"The results indicate that clinicians can use a combination of simple, reliable and time efficient foot measures to explain 79% and 85% of the plantar surface area in the forefoot and midfoot, respectively.","Yes, static foot posture measurements can predict regional plantar surface area."
PQ_0644,Can dentists recognize manipulated digital radiographs?,Image manipulations which alter the diagnostic content of a radiograph are unlikely to be detected by dentists. Digital radiography requires additional measures for data protection.,"Yes, dentists can recognize manipulated digital radiographs, often through subtle inconsistencies in the image quality, artifact patterns, or exposure parameters."
PQ_0645,Is delayed gastric emptying following pancreaticoduodenectomy related to pylorus preservation?,"DGE after PPPD seems to be of minor clinical importance following uncomplicated surgery. When taking the results into consideration, it can be said that, despite the lack of a control group, antecolic duodenojejunostomy might be the key to a low incidence of DGE after PPPD. In our experience, DGE is linked to the occurrence of other postoperative complications rather than to pylorus preservation.","Yes, delayed gastric emptying is a common complication following pancreaticoduodenectomy (Whipple procedure) and is often associated with pyloric stenosis or dysfunction, potentially due to the surgical manipulation of the pylorus."
PQ_0646,Is Overexpression of Ki-67 a Prognostic Biomarker of Upper Tract Urinary Carcinoma?,"In conclusion, high Ki-67 expression was associated with poor survival in patients with UTUC, as well as a high risk of disease progression, although these findings need to be interpreted with caution. Large-scale, adequately designed, prospective trials are needed to further confirm the value of Ki-67 in prognosis of UTUC patients.","Yes, overexpression of Ki-67 is a significant prognostic biomarker in upper tract urothelial carcinoma (UTUC)."
PQ_0647,Does a delay in transfer to a rehabilitation unit for older people affect outcome after fracture of the proximal femur?,Delay in transfer to a rehabilitation ward was associated with a disproportionate increase in total hospital length of stay for patients aged over 75 with fracture of the proximal femur.,"Yes, a delay in transfer to a rehabilitation unit after a proximal femur fracture is associated with worse outcomes for older individuals."
PQ_0648,Does the treatment of amblyopia normalise subfoveal choroidal thickness in amblyopic children?,"Although a six-month treatment of amblyopia increased the visual acuity of the anisometropic hyperopic amblyopic eyes, it could not significantly change choroidal thickness. Our results were in accordance with the conventional explanation, which suggests visual cortex and lateral geniculate nucleus abnormalities in the pathophysiology of amblyopia.","Yes, treatment of amblyopia, including vision therapy, typically normalizes subfoveal choroidal thickness in amblyopic children."
PQ_0649,A comparison of 500 prefilled textured saline breast implants versus 500 standard textured saline breast implants: is there a difference in deflation rates?,"There was a statistically significant difference between the overall deflation rates of Poly Implant Prosthesis prefilled textured saline breast implants and Mentor Siltex breast implants at year 2, year 3, and year 4. After 4 years, the 15.56 percent cumulative deflation rate of Poly Implant Prosthesis implants was over 3.5 times higher than the 4.31 percent deflation rate of the Mentor Siltex implants. There may be several factors contributing to the higher deflation rate seen in Poly Implant Prosthesis implants, including possible in vitro deflation before implantation and silicone shell curing technique. Nevertheless, this statistically significant deflation difference must be taken into account when balancing the risks and benefits of Poly Implant Prosthesis breast implants.","The study compared deflation rates between textured saline and standard textured saline breast implants, and found no significant difference. Therefore, the texture of the implant does not appear to be a major factor in determining deflation rates."
PQ_0650,Do foreign bodies migrate through the body towards the heart?,"The study allows us to determine that FB can move through the body but not towards the heart. The study also serves as a warning sign: in cases of prolonged histories of FB ingestion, imaging studies are mandatory before endoscopic examination.","Yes, foreign bodies can migrate towards the heart, especially if they are small and mobile. This is due to the heart's natural pumping action and the body's tendency to move foreign objects towards the center."
PQ_0651,Is there a relationship between serum paraoxonase level and epicardial fat tissue thickness?,"Serum PON 1 level is not correlated with the epicardial fat tissue thickness. But PON 1 level is lower in patients with epicardial fat tissue thickness 7 mm and over. Therefore, increased atherosclerosis progression can be found among patients with 7 mm and higher epicardial fat tissue thickness.","There is limited research on the direct relationship between serum paraoxonase level and epicardial fat tissue thickness. While paraoxonase is involved in lipid metabolism and inflammation, its correlation with epicardial fat thickness is not well-established."
PQ_0652,Chemoradiation instead of surgery to treat mid and low rectal tumors: is it safe?,Exclusive CRT approach is not safe to treat patients with low infiltrative rectal carcinoma.,"Chemoradiation offers a non-surgical alternative for mid and low rectal tumors, potentially sparing patients from major surgery. The safety of chemoradiation depends on factors like tumor stage, patient health, and the specific treatment regimen used."
PQ_0653,Is calibration the cause of variation in liquid chromatography tandem mass spectrometry testosterone measurement?,The variation in results obtained could not be attributed to variations in calibrators. The differences in methodologies between laboratories must be the reason for this variation.,"No, calibration is not the primary cause of variation in liquid chromatography tandem mass spectrometry (LC-MS/MS) testosterone measurement. Other factors, such as instrument variability, sample preparation, and matrix effects, can be more significant contributors to variation."
PQ_0654,Are complex coronary lesions more frequent in patients with diabetes mellitus?,Complex coronary lesions such as bifurcation and ostial lesions were significantly more common in diabetic patients than in nondiabetic patients. Greater age and the presence of DM were independent predictors for these complex lesions. These results may help to explain the poor prognosis of coronary artery disease among diabetic patients.,"Yes, complex coronary lesions are more frequent in patients with diabetes mellitus."
PQ_0655,Are variations in the use of carotid endarterectomy explained by population Need?,"use of CEA varies widely, depending on area of residence. Variation is not a consequence of differences in need, but reflects clinical practice and supply of services. There is evidence to suggest unmet need for CEA.","Yes, variations in carotid endarterectomy (CEA) utilization are likely influenced by population-specific needs and factors beyond pure medical necessity."
PQ_0656,Are there effects of intrauterine cocaine exposure on delinquency during early adolescence?,"In this cohort, prospectively ascertained prenatal exposure to cigarettes and childhood exposure to violence are associated with self-reported delinquent behaviors during early adolescence. Contrary to initial popular predictions, intrauterine cocaine is not a strong predictor of adolescent delinquent behaviors in this cohort.","Yes, studies have shown a correlation between intrauterine cocaine exposure and increased risk of delinquency during early adolescence."
PQ_0657,Is expert breast pathology assessment necessary for the management of ductal carcinoma in situ ?,Expert breast pathology assessments continue to be necessary in the management of DCIS.,"No, expert breast pathology assessment is not always necessary for the management of DCIS. Clinical guidelines often recommend a standard pathology assessment for DCIS, with expert assessment considered when needed."
PQ_0658,Thoracic and thoracoabdominal aneurysm repair: is reimplantation of spinal cord arteries a waste of time?,"With monitoring of MEP and SSEP, sacrifice--without reimplantation--of as many as 15 intercostal and lumbar arteries during TAA/A repair is safe, resulting in acceptably low rates of immediate and delayed paraplegia. This experience suggests that routine surgical implantation of segmental vessels is not indicated, and that, with evolving understanding of spinal cord perfusion, endovascular repair of the entire thoracic aorta should ultimately be possible without spinal cord injury.","The potential benefits of reimplanting spinal cord arteries during thoracic and thoracoabdominal aneurysm repair are still being investigated, and more research is needed to determine if it's truly beneficial. Further studies are required to establish the efficacy and long-term outcomes of this technique."
PQ_0659,Is year of radical prostatectomy a predictor of outcome in prostate cancer?,"When controlling for preoperative features, the year in which RP was performed is a predictor of outcome on multivariate analysis. This effect could not be explained by stage migration.","Yes, the year of radical prostatectomy is a significant predictor of outcome in prostate cancer."
PQ_0660,Does health information exchange reduce redundant imaging?,HIE was associated with reduced repeat imaging in EDs. This study is among the first to find empirical support for this anticipated benefit of HIE.,"Yes, health information exchange can reduce redundant imaging by allowing providers to access a patient's complete medical history, including prior imaging studies. This comprehensive view can help clinicians avoid unnecessary repeat imaging and focus on the most relevant diagnostic needs."
PQ_0661,Is decompressive surgery effective for spinal cord sarcoidosis accompanied with compressive cervical myelopathy?,The effect of decompression for spinal cord sarcoidosis with compressive myelopathy was not evident. Early diagnosis for sarcoidosis from other organ and steroid therapy should be needed.,"Decompressive surgery can be effective for spinal cord sarcoidosis with compressive cervical myelopathy, but outcomes are variable and depend on factors like the extent of compression and the patient's overall health."
PQ_0662,Endovenous laser ablation in the treatment of small saphenous varicose veins: does site of access influence early outcomes?,The site of access in our study does not appear to influence complications specifically neural injury or recurrence rates.,The study investigates whether the location of the access point during endovenous laser ablation (EVLA) for small saphenous vein (SSV) varicose veins affects early patient outcomes. The findings suggest that the access site has no significant impact on early outcomes.
PQ_0663,Is a pressor necessary during aortic perfusion and oxygenation therapy of cardiac arrest?,The addition of epinephrine to ACLS-SAPO increases vital organ perfusion pressures and improves outcome from cardiac arrest. There appears to be a profound loss of arterial vasomotor tone after prolonged arrest. This loss of vasomotor tone may make exogenous pressors necessary for resuscitation after prolonged cardiac arrest.,"No, a pressor is not always necessary during aortic perfusion and oxygenation therapy of cardiac arrest."
PQ_0664,Do people who were passive smokers during childhood have increased risk of long-term work disability?,The study supports the hypothesis that nurses' aides who were exposed to ETS at home during childhood have an increased risk of long-term sickness absence.,"Yes, studies have shown that childhood exposure to secondhand smoke is associated with a higher risk of long-term work disability."
PQ_0665,Is the covering of the resection margin after distal pancreatectomy advantageous?,"The results show no significant difference in the fistula rate after covering of the resection margin after distal pancreatectomy, which contributes to the picture of an unsolved problem.","Yes, covering the resection margin after distal pancreatectomy is advantageous, as it reduces the risk of local recurrence."
PQ_0666,Does treatment duration affect outcome after radiotherapy for prostate cancer?,"A proportionally longer treatment duration was identified as an adverse factor in low-risk patients. Treatment breaks resulting in a NTDR of>/=33% (e.g., four or more breaks during a 40-fraction treatment, 5 d/wk) should be avoided.","Yes, treatment duration influences outcome after radiotherapy for prostate cancer. A longer treatment duration generally leads to better biochemical control and potentially improved overall survival."
PQ_0667,Is the urinary biomarkers assessment a non-invasive approach to tubular lesions of the solitary kidney?,"Urinary biomarkers allow a non-invasive, sensitive, early assessment of the tubular lesions of the SK. Urinary biomarkers of PT injury parallel renal function decline, thus complementing the estimation of GFR. Monitoring of PT dysfunction is mandatory in patients with SK.","Yes, urinary biomarkers assessment can be a non-invasive approach to evaluating tubular lesions in the solitary kidney."
PQ_0668,Is there a role for fondaparinux in perioperative bridging?,"The role of fondaparinux in perioperative bridge therapy has not been established, and there are some important limitations to its use as a routine bridging agent.","Yes, fondaparinux can be used as a bridging anticoagulant for patients who require a temporary anticoagulant during surgery."
PQ_0669,Motor performance in chronic low back pain: is there an influence of pain-related cognitions?,It can be concluded that CLBP patients in general have worse motor task performance compared to healthy subjects and that provoking pain-related cognitions further worsened performance.,"The study investigates the relationship between pain-related cognitions, like fear-avoidance beliefs and catastrophizing, and motor performance in individuals with chronic low back pain. It examines how these cognitive factors affect physical function."
PQ_0670,Patient comprehension of emergency department care and instructions: are patients aware of when they do not understand?,"Many patients do not understand their ED care or their discharge instructions. Moreover, most patients appear to be unaware of their lack of understanding and report inappropriate confidence in their comprehension and recall.","Patients often lack awareness of their lack of understanding, leading to inadequate adherence to instructions and potentially adverse outcomes. This lack of awareness highlights the need for improved communication strategies to facilitate patient engagement and ensure optimal care."
PQ_0671,Can mandibular depiction be improved by changing the thickness of double-oblique computed tomography images?,We concluded that depiction of the superior wall of the mandibular canal cannot be improved by changing the thickness of images.,"Yes, altering the thickness of double-oblique computed tomography images can improve mandibular depiction."
PQ_0672,Adjuvant radiation of stage III thymoma: is it necessary?,Most patients who have stage III thymoma undergo complete resection. Some patients enjoy prolonged disease-free survival without adjuvant radiation after resection of stage III thymoma. Radiation does not seem to prevent pleural recurrences when given after resection of stage III thymomas. The use of routine adjuvant radiation after a complete resection of stage III thymoma needs to be re-addressed. There may be a role for the use of chemotherapy to reduce pleural recurrences.,"Adjuvant radiation therapy for stage III thymoma is generally recommended to reduce the risk of recurrence and improve survival. The decision depends on the specific case, considering factors like the patient's overall health and the tumor's characteristics."
PQ_0673,Inhibin: a new circulating marker of hydatidiform mole?,In this small study serum inhibin concentrations higher than those found in the early follicular phase one to two weeks after evacuation of a hydatidiform mole seemed to be specific for persistent trophoblastic disease. Further data are needed to confirm these promising results.,"Inhibin levels may be elevated in patients with hydatidiform mole, suggesting potential use as a diagnostic marker. Further research is needed to validate inhibin as a reliable marker for hydatidiform mole."
PQ_0674,Is the fibronectin-aggrecan complex present in cervical disk disease?,"Biochemical analysis of injured cervical intervertebral disks reveals the presence of inflammatory markers such as MCP, fragments of structural matrix proteins such as FAC, and a correlation with pH. Further evaluation of the FAC as a potential diagnostic biomarker or therapeutic target is warranted in the cervical spine.","Yes, the fibronectin-aggrecan complex is present in cervical disk disease."
PQ_0675,Does peritoneal dialysis affect halitosis in patients with end-stage renal disease?,High BUN levels and low salivary flow rates were found to be associated with halitosis. PD may play an important role in decreasing the level of halitosis in ESRD patients.,"Yes, peritoneal dialysis can contribute to halitosis in patients with end-stage renal disease due to factors like urea buildup and metabolic changes."
PQ_0676,Can elevated troponin I levels predict complicated clinical course and inhospital mortality in patients with acute pulmonary embolism?,Our results indicate that elevated cTnI levels are associated with higher risk for inhospital mortality and complicated clinical course. Troponin I may play an important role for the risk assessment of patients with PE. The idea that an elevation in cTnI levels is a valuable parameter for the risk stratification of patients with PE needs to be examined in larger prospective studies.,"Yes, elevated troponin I levels are associated with a worse clinical course and increased in-hospital mortality in patients with acute pulmonary embolism."
PQ_0677,Is transurethral catheterisation the ideal method of bladder drainage?,"Our study emphasised the discomfort of transurethral urinary catheters, especially in male patients, and the high incidence of urinary tract infections in both sexes. Consideration should be given to the utilisation of alternative methods of bladder drainage, such as suprapubic catheterisation, which can be performed with ease during laparotomy.","Transurethral catheterization is a common method for bladder drainage, but it's not universally ideal due to potential complications like urethral irritation and infection risks."
PQ_0678,The colour of pain: can patients use colour to describe osteoarthritis pain?,"For some patients, using colour to describe their pain experience may be a useful tool to improve doctor-patient communication.","Studies suggest that patients with osteoarthritis can use color to describe their pain, with red often associated with inflammation and blue/gray with stiffness."
PQ_0679,Inpatient Pediatric Tonsillectomy: Does Hospital Type Affect Cost and Outcomes of Care?,"Significant differences in costs, outcomes, and patient factors exist for inpatient tonsillectomy based on hospital type. Although reasons for these differences are not discernable using isolated claims data, findings provide a foundation to further evaluate patient, institutional, and system-level factors that may reduce cost of care and improve value for inpatient tonsillectomy.","The study examined the impact of hospital type (e.g., children's hospital vs. general hospital) on the cost and outcomes of pediatric tonsillectomy patients. Findings suggest that children's hospitals may offer more favorable outcomes and potentially lower costs compared to general hospitals for this procedure."
PQ_0680,Does anterior laxity of the uninjured knee influence clinical outcomes of ACL reconstruction?,Greater anterior laxity of the uninjured knee was associated with poorer stability and functional outcomes after ACL reconstruction. Excessive anterior laxity of the uninjured knee thus appears to represent a risk factor for inferior outcomes.,"Yes, anterior laxity of the uninjured knee can influence ACL reconstruction outcomes. It can be a risk factor for graft failure and re-injury."
PQ_0681,Is the type of remission after a major depressive episode an important risk factor to relapses in a 4-year follow up?,"At medium term, relapse rates for a major depressive episode are high. Partial remission after a depressive episode seems to be an important predictive factor for relapses in a 4-year follow-up.","Yes, the type of remission achieved after a major depressive episode (e.g., complete, partial) is a significant risk factor for relapse in a 4-year follow-up."
PQ_0682,Prostate-specific antigen and free prostate-specific antigen in the early detection of prostate cancer: do combination tests improve detection?,"Tests combining total and percent free PSA show modest overall improvements over total PSA. However, utilization of percent free PSA below a PSA threshold of 4 ng/mL could translate into a practically important reduction in unnecessary biopsies without sacrificing cancers detected.","Combining PSA and free PSA might improve prostate cancer detection accuracy, but further research is needed to confirm these findings."
PQ_0683,Can homemade alcohol (Raksi) be useful for preserving dead bodies?,"It is concluded from the study that this knowledge if applied to dead human subjects, may preserve dead bodies temporarily allowing delayed funeral.","No, homemade alcohol (Raksi) is not suitable for preserving dead bodies. It lacks the necessary chemical compounds to effectively halt decomposition and is likely to be contaminated."
PQ_0684,Do elderly cancer patients have different care needs compared with younger ones?,"Elderly patients have informational and relational needs similar to those of younger patients. In fact, most of the whole sample flagged up the need for higher levels of satisfaction especially concerning a better dialogue with health staff, along with a new factor: the need to talk to people with the same illness.","Yes, elderly cancer patients often have different care needs due to age-related physiological changes, comorbidities, and psychosocial factors that impact their treatment tolerance and overall well-being."
PQ_0685,Is breast cancer survival improving?,"For these cohorts of patients, the authors present data suggesting that the prognosis for patients with recurrent breast cancer improved between 1974 and 2000.","Yes, breast cancer survival rates have significantly improved over the past few decades due to advancements in early detection, treatment, and research."
PQ_0686,Can common carotid intima media thickness serve as an indicator of both cardiovascular phenotype and risk among black Africans?,"Our findings support CIMT as a significant indicator of both cardiovascular risk and phenotype among adult black Africans. However, specific thresholds need to be defined based on prospective studies.","Yes, common carotid intima media thickness (cIMT) can be used as an indicator of cardiovascular phenotype and risk in black Africans. Further research is needed to confirm these findings."
PQ_0687,Delayed diagnosis of anorectal malformations: are current guidelines sufficient?,"Delayed diagnosis of an ARM appears to be common, occurring in approximately 32% of patients referred to our institution over the last 2.5 years. Current guidelines appear insufficient to ensure prompt diagnosis of ARM.","Current guidelines may not adequately address the complexities of anorectal malformations, leading to delayed diagnoses. Further research is needed to improve early detection and optimize patient outcomes."
PQ_0688,Is being small for gestational age a risk factor for retinopathy of prematurity?,"This study has shown that being SGA was not a significant risk factor for any stage ROP or for severe ROP in this cohort and, also, that the risk factors for ROP were similar among SGA and AGA very-low-birth-weight preterm babies.","Yes, small for gestational age (SGA) infants are at increased risk of retinopathy of prematurity (ROP)."
PQ_0689,Comparative safety of infliximab and etanercept on the risk of serious infections: does the association vary by patient characteristics?,"An increased risk of serious infections associated with infliximab relative to etanercept did not appear to be modified by patients' sex, race/ethnicity, body mass index, or smoking status. There was an indication that the increased risk might be limited to patients<65 years. Additional studies are warranted to verify or refute this finding.","The study investigates the comparative effectiveness of infliximab and etanercept in lowering the risk of serious infections, and assesses whether this association differs based on patient characteristics. The researchers aim to determine if certain patient populations benefit more from one drug over the other in terms of infection risk mitigation."
PQ_0690,Fast foods - are they a risk factor for asthma?,"Frequent consumption of hamburgers showed a dose-dependent association with asthma symptoms, and frequent takeaway consumption showed a similar association with BHR.","The relationship between fast food consumption and asthma is complex and not fully understood, with some studies suggesting a possible association, while others show no significant link. More research is needed to determine if there's a causal relationship."
PQ_0691,Can magnetic resonance-ultrasound fusion biopsy improve cancer detection in enlarged prostates?,"Transrectal ultrasound guided and fusion biopsy cancer detection rates decreased with increasing prostate volume. However, magnetic resonance-ultrasound fusion biopsy had a higher prostate cancer detection rate compared to that of transrectal ultrasound guided biopsy in the literature. Magnetic resonance-ultrasound fusion biopsy represents a promising solution for patients with suspicion of prostate cancer and an enlarged prostate.","Yes, MRI-ultrasound fusion biopsy has the potential to improve cancer detection in enlarged prostates by combining the advantages of both imaging modalities. This allows for more precise targeting of suspicious areas within the prostate."
PQ_0692,Does normothermic normokalemic simultaneous antegrade/retrograde perfusion improve myocardial oxygenation and energy metabolism for hypertrophied hearts?,"Normothermic normokalemic simultaneous antegrade/retrograde perfusion did not improve, but slightly impaired myocardial oxygenation and energy metabolism of beating hypertrophied hearts relative to NNAP. Therefore, NNSP for protection of beating hypertrophied hearts during valve surgery should be used with extra caution.","Yes, normothermic normokalemic simultaneous antegrade/retrograde perfusion has been shown to improve myocardial oxygenation and energy metabolism in hypertrophied hearts."
PQ_0693,Are there progressive brain changes in schizophrenia?,"These findings suggest that schizophrenia is associated with progressive structural brain abnormalities, affecting both gray and white matter. We found no evidence to suggest progressive medial temporal lobe involvement but did find evidence that this may be partly explained by heterogeneity between studies in patient age and illness duration. The causes and clinical correlates of these progressive brain changes should now be the focus of investigation.","Yes, there is evidence of progressive brain changes in schizophrenia, with some structural and functional alterations appearing earlier in the illness and potentially worsening over time."
PQ_0694,Does concept mapping enhance learning outcome of nursing students?,"In conclusion, concept mapping has a positive effect on students' academic achievement. These findings could provide valuable evidence for establishing concept mapping as a continuous teaching strategy for nursing students.","Yes, concept mapping has been shown to enhance learning outcomes in nursing students."
PQ_0695,Is the Androgen Deficiency of Aging Men (ADAM) questionnaire useful for the screening of partial androgenic deficiency of aging men?,"In this series, in accordance to available testosterone, the prevalence of PADAM was determined to be high, in which the ADAM questionnaire rendered a low diagnostic efficiency. PADAM diagnosis could be clinically suspected when symptoms of sexual dysfunction are present.","Yes, the ADAM questionnaire is a validated tool for screening partial androgen deficiency in aging men. It has demonstrated good sensitivity and specificity for identifying individuals with symptoms suggestive of androgen deficiency."
PQ_0696,Does the Transmissible Liability Index (TLI) assessed in late childhood predict suicidal symptoms at young adulthood?,These findings confirm the hypothesis that TLI assessed at late childhood is a predictor of frequency and severity of suicidal behavior from preadolescence to young adulthood.,"Yes, a higher TLI in late childhood is associated with an increased risk of suicidal symptoms at young adulthood."
PQ_0697,Are there gender differences in the reasons why African Americans delay in seeking medical help for symptoms of an acute myocardial infarction?,"Women compared to men often delay seeking treatment for an AMI, which further increases their risks. Our findings suggest specific characteristics that can serve as a profile to those African Americans most likely to delay seeking treatment for AMI.","Yes, gender differences likely exist in the reasons why African American women delay seeking medical attention for symptoms of an acute myocardial infarction."
PQ_0698,Does histologic chorioamnionitis correspond to clinical chorioamnionitis?,Histologic chorioamnionitis is a reliable indicator of infection whether or not it is clinically apparent.,"Histologic chorioamnionitis is a pathological finding, while clinical chorioamnionitis is a clinical diagnosis. Histologic chorioamnionitis may be present in the absence of clinical chorioamnionitis, and vice versa."
PQ_0699,"Are lifetime prevalence of impetigo, molluscum and herpes infection really increased in children having atopic dermatitis?",The lifetime prevalence of IC was indeed higher in young children with a history of AD.,"Yes, studies have shown a higher lifetime prevalence of impetigo, molluscum contagiosum, and herpes simplex virus (HSV) infections in children with atopic dermatitis."
PQ_0700,Does sonographic needle guidance affect the clinical outcome of intraarticular injections?,Sonographic needle guidance significantly improves the performance and outcomes of outpatient IA injections in a clinically significant manner.,"Studies have shown that sonographic needle guidance can improve the accuracy and safety of intraarticular injections, potentially leading to better clinical outcomes. However, the evidence is mixed, and further research is needed to definitively determine the impact on clinical outcomes."
PQ_0701,Pancreas retransplantation:  a second chance for diabetic patients?,Pancreas retransplantation is a safe procedure with acceptable graft survival that should be proposed to diabetic patients who have lost their primary graft.,"Pancreas transplantation offers a potential cure for type 1 diabetes, but it's a complex procedure with its own set of challenges. The success rate and long-term outcomes of pancreas transplantation are still being investigated."
PQ_0702,Factors determining the survival of nasopharyngeal carcinoma with lung metastasis alone: does combined modality treatment benefit?,"Age ≤ 45 years, DFI>1 year, and the combined therapy were good prognostic factors for NPC patients with lung metastasis(es) alone. The combination of local therapy and the basic chemotherapy should be considered for these patients with DFI>1 year.","The survival of nasopharyngeal carcinoma with lung metastasis alone is influenced by factors like tumor stage, patient age, and performance status. Combined modality treatment (chemotherapy and radiation therapy) may offer a survival benefit compared to single-modality treatment, but results vary."
PQ_0703,Do viral infections have a role in benign paroxysmal positional vertigo?,"BPPV is associated with positive viral serology, particularly during certain months of the year, mainly in spring and autumn. Viral infection might promote BPPV attacks due to the development of vestibulopathy or induce secondary BPPV via viral infection-related neurolabyrinthitis.","The role of viral infections in BPPV is not fully established, but some studies suggest a possible link."
PQ_0704,Does the enteral feeding advancement affect short-term outcomes in very low birth weight infants?,"Center differences in enteral feeding advancement occur and may have a significant impact on short-term outcomes such as nosocomial sepsis. Large, multicenter, prospective trials are required to further elucidate the optimal feeding strategy for VLBW infants.","Yes, studies suggest that enteral feeding advancement in very low birth weight infants can improve short-term outcomes."
PQ_0705,Is late-night salivary cortisol a better screening test for possible cortisol excess than standard screening tests in obese patients with Type 2 diabetes?,Late-night salivary cortisol has a poor specificity for cortisol excess in obese patients with T2DM with 24 hr UFC showing significantly better specificity in our population.,"Yes, late-night salivary cortisol may be a more sensitive screening test for Cushing's syndrome in obese patients with Type 2 diabetes than standard screening tests."
PQ_0706,Does psychological distress predict disability?,Psychological distress is an independent risk factor for disability. Its predictive significance varies between disorders leading to functional deterioration. The association mechanisms are likely to vary from one disorder to another.,"Yes, psychological distress is a significant predictor of disability."
PQ_0707,Does preloading with colloids prevent hemodynamic changes when neurosurgical patients are subsequently changed to the seated position?,It is concluded that preloading colloid fluid prior to repositioning could prevent the decrease of systolic blood pressure and central venous pressure during sitting positioning without other complications.,"Yes, preloading with colloids can help stabilize hemodynamics in neurosurgical patients during positional changes."
PQ_0708,Does continuous intravenous infusion of low-concentration epinephrine impair uterine blood flow in pregnant ewes?,"In gravid ewes, intravenous infusion of<or = 1.67 micrograms/min epinephrine altered neither maternal hemodynamics nor uterine blood flow. To the extent that sheep data can be extrapolated to humans, these results suggest that continuous intravenous infusion of epinephrine in local anesthetic solutions is safe if the epidural catheter should enter a blood vessel during the infusion.","Yes, continuous intravenous infusion of low-concentration epinephrine impairs uterine blood flow in pregnant ewes."
PQ_0709,Is there a first night effect on sleep bruxism?,"The results showed no overall first night effect on severity of RMMA frequency in young and healthy patients with SB. In clinical practice, one-night sleep recording may be sufficient for moderate-high frequency SB patients. However, low RMMA frequency in the first night could be confirmed by a second night based on the patient's medical and dental history.","Yes, some studies suggest a possible link between the first night of sleep and sleep bruxism, although more research is needed."
PQ_0710,Does menopausal transition affect the quality of life?,This longitudinal study found no significant effect of menopausal transition on quality of life among Taiwanese women. The decline in the role limitations due to emotional problems was related to vasomotor symptoms.,"Yes, the menopausal transition can significantly affect quality of life due to hormonal changes and associated symptoms."
PQ_0711,Can clinicians use the PHQ-9 to assess depression in people with vision loss?,"Our findings demonstrate that the PHQ-9, when scaled with Rasch analysis, forms a linear interval measurement of depressive symptoms suitable for use in a vision impaired population.","The PHQ-9 is a valid and reliable tool for assessing depression in individuals with vision loss. However, it's important to consider potential adaptations for individuals with low literacy or visual impairments."
PQ_0712,Should all human immunodeficiency virus-infected patients with end-stage renal disease be excluded from transplantation?,"The great majority of U.S. renal transplant centers will not transplant kidneys to HIV-infected patients with end-stage renal disease, even if their infection is asymptomatic. However, advances in the management of HIV infection and a review of relevant ethical issues suggest that this approach should be reconsidered.","No, HIV-infected patients with end-stage renal disease (ESRD) should not be excluded from transplantation based on HIV status alone. Careful evaluation of the patient's overall health and immune function is necessary to determine transplantation suitability."
PQ_0713,Is the 7th TNM edition suitable for biological predictor in early gastric cancer?,Upstaging in EGC based on the revised TNM staging reflects more aggressive biological behavior of cancer. The new TNM staging system may be informative in prediction of biological behavior of EGC as well as prognosis and survival.,The 7th TNM edition is not suitable for predicting biological behavior in early gastric cancer due to its lack of detailed molecular and genetic information. More comprehensive staging systems incorporating molecular markers are needed for better prediction of prognosis.
PQ_0714,Does growth hormone replacement therapy reduce mortality in adults with growth hormone deficiency?,"GHD men receiving GH treatment have a mortality rate not different from the background population. In women, after exclusion of high-risk patients, mortality was not different from the background population except for CVD. Mortality due to malignancies was not elevated in adults receiving GH treatment. Next to gender, the heterogeneous etiology is of influence on mortality in GHD adults with GH treatment.","Yes, growth hormone replacement therapy has been shown to reduce mortality in adults with growth hormone deficiency."
PQ_0715,Attaining negative margins in breast-conservation operations: is there a consensus among breast surgeons?,"Results of this survey highlight the wide variety of practice patterns in the US for handling surgical margins in breast-conservation treatment. This issue remains controversial, with no prevailing standard of care. Consequently, additional study is needed in the modern era of multimodality treatment to examine the minimal amount of surgical treatment necessary, in conjunction with chemotherapy and radiation, to attain adequate local control rates in breast-conservation treatment.","The consensus among breast surgeons regarding negative margins in breast-conservation operations is that achieving them is a crucial goal for optimal outcomes and disease recurrence prevention. However, there is ongoing debate on the ideal margin width and the best methodology for achieving these negative margins."
PQ_0716,Can serum be used for analyzing the EGFR mutation status in patients with advanced non-small cell lung cancer?,Serum sample might be alternatively used in the difficult time of getting tumor tissue for analyzing the status of EGFR mutation status in patients with advanced NSCLC.,"Yes, serum can be used to analyze the EGFR mutation status in patients with advanced non-small cell lung cancer."
PQ_0717,Do Web-based and clinic samples of gay men living with HIV differ on self-reported physical and psychological symptoms?,"Our data have revealed a number of differences. Compared to the clinic sample, the Web-based sample had worse psychological symptom burden, younger average age, higher prevalence of employment, and a lower proportion on ART. For future research, we recommend that Web-based data collection should include the demographic variables that we note differed between samples. In addition, we recognize that each recruitment method may bring inherent sampling bias, with clinic populations differing by geographical location and reflecting those accessing regular medical care, and Web-based sampling recruiting those with greater Internet access and identifying survey materials through specific searches and contact with specific websites.","Yes, there are likely differences in self-reported physical and psychological symptoms between web-based and clinic samples of gay men living with HIV. These differences could be due to various factors such as recall bias, social desirability, and the specific populations represented in each study."
PQ_0718,Are patients with diabetes receiving the same message from dietitians and nurses?,"Although some differences existed, RD and RN CDEs are making similar overall recommendations in the treatment of individuals with diabetes.",There is a lack of consistent messaging regarding dietary recommendations for diabetes patients from dietitians and nurses.
PQ_0719,Preparing patients at high risk of falls for discharge home after rehabilitation: Do we meet the guidelines?,"There was little evidence that people at high risk of falls received systematic falls risk assessment during rehabilitation. When a risk was identified, generally a strategy was implemented. However, failure to assess some risk factors might have limited fall prevention strategies offered. Failure to adequately address risks during hospitalization could contribute to falls post-discharge. Geriatr Gerontol Int 2016; 16: 570-576.","We need to review the patient's fall risk assessment, rehabilitation progress, and home environment to determine if they meet the criteria for safe discharge. A thorough evaluation of functional abilities, support systems, and potential hazards is crucial."
PQ_0720,"Expression of c-kit protooncogen in hepatitis B virus-induced chronic hepatitis, cirrhosis and hepatocellular carcinoma: has it a diagnostic role?","C-kit positivity was observed in the mitotic, proliferating and also dysplastic hepatic cells. These results suggest that c-kit expression may be used as an early diagnostic indicator for HBV induced HCC.","c-kit expression in chronic hepatitis B virus infection is correlated with disease progression, including cirrhosis and hepatocellular carcinoma, but its diagnostic utility is limited due to its low specificity and potential for non-specific expression."
PQ_0721,Longer term quality of life and outcome in stroke patients: is the Barthel index alone an adequate measure of outcome?,"The place of the Barthel index as the standard outcome measure for populations of stroke patients is still justified for long term follow up, and may be a proxy for different outcome measures intended for the assessment of other domains.","The Barthel Index (BI) is a useful tool for assessing stroke recovery, but it may not fully capture the long-term quality of life and functional outcomes. A more comprehensive assessment, including factors like psychosocial well-being, vocational status, and patient-reported outcomes, is needed."
PQ_0722,Do women residents delay childbearing due to perceived career threats?,Women residents intentionally postpone pregnancy because of perceived threats to their careers. Medical educators should be aware of these findings when counseling female trainees.,"Yes, some women residents delay childbearing due to career concerns."
PQ_0723,Do general practitioner hospitals reduce the utilisation of general hospital beds?,GP hospitals seem to reduce the utilisation of general hospitals with respect to admissions as well as occupied bed days.,"Yes, general practitioner (GP) hospitals can reduce the utilization of general hospital beds. GP hospitals provide primary care services, which can help prevent or manage illnesses before they require hospital admission."
PQ_0724,Some aspects of social exclusion: do they influence suicide mortality?,Both 'economic/employment' and 'social/welfare' dimensions of social exclusion significantly influence suicide mortality among males. The influence of 'economic/employment' and 'social/welfare' dimensions of social exclusion on female suicide mortality is controversial. Social exclusion might be considered as a risk factor for suicide mortality in Europe.,"Yes, social exclusion is associated with increased suicide mortality. Social isolation and lack of social support contribute to higher suicide risk."
PQ_0725,Does parity increase insulin resistance during pregnancy?,"Parity is not directly linked to insulin sensitivity deterioration, to CP/FPG increase during pregnancy, or to GDM appearance, although it is linked through the mediation of progressive ageing and weight gain either before or during pregnancy, when there is a sufficiently long time interval between pregnancies.","Yes, parity is associated with increased insulin resistance during pregnancy."
PQ_0726,Informed consent for total hip arthroplasty: does a written information sheet improve recall by patients?,"Written information sheets contribute to the process of informed consent. As patients' recall of information is generally poor, the sheets may also be useful medicolegally, as a permanent record of what was discussed.","Yes, a written information sheet improves recall of key information about total hip arthroplasty for patients. This is because the written document provides a structured and accessible reference."
PQ_0727,Is gastric cancer different in Korea and the United States?,"There were significant differences in tumor characteristics by tumor location within and between both national cohorts. On the basis of these findings, further study to investigate the biological difference between the two countries is needed.","Yes, there are differences in gastric cancer incidence, prevalence, and mortality rates between Korea and the United States."
PQ_0728,Do we need imaging to diagnose appendicitis in children?,"Clinical assessment is the key to diagnose appendicitis. Nevertheless, in girls older than 10 years, selected use of imaging should be implemented to avoid unnecessary appendectomies. Imaging of choice in equivocal cases should be ultrasonography.","Imaging is often helpful in diagnosing appendicitis in children, but is not always necessary. Clinical assessment, including physical examination and laboratory tests, is the primary method for diagnosis."
PQ_0729,Discharging patients earlier from Winnipeg hospitals: does it adversely affect quality of care?,Improving hospital efficiency by shortening length of stay does not appear to result in increased rates of readmission or numbers of physician visits within 30 days after discharge from hospital. Research is needed to identify optimal lengths of stay and expected readmission rates.,"Discharging patients earlier from Winnipeg hospitals could potentially affect quality of care if it leads to a decline in patient safety, increased readmissions, or unmet needs. More research is needed to evaluate the impact on patient outcomes."
PQ_0730,Does the distribution of health care benefits in Kenya meet the principles of universal coverage?,The principles of universal coverage require that all should benefit from health care according to need. The Kenyan health sector is clearly inequitable and benefits are not distributed on the basis of need. Deliberate efforts should be directed to restructuring the Kenyan health system to address access barriers and ensure that all Kenyans benefit from health care when they need it.,"No, the distribution of healthcare benefits in Kenya is not fully aligned with universal coverage principles."
PQ_0731,Cholesterol screening in school children: is family history reliable to choose the ones to screen?,"We suggest that regardless of family history, all children over 5 years should be screened for hyperlipidemia. Education about hyperlipidemia and precautions for its complications should be given to both children and families. The best and easiest way to reach children is to screen them at schools. School is also a good place for education of children about hyperlipidemia and risk factors.","Family history is a reliable factor for identifying children at increased risk for early-onset cardiovascular disease and, therefore, should be considered when selecting children for cholesterol screening."
PQ_0732,Bony defects in chronic anterior posttraumatic dislocation of the shoulder: Is there a correlation between humeral and glenoidal lesions?,Humeral and glenoid bone defects were not correlated. Inter-observer reliability was excellent for the D/R ratio and good for the D1/D2 ratio.,"Yes, there is a significant correlation between humeral and glenoidal lesions in chronic anterior posttraumatic dislocation of the shoulder. The presence and severity of these lesions often directly relate to each other."
PQ_0733,Do parents recall and understand children's weight status information after BMI screening?,"While parents remember that their child's body mass index is higher than recommended, they are unable to remember much of the information and advice provided about the result.","Some parents recall and understand their child's BMI information after a screening, but this varies based on factors like the parent's health literacy and the communication method used."
PQ_0734,Does ambulatory process of care predict health-related quality of life outcomes for patients with chronic disease?,The use of instrumental variables allowed us to demonstrate a significant relationship between better ambulatory process of care and better health-related quality of life. This finding underscores the importance of efforts to improve the process of care.,"Yes, ambulatory care processes, such as access to care and patient-provider communication, can predict health-related quality of life outcomes for patients with chronic diseases."
PQ_0735,Does perspective-taking increase patient satisfaction in medical encounters?,"Perspective-taking increased patient satisfaction in all three studies, across medical schools, clinical disciplines, and racially diverse students and SPs. Perspective-taking as a means for improving patient satisfaction deserves further exploration in clinical training and practice.","Yes, perspective-taking can increase patient satisfaction in medical encounters."
PQ_0736,Is first-line single-agent mitoxantrone in the treatment of high-risk metastatic breast cancer patients as effective as combination chemotherapy?,"No significant difference was detected between the treatment with mitoxantrone as a single agent and the combination of low-dose FEC in terms of response or survival; therefore, the imperative of the necessity of first-line combination chemotherapy for patients with high-risk metastatic breast cancer may be questioned. Since toxicity and quality of life score favored the single-agent mitoxantrone treatment arm, this treatment may be offered to patients preferring quality of life to a potential small prolongation of survival.","No, first-line single-agent mitoxantrone is not as effective as combination chemotherapy for high-risk metastatic breast cancer patients."
PQ_0737,Are patients with Werlhof's disease at increased risk for bleeding complications when undergoing cardiac surgery?,Patients with WD may possibly undergo cardiac surgery without a markedly enhanced risk for bleeding complications despite a more than usual transfusion requirement and significantly lower platelet counts perioperatively.,"Yes, patients with Werlhof's disease are at increased risk for bleeding complications during cardiac surgery."
PQ_0738,Is neck pain associated with worse health-related quality of life 6 months later?,We found that neck pain was negatively associated with physical but not mental HRQoL. Our analysis suggests that neck pain may be a contributor of future poor physical HRQoL in the population. Raising awareness of the possible future impact of neck pain on physical HRQoL is important for health-care providers and policy makers with respect to the management of neck pain in populations.,"Yes, neck pain is associated with worse health-related quality of life 6 months later."
PQ_0739,Does oral α-galactosidase relieve irritable bowel symptoms?,"We found no evidence to support the use of AG routinely in IBS patients. Improvement of clinical response at 4-week follow-up may suggest a long-term effect of unknown mechanism, but could also be attributed to non-responder drop out. Gastrointestinal (GI) side effects may be a coincidence in this study, but irritation of GI tract by AG administration cannot be excluded.","Yes, oral α-galactosidase is approved to relieve symptoms of irritable bowel syndrome (IBS) in adults."
PQ_0740,Is there a connection between sublingual varices and hypertension?,"An association was found between sublingual varices and hypertension. Examining the lateral borders of the tongue is easily done, causes no harm and could be a valuable method for the dental profession to take active part in preventive healthcare.","There is no direct, well-established connection between sublingual varices and hypertension. While both can be associated with liver disease, the link is indirect and not a primary cause-and-effect relationship."
PQ_0741,Can CT predict the level of CSF block in tuberculous hydrocephalus?,CT is therefore not useful in determining the level of CSF block in TBM. Air-encephalography remains the most reliable way of determining the level of CSF obstruction.,"CT can help estimate the CSF block level in tuberculous hydrocephalus, but it's not definitive and other imaging modalities are often needed for precise localization."
PQ_0742,MR arthrography of the shoulder: do we need local anesthesia?,"Local anesthesia is not required to lower a patient's pain intensity when applying intra-articular contrast media for MR arthrography of the shoulder. This could result in reduced costs and a reduced risk of adverse reactions, without an impact on patient comfort.","MR arthrography of the shoulder does not necessarily require local anesthesia, but it can be administered if needed. The decision to use local anesthesia depends on the patient's pain tolerance and the specific clinical indication."
PQ_0743,Does cognitive function predict frequency compressed speech recognition in listeners with normal hearing and normal cognition?,The relationship between cognitive functioning and recognition of frequency compressed speech-in-noise was not statistically significant. The findings may have been different if the participants had been provided with training and/or time to 'acclimatize' to the frequency-compressed conditions.,"Yes, studies suggest a correlation between cognitive function and performance in frequency-compressed speech recognition tasks."
PQ_0744,Should cavitation in proximal surfaces be reported in cone beam computed tomography examination?,"CBCT was more accurate in detecting cavitation in proximal surfaces than bitewing radiographs; therefore a CBCT examination performed for other clinical applications should also be assessed for proximal surface cavities in teeth without restorations, and when detected, this pathology must be part of the dentist's report.","Yes, cavitation in proximal surfaces should be reported in cone beam computed tomography examinations."
PQ_0745,Do supervised colorectal trainees differ from consultants in terms of quality of TME surgery?,"We conclude that the quality of rectal cancer excision, as defined by mesorectal grades, achieved by supervised colorectal trainees is comparable with that achieved by consultants.",The evidence suggests that supervised colorectal trainees may not consistently achieve the same quality of Total Mesenteric Evisceration (TME) surgery as experienced consultants.
PQ_0746,Affect-regulated exercise intensity: does training at an intensity that feels 'good' improve physical health?,"Affect-regulated exercise to feel 'good' can be used in a training programme to regulate exercise intensity. This approach led to a 19% increase in time to reach ventilatory threshold, which is indicative of improved fitness.","Affect-regulated exercise intensity, focusing on perceived exertion and enjoyment, is a promising approach to enhance adherence and potentially improve physical health outcomes. This approach suggests tailoring exercise to individual preferences and comfort levels, potentially leading to more sustainable and beneficial exercise habits."
PQ_0747,Do socioeconomic differences in mortality persist after retirement?,Socioeconomic differences in mortality persist beyond retirement age and in magnitude increase with age. Social differentials in mortality based on an occupational status measure seem to decrease to a greater degree after retirement than those based on a non-work measure. This suggests that alongside other socioeconomic factors work itself may play an important part in generating social inequalities in health in men of working age.,"Yes, socioeconomic differences in mortality persist after retirement."
PQ_0748,Women with synchronous primary cancers of the endometrium and ovary: do they have Lynch syndrome?,"Overall, 7% of women in our cohort met either clinical or molecular criteria for Lynch syndrome. All of these women had a prior history or a first-degree relative with an HNPCC-associated cancer. Limiting genetic evaluation to women with synchronous endometrial and ovarian cancer who have a family history suggestive of HNPCC may appropriately identify women with Lynch syndrome.","The presence of synchronous primary endometrial and ovarian cancers in women raises suspicion for Lynch syndrome, but further investigation is needed to confirm the diagnosis. Testing for germline mutations in MMR genes is crucial to determine if Lynch syndrome is present."
PQ_0749,Can emergency physicians accurately and reliably assess acute vertigo in the emergency department?,"In the hands of EPs, STANDING showed a good inter-observer agreement and accuracy validated against the local standard of care.","Yes, emergency physicians can accurately and reliably assess acute vertigo in the emergency department."
PQ_0750,Orthostatic myoclonus: an underrecognized cause of unsteadiness?,Orthostatic myoclonus is often underdiagnosed and can be considered a possible cause of unsteadiness in subjects with neurodegenerative diseases. Electromyography surface recording is thereby an aid for investigating unsteadiness of unknown origin.,"Yes, orthostatic myoclonus can cause unsteadiness, and it's often overlooked."
PQ_0751,Is the cell death in mesial temporal sclerosis apoptotic?,"These data suggest that either apoptosis is not involved in cell loss in MTS, or a very slow rate of cell demise may have precluded detecting TUNEL-positive neurons dying through apoptosis. Increased Bax expression and activation of caspases support the latter possibility.",The cell death in mesial temporal sclerosis is primarily characterized by apoptosis.
PQ_0752,Contrast-enhanced MR imaging of hand and finger joints in patients with early rheumatoid arthritis: do we really need a full dose of gadobenate dimeglumine for assessing synovial enhancement at 3 T?,"Postcontrast synovial SIs showed high correlation between half dose and full dose, and image quality was rated identically. Therefore, half-dose gadobenate dimeglumine at 3-T MR imaging may be sufficient for assessing synovitis or tenosynovitis in early RA.",The study suggests that a full dose of gadobenate dimeglumine is not necessary for assessing synovial enhancement in early rheumatoid arthritis at 3T.
PQ_0753,Does laparoscopic cholecystectomy influence peri-sinusoidal cell activity?,"Laparoscopic procedures caused detectable damage to Kupffer and endothelial cells as reflected by elevation of post-operative HA serum levels. The damage to the liver hepatocytes and perisinusoidal cells has no clinical significance and the laparoscopic procedure itself is the probable cause of the Kupffer and endothelial cells damage, while other mechanisms caused damage to the hepatocytes.","The impact of laparoscopic cholecystectomy (LC) on peri-sinusoidal cell activity is not fully understood and requires further investigation. Studies have shown mixed results, with some suggesting potential alterations in these cells after LC."
PQ_0754,Does case-mix based reimbursement stimulate the development of process-oriented care delivery?,This study demonstrates that hospital management can stimulate the development of care programmes by the adoption of case-mix reimbursement within hospitals' budgeting processes. Future research is recommended to confirm this finding and to determine whether the establishment of care programmes will in time indeed lead to a more process-oriented view of professionals.,"Case-mix based reimbursement can encourage the development of process-oriented care delivery, as it incentivizes providers to improve efficiency and quality of care to achieve better outcomes for similar patients."
PQ_0755,Risky sexual behavior among college students With ADHD: is the mother-child relationship protective?,"Results suggest that female college students with ADHD are at risk for unprotected sex. Moreover, a positive mother-child relationship may be protective for college students with ADHD in relation to RSB.","The relationship between a mother and a child with ADHD and risky sexual behavior is complex, and this study explores whether a protective mother-child relationship can mitigate the risk of risky sexual behavior in college students with ADHD."
PQ_0756,Rotator cuff tear--an occupational disease?,"Our data suggest that working exposure increases the risk or leads to the clinical manifestation of rotator cuff tears. Although a detailed analysis of individual physical exposure is not available yet, the statistical results indicate that rotator cuff tears must be taken into consideration as a result of ergonomic exposure.","Yes, rotator cuff tears are often associated with repetitive overhead activities and certain occupations."
PQ_0757,Is there a need for pelvic CT scan in cases of renal cell carcinoma?,Pelvic CT does not offer additional information in the vast majority of cases with RCC and should be performed selectively. Thus the cost of diagnostic imaging in RCC can be reduced.,"No, a pelvic CT scan is not routinely indicated for renal cell carcinoma."
PQ_0758,Prognostic factors for cervical spondylotic amyotrophy: are signs of spinal cord involvement associated with the neurological prognosis?,The presence of a high signal intensity change on T2-weighted MRI and the pyramidal tract sign can be used as prognostic factors for patients with CSA.,"Yes, signs of spinal cord involvement, such as myelomalacia or inflammation, are strongly associated with a worse neurological prognosis in cervical spondylotic amyotrophy."
PQ_0759,Parasacral sciatic nerve block: does the elicited motor response predict the success rate?,Eliciting a tibial motor response predicts a higher success rate than eliciting a peroneal motor response with parasacral sciatic nerve block.,The motor response to a parasacral sciatic nerve block does not reliably predict the success rate of the block. More research is needed to determine optimal motor response criteria for this type of nerve block.
PQ_0760,Is Bare-Metal Stent Implantation Still Justifiable in High Bleeding Risk Patients Undergoing Percutaneous Coronary Intervention?,"Among HBR patients with stable or unstable coronary artery disease, E-ZES implantation provides superior efficacy and safety as compared with conventional BMS. (Zotarolimus-Eluting Endeavor Sprint Stent in Uncertain DES Candidates [ZEUS]; NCT01385319).","Bare-metal stent implantation in high bleeding risk patients undergoing PCI is generally not recommended due to increased bleeding risk, but may be considered in specific cases with careful evaluation."
PQ_0761,Ovarian torsion in children: is oophorectomy necessary?,"Simple detorsion was not accompanied by an increase in morbidity, and all patients studied had functioning ovarian tissue on follow-up despite the surgeon's assessment of the degree of ovarian ischemia. Detorsion is the procedure of choice for most cases of ovarian torsion in children.","Oophorectomy is not always necessary for ovarian torsion in children, and the decision depends on the severity of the torsion, the patient's age, and the presence of other conditions. The goal is to save the ovary whenever possible, and oophorectomy is generally reserved for cases where conservative management fails."
PQ_0762,Does minimal access major surgery in the newborn hurt less?,Minimal access surgery for the repair of esophageal atresia or congenital diaphragmatic hernia is not associated with less cumulative opioid doses.,"Yes, minimal access major surgery in newborns can potentially result in less pain compared to traditional open surgery."
PQ_0763,Does aerobic fitness influence microvascular function in healthy adults at risk of developing Type 2 diabetes?,"In this 'at-risk' group with skin microvascular dysfunction maximal oxygen uptake was not reduced compared with healthy controls. However, in the 'at-risk' group alone, individuals with higher levels of aerobic fitness also had better microvascular and endothelial responsiveness.","Yes, aerobic fitness is associated with improved microvascular function in healthy adults at risk of Type 2 diabetes."
PQ_0764,Are high flow nasal cannulae noisier than bubble CPAP for preterm infants?,"At the gas flows studied, HFNC are not noisier than BCPAP for preterm infants.","Yes, high flow nasal cannulae (HFNC) can be noisier than bubble CPAP for preterm infants."
PQ_0765,Nutritional assessment of gluten-free diet. Is gluten-free diet deficient in some nutrient?,"The gluten-free diet has minimal deficiencies, similar to those present in the diet with gluten, with an improvement in the lipid profile by increasing the proportion of monounsaturated fatty acids to the detriment of saturated fatty acids.","Yes, a gluten-free diet can be deficient in fiber, iron, and B vitamins, especially B12."
PQ_0766,Standardizing care in medical oncology: are Web-based systems the answer?,"Although the provision of high-quality evidence-based resources, electronic or otherwise, is essential for standardizing care and improving patient outcomes, the authors' findings demonstrate that this alone does not ensure uptake. It is important to understand end-users, the environment in which they operate, and the basic infrastructure required to implement such a system. Implementation must also be accompanied by continuing education and endorsement to ensure both long-term sustainability and use of the system to its full potential.","Web-based systems could potentially standardize care in medical oncology by providing consistent access to information and protocols, improving communication and reducing variability. However, further research is needed to evaluate their effectiveness and address potential challenges."
PQ_0767,"Antiretroviral therapy related adverse effects: Can sub-Saharan Africa cope with the new ""test and treat"" policy of the World Health Organization?","While SSA would be the first region to experience the huge benefits of implementing the ""test and treat"" policy of the WHO, the region is not yet prepared to manage the consequential increased burden of ART-related toxic and metabolic complications. Urgent measures should be taken to fill the lacunae if SSA is not to become over-burdened by the consequences of the ""test and treat"" policy.","The ""test and treat"" policy could strain resources in Sub-Saharan Africa, potentially impacting adherence, access to medications, and overall healthcare capacity, but also offers the potential for earlier treatment and improved outcomes."
PQ_0768,Are the elderly with oropharyngeal carcinoma undertreated?,Proportionally fewer elderly patients with OPSCC are being treated than younger individuals. These patients can have significant benefits from aggressive treatments despite their older age as shown by our survival analysis. We recommend the use of objective measures to assess patient fitness to reduce the potential for undertreatment in the elderly population.,"Yes, elderly patients with oropharyngeal carcinoma are often undertreated."
PQ_0769,Preoperative staging of patients with liver metastases of colorectal carcinoma. Does PET/CT really add something to multidetector CT?,"PET/CT has a limited role in hepatic staging of LMCRC. Although PET-CT has higher sensitivity for the detection of extrahepatic disease in some anatomic locations, its results are hampered by its low PPV. PET/CT provided additional useful information in 8% of the cases but also incorrect and potentially harmful data in 9% of the staging. Our findings support a more selective use of PET/CT, basically in patients with high risk of local recurrence.","PET/CT provides additional information about metabolic activity and potential for distant spread, potentially aiding in preoperative staging. While multidetector CT is crucial, PET/CT can offer incremental value in identifying occult metastases and guiding treatment decisions."
PQ_0770,Can myometrial electrical activity identify patients in preterm labor?,Measuring myometrial electrical activity may enhance identification of patients in true premature labor.,"Yes, myometrial electrical activity (MEA) can be used to identify patients at risk of preterm labor."
PQ_0771,Schizophrenia patients with high intelligence: A clinically distinct sub-type of schizophrenia?,"These findings provide evidence for the existence of a high-IQ variant of schizophrenia that is associated with markedly fewer negative symptoms than typical schizophrenia, and lends support to the idea of a psychosis spectrum or continuum over boundaried diagnostic categories.",There is evidence suggesting a potential clinical subtype of schizophrenia characterized by higher intelligence compared to the general schizophrenia population. Further research is needed to confirm this distinct subtype and understand its underlying mechanisms.
PQ_0772,Is ankle/arm pressure predictive for cardiovascular mortality in older patients living in nursing homes?,"The prevalence of PAD is high in nursing home residents. AAI is not predictive for IHD mortality in this population. In very frail elderly traditional risk factors and PAD are less important predictors of death compared to poor functional status, nutritional factors and previous cardiovascular disease.","The relationship between ankle/arm pressure and cardiovascular mortality in older nursing home residents is complex and requires further investigation. Current evidence is not conclusive, and more research is needed to determine if there is a significant association."
PQ_0773,Is nasogastric decompression useful in prevention of leaks after laparoscopic sleeve gastrectomy?,Routine placement of nasogastric tube in patients operated of LSG seems not useful in reducing leaks' incidence.,Evidence suggests that nasogastric decompression may be beneficial in preventing leaks after laparoscopic sleeve gastrectomy.
PQ_0774,The objective structured clinical examination: can physician-examiners participate from a distance?,"This preliminary study demonstrated that OSCE ratings by LEs and REs were reasonably comparable when using checklists. Remote examination may be a feasible and acceptable way of assessing students' clinical skills, but further validity evidence will be required before it can be recommended for use in high-stakes examinations.","Yes, physician-examiners can participate in OSCEs from a distance."
PQ_0775,CPAP therapy in patients with idiopathic pulmonary fibrosis and obstructive sleep apnea: does it offer a better quality of life and sleep?,"Effective CPAP treatment in IPF patients with OSA results in a significant improvement in daily living activities based on the FOSQ, namely an OSA-specific follow-up instrument. Improvement was also noted in other questionnaires assessing quality of life, though not to a statistically significant degree, probably because of the multifactorial influences of IPF on physical and mental health. The probability of poor CPAP compliance was high and could only be eliminated with intense follow-up by the CPAP clinic staff.","CPAP therapy can improve sleep quality and reduce daytime sleepiness in patients with idiopathic pulmonary fibrosis and obstructive sleep apnea, potentially leading to better quality of life. However, further research is needed to confirm the efficacy and long-term benefits of CPAP in this specific patient population."
PQ_0776,Does open access endoscopy close the door to an adequately informed patient?,"Patients undergoing open access procedures are less likely to be properly informed about their endoscopic procedure. Our results indicate that with open access endoscopy, a defined mechanism needs to be in place for communication of endoscopic results to the patient.","Open access endoscopy can empower patients by providing readily available information about their procedures and findings. However, it's crucial to ensure patients have access to qualified professionals who can interpret the data and explain it in an understandable manner."
PQ_0777,Is hypoalbuminemia an independent prognostic factor in patients with gastric cancer?,"Low albumin concentrations are associated with poorer survival in patients with gastric cancer. However, the strength of this relation with survival is dependent on the presence of a systemic inflammatory response, as evidenced by an elevated CRP level. Therefore, it appears that the relation between hypoalbuminemia and poor survival is secondary to that of the systemic inflammatory response.","Yes, hypoalbuminemia is associated with poorer survival outcomes in patients with gastric cancer."
PQ_0778,Can the postoperative pain level be predicted preoperatively?,"Significant postoperative pain can be expected in the following situations: pain after prior surgery, presence of chronic pain sustained for more than six months, intense preoperative pain, state of depression.","Yes, postoperative pain levels can be predicted preoperatively using various factors such as age, gender, and prior pain experience."
PQ_0779,Proliferative index obtained by DNA image cytometry. Does it add prognostic information in Auer IV breast cancer?,"According to ICM-DNA values corresponding to the S + G2/M region, patients with breast cancers classified as Auer IV can be divided into subgroups with different tumor characteristics and prognoses.","The proliferative index, as determined by DNA image cytometry, is a potential prognostic marker in Auer IV breast cancer. Further research is needed to fully validate its utility."
PQ_0780,Does skin care frequency affect the severity of incontinence-associated dermatitis in critically ill patients?,"The researchers studied a defined skin care protocol using a cleanser with aloe vera and a cleansing lotion, followed by application of either a moisture barrier with silicone or skin protectant with zinc oxide and menthol, undertaken at two different frequencies. Data revealed the incidence of moderate IAD was decreased in the experimental group (receiving the skin protocol every 6 hours and p.r.n.).",The relationship between skin care frequency and the severity of incontinence-associated dermatitis in critically ill patients is not well-established in the current literature. Further research is needed to determine if there is a significant association.
PQ_0781,Is primary angioplasty an acceptable alternative to thrombolysis?,"Reorganization of care to offer a primary angioplasty service was acceptable to patients and their carers. Satisfaction levels were high regardless of the type of care received, with the exception of discharge and aftercare.","Primary angioplasty is an acceptable alternative to thrombolysis, particularly in patients with acute coronary syndromes."
PQ_0782,Should HIV-infected patients be screened for silent myocardial ischaemia using gated myocardial perfusion SPECT?,"In male HIV-infected patients older than 52 years and with at least two other CRFs, screening for SMI using myocardial SPECT was about four times more likely to be positive than in the general population. This may motivate physicians to advise these patients to undergo more systematic screening for SMI using this technique.","Yes, HIV-infected patients should be screened for silent myocardial ischemia using gated myocardial perfusion SPECT, as they are at increased risk. This can help guide appropriate management and improve outcomes."
PQ_0783,Does the aggressive use of polyvalent antivenin for rattlesnake bites result in serious acute side effects?,"The administration of polyvalent Crotalidae antivenin is safe. Acute hypersensitivity, when it occurs, consists solely in most cases of urticaria. Serious side effects are uncommon.","While polyvalent antivenin is effective for rattlesnake bites, its use can cause serious acute side effects such as serum sickness and anaphylaxis."
PQ_0784,Do resident's leadership skills relate to ratings of technical skill?,General surgery research residents' intraoperative leadership skills showed significant correlations to their perceptions of skill decay and task difficulty during a bowel repair. Evaluating resident's directional instructions may provide an additional individualized intraoperative assessment metric. Further evaluation relating to operative performance outcomes is warranted.,"Research suggests a correlation between leadership skills and technical skill ratings, but the strength of this relationship can vary depending on the specific context and the skills being assessed."
PQ_0785,The FOOTSTEP self-management foot care programme: are rheumatoid arthritis patients physically able to participate?,"Just over half the patients in this present cohort may be physically able to undertake some aspects of self-managed foot care, including nail clipping and filing, callus filing and daily hygiene and inspection.","The FOOTSTEP programme's feasibility for rheumatoid arthritis patients depends on their physical abilities, including their mobility, balance, and dexterity."
PQ_0786,CYP2D6*4 allele and breast cancer risk: is there any association?,A possible decreased transformation of procarcinogens by CYP2D6*4 poor metabolisers could result in a protective effect against carcinogens.,The CYP2D6*4 allele is associated with an increased risk of breast cancer.
PQ_0787,Does base deficit predict mortality in patients with severe traumatic brain injury?,"Although BD is correlated with GCS at presentation and RTS, it is not a reliable prognostic marker for outcome and mortality in patients with isolated TBI.","Yes, base deficit is a significant predictor of mortality in patients with severe traumatic brain injury."
PQ_0788,Does increased use of private health care reduce the demand for NHS care?,"Increased private health care activity does not reduce the demand for NHS care: NHS and private referral rates were positively associated with each other after adjusting for age, deprivation and practice.","Yes, increased use of private healthcare can lead to a reduction in demand for NHS services, as individuals with private coverage may choose to seek treatment from private providers instead of the NHS."
PQ_0789,Does confined placental mosaicism account for adverse perinatal outcomes in IVF pregnancies?,The incidence of CPM is not increased in IVF/ICSI pregnancies compared with spontaneous conceptions. CPM probably does not account for the adverse perinatal outcomes following IVF/ICSI.,"Confined placental mosaicism (CPM) is a potential mechanism contributing to adverse perinatal outcomes in IVF pregnancies, but more research is needed to establish a definitive link and understand the underlying mechanisms."
PQ_0790,Utility of unenhanced fat-suppressed T1-weighted MRI in children with sickle cell disease -- can it differentiate bone infarcts from acute osteomyelitis?,The bone marrow signal intensity on unenhanced T1-W fat-saturated MR images is not a reliable criterion to differentiate bone infarcts from osteomyelitis in children.,"Unenhanced fat-suppressed T1-weighted MRI may help distinguish bone infarcts from acute osteomyelitis in children with sickle cell disease, but further research is needed to confirm this utility."
PQ_0791,Cancer of the buccal mucosa: are margins and T-stage accurate predictors of local control?,Local excision of T1 and T2 buccal mucosa cancers with pathologically negative margins had a high rate of local recurrence in our series. Low T-stage and negative margins are not adequate predictors of local control. Even early buccal tumors may benefit from adjuvant therapy to enhance local control.,"The accuracy of margin and T-stage in predicting local control for buccal mucosa cancer requires further investigation, as current evidence is not conclusive."
PQ_0792,Can mass drug administration lead to the sustainable control of schistosomiasis?,"MDA on its own was insufficient to control the prevalence of schistosomiasis, intensity of Schistosoma infection, or morbidity of the disease. Alternative control measures will be needed to complement the existing national MDA program.","Yes, mass drug administration (MDA) can lead to the sustainable control of schistosomiasis if implemented effectively and with appropriate monitoring and evaluation."
PQ_0793,Can D-dimer become a new diagnostic parameter for acute appendicitis?,Increased D-dimer levels should not be considered as a diagnostic parameter in diagnosis of acute appendicitis.,"While D-dimer is a well-established marker for thrombosis, its utility in diagnosing acute appendicitis is limited and not generally recommended. D-dimer levels are not specific to appendicitis and can be elevated in other inflammatory conditions."
PQ_0794,Is there a relationship between rheumatoid arthritis and periodontal disease?,"Based on data derived from self-reported health conditions, and not withstanding the limitations of such a study, we conclude that there is good evidence to suggest that individuals with moderate to severe periodontal disease are at higher risk of suffering from rheumatoid arthritis and vice versa.","Yes, there is a well-established association between rheumatoid arthritis (RA) and periodontal disease (PD). RA patients have a significantly higher risk of developing PD and experience more severe forms of the disease."
PQ_0795,Do clinical variables predict pathologic radiographs in the first episode of wheezing?,"Clinical variables, either isolated or as components of a model, could not identify all children with pathologic radiographs.","Yes, clinical variables can predict pathologic radiographs in the first episode of wheezing."
PQ_0796,Globulomaxillary cysts--do they really exist?,"According to the results of our study and the data from the international literature, the entity globulomaxillary cyst is no longer justified.","Globulomaxillary cysts are a recognized, though rare, congenital anomaly. They are typically found in the region of the upper eyelid and maxilla."
PQ_0797,MiraLAX vs. Golytely: is there a significant difference in the adenoma detection rate?,"Golytely was more efficacious than MiraLAX in bowel cleansing, and was independently associated with both bowel prep quality (BBPS ≥ 7) and higher adenoma detection. Golytely should be used as first line for bowel prep for colonoscopy. Studies with larger populations are needed to confirm these results.",There is no evidence to suggest a significant difference in the adenoma detection rate between MiraLAX and Golytely.
PQ_0798,Does government assistance improve utilization of eye care services by low-income individuals?,"Despite government assistance, low-income individuals use vision care services less often than wealthy individuals.","Yes, government assistance programs often increase the utilization of eye care services among low-income individuals."
PQ_0799,Does telmisartan prevent hepatic fibrosis in rats with alloxan-induced diabetes?,Results suggest that telmisartan may reduce type-I diabetes mellitus-induced hepatic injury by suppressing activated hepatic stellate cells through concomitant TGF-beta1 down-regulation.,"Yes, telmisartan protects against hepatic fibrosis in rats with alloxan-induced diabetes."
PQ_0800,Two-year follow-up survey of patients with allergic contact dermatitis from an occupational cohort: is the prognosis dependent on the omnipresence of the allergen?,"At follow-up, patients with contact urticaria had significantly poorer prognosis than those with contact allergy, and there was a trend towards a poorer prognosis for those with contact allergy to rubber chemicals than those with allergy to epoxy. A significant positive association between job change and improvement was found.","The study aims to investigate the impact of allergen omnipresence on the long-term outcome of occupational allergic contact dermatitis. The researchers will assess the prognosis of patients with occupational allergic contact dermatitis over a two-year period, focusing on the role of allergen exposure in the persistence of their condition."
PQ_0801,Can calprotectin predict relapse risk in inflammatory bowel disease?,Measuring calprotectin may help to identify UC and colonic CD patients at higher risk of clinical relapse.,"Yes, calprotectin levels can be used to predict relapse risk in inflammatory bowel disease."
PQ_0802,Can nurse-led preoperative education reduce anxiety and postoperative complications of patients undergoing cardiac surgery?,"Preoperative education delivered by nurses reduced anxiety and postoperative complications of patients undergoing cardiac surgery, but it was not effective in reducing readmissions or length of stay.","Yes, nurse-led preoperative education has been shown to reduce anxiety and potentially postoperative complications in cardiac surgery patients."
PQ_0803,Is there a discrepancy between patient and physician quality of life assessment?,"This study confirms that physicians often differ from patients in the assessment of QoL. This is most likely due to a difference in patient-physician perception of ""significant"" LUTS and clearly demonstrates the importance of patient evaluated QoL in routine clinical assessment.","Yes, there is often a discrepancy between patient and physician quality of life assessments. This difference can arise from various factors, including differing perspectives, focus on different aspects, and varying levels of awareness or understanding."
PQ_0804,Impact of MPH programs: contributing to health system strengthening in low- and middle-income countries?,There was considerable impact at many levels; graduates were perceived to be able to contribute significantly to their workplaces and often had influence at the national level. Much of the impact described was in line with public health educational aims. The qualitative method study revealed more in-depth understanding of graduates' impact as well as their career pathways.,"MPH programs can contribute to health system strengthening in low- and middle-income countries by improving workforce capacity, promoting evidence-based practices, and fostering leadership skills. These programs can also play a crucial role in addressing health inequities and improving health outcomes."
PQ_0805,Is diffusion-weighted imaging a significant indicator of the development of vascularization in hypovascular hepatocellular lesions?,The signal intensity on DWI showed no significant difference in the development of vascularization.,"Yes, diffusion-weighted imaging (DWI) can be a significant indicator of vascularization in hypovascular hepatocellular lesions."
PQ_0806,Are failures of anterior cruciate ligament reconstruction associated with steep posterior tibial slopes?,Both medial and lateral PTS were significantly steeper in failures of ACLR than the control group. Medial or lateral PTS ≥5° was a new risk factor of ACLR failure.,"Yes, studies have indicated a correlation between failures of anterior cruciate ligament (ACL) reconstruction and steep posterior tibial slopes."
PQ_0807,Does evidence-based practice improve patient outcomes?,The EBP unit was associated with better patient outcomes and more efficient performance than achieved by the same physicians previously or by SP concurrently.,"Yes, evidence-based practice (EBP) is associated with improved patient outcomes."
PQ_0808,Multidisciplinary decisions in breast cancer: does the patient receive what the team has recommended?,The vast majority of MDT decisions are implemented. Management alteration was most often due to patient choice or additional information available after the MDT. A minority of management alterations were 'unjustifiable' and the authors recommend that any patient whose treatment is subsequently changed should have MDT rediscussion prior to treatment.,The intersection of patient preferences and team recommendations in breast cancer treatment is a critical area of research. Understanding the factors that influence patient adherence to multidisciplinary treatment plans is essential for improving outcomes.
PQ_0809,Does quilting suture prevent seroma in abdominoplasty?,The quilting suture seems to be an efficient technique with which to prevent seroma formation.,"Some studies suggest that quilting sutures may reduce the risk of seroma formation after abdominoplasty, while others show no significant difference."
PQ_0810,Does feeding tube insertion and its timing improve survival?,Neither insertion of PEG tubes nor timing of insertion affect survival.,"Studies suggest that feeding tube insertion and timing can improve survival in critically ill patients, but the optimal timing and method are still under investigation."
PQ_0811,Does prostate morphology affect outcomes after holmium laser enucleation?,"Those patients with trilobar prostate morphology are more likely to achieve a greater decrease in the PVR urine volume after holmium laser enucleation of the prostate. All other outcomes appeared to be similar between the 2 groups. In addition, a 2-lobe technique can be safely used for trilobar prostates when deemed feasible by the surgeon.","Yes, prostate morphology, including volume and density, can influence outcomes after holmium laser enucleation of the prostate (HoLEP)."
PQ_0812,Do acute changes in heart rate by isoproterenol affect aortic stiffness in patients with hypertension?,Aortic stiffness was not affected by acute changes in HR produced by isoproterenol which suggests that it is not necessary to consider acute changes in HR when measuring aortic PWV.,Isoproterenol-induced acute heart rate changes affect aortic stiffness in hypertensive patients.
PQ_0813,"""Occult"" posttraumatic lesions of the knee: can magnetic resonance substitute for diagnostic arthroscopy?","After comparing MR with arthroscopic findings and reviewing the available literature, we conclude that arthroscopy permits the direct visualization of even fine articular surface changes but does not depict the subchondral bone, the most frequent site of injury detected with MRI. MRI was a very useful tool in the detection and characterization of the different types of occult bone and/or cartilage injuries and showed a statistically significant correlation between site and distribution of bone and cartilage injuries and between internal damage and trauma mechanisms. Therefore, we believe that MRI can help avoid diagnostic arthroscopy in the patients with a history of post-traumatic pain, acute articular blocks and negative radiographic findings.",MRI may be a viable alternative to arthroscopy for detecting occult posttraumatic knee lesions. Further research is needed to compare the accuracy and clinical utility of these two imaging modalities.
PQ_0814,Could ESC (Electronic Stability Control) change the way we drive?,"Collectively, results suggest that behavioral adaptation to ESC is likely in certain drivers; however, its proven effectiveness in reducing the likelihood of being involved in a serious crash probably outweighs any potential increases in unsafe driving. To fully benefit from ESC, vehicle manufacturers are encouraged to market ESC-equipped vehicles in a realistic, safe manner. Driver training and safety organizations are also encouraged to provide balanced educational information about ESC to their members.","Yes, ESC could potentially change the way we drive by improving safety and stability, especially in adverse conditions. It could also lead to a shift in driving habits and expectations regarding vehicle control."
PQ_0815,The insertion allele of the ACE gene I/D polymorphism. A candidate gene for insulin resistance?,"We conclude that increased cardiovascular risk of the DD genotype is not mediated through insulin resistance or abnormalities in fibrinolysis. Conversely, we report an increased sensitivity in NIDDM subjects with the ACE DD genotype.","The ACE I/D polymorphism is a well-studied genetic variant associated with cardiovascular disease, and some studies have explored its potential link to insulin resistance. However, the evidence linking ACE I/D to insulin resistance is not conclusive and requires further investigation."
PQ_0816,Do ventricular arrhythmias in athletes subside over time?,Athletes engaged in competitive sports are more likely to develop ventricular arrhythmias during exercise. These arrhythmias subside over time when athletes are engaged in non-competitive sports.,"Yes, ventricular arrhythmias in athletes often subside with time and reduced athletic activity."
PQ_0817,Does ethnicity affect where people with cancer die?,"Location of death varies by country of birth. BAME groups are more likely to die in a hospital and less likely to die at home or in a hospice. Further investigation is needed to determine whether these differences result from patient-centred preferences, or other environment or service-related factors. This knowledge will enable strategies to be developed to improve access to relevant palliative care and related services, where necessary.","Yes, ethnicity can influence cancer mortality rates, potentially due to factors like socioeconomic disparities, access to healthcare, and genetic predispositions."
PQ_0818,Are patients with serious mental illness more likely to be admitted to nursing homes with more deficiencies in care?,"Patients diagnosed with schizophrenia or bipolar disorder (ie, SMI) were more likely than other patients to be admitted to nursing homes with higher deficiency citations for both overall quality and clinical care quality. Further research is necessary to understand the reasons behind the disparity in quality of nursing home care associated with SMI.","Yes, patients with serious mental illness may be more likely to be admitted to nursing homes with more deficiencies in care."
PQ_0819,Does an additional antirotation U-Blade (RC) lag screw improve treatment of AO/OTA 31 A1-3 fractures with gamma 3 nail?,"In our study the U-Blade (RC) lag screw did not reduce the cut-out in treatment of OTA/AO 31A1-3 fractures at all. Considering the longer duration of surgery and the higher costs of the U-Blade (RC) lag screw, our results do not justify its use. However, further prospective randomized studies will be necessary.","Yes, an additional antirotation U-Blade (RC) lag screw appears to improve the treatment of AO/OTA 31A1-3 fractures with a gamma 3 nail."
PQ_0820,The Omega-3 Index: a new risk factor for death from coronary heart disease?,"The Omega-3 Index may represent a novel, physiologically relevant, easily modified, independent, and graded risk factor for death from CHD that could have significant clinical utility.","The Omega-3 Index, a measure of omega-3 fatty acids in red blood cell membranes, is being explored as a potential new risk factor for death from coronary heart disease. Higher Omega-3 Index levels may be associated with a reduced risk of cardiovascular events."
PQ_0821,May mean platelet volume levels be a predictor in the diagnosis of pelvic inflammatory disease?,"Since the MPV value was significantly decreased in patients with PID, it may serve as an additional and even more valuable marker than leukocyte count in the diagnosis of PID.","Yes, platelet volume levels could potentially be a predictor in the diagnosis of pelvic inflammatory disease. Further research is needed to confirm this association."
PQ_0822,Do cytokine concentrations in pancreatic juice predict the presence of pancreatic diseases?,Cytokine levels can be measured in pancreatic juice obtained from the duodenum without direct cannulation of the pancreatic duct. Interleukin-8 concentration in pancreatic juice can be used to discriminate between normal pancreas and patients with pancreatic disease. This is a relatively simple and noninvasive method to aid in the diagnosis of pancreatic diseases.,"Yes, cytokine concentrations in pancreatic juice can be indicative of pancreatic diseases."
PQ_0823,Does the sex of acute stroke patients influence the effectiveness of rt-PA?,"In our study; sex is not a significant predictor of recanalization rate, time to recanalization or 3-month outcome in stroke patients following IV rt-PA.",There is no conclusive evidence to suggest that the sex of acute stroke patients directly influences the effectiveness of rt-PA.
PQ_0824,Are head and neck specific quality of life measures necessary?,"Head and neck-specific QOL measures are necessary and should include domains that reflect ES, SC, and AP.","Yes, head and neck specific quality of life measures are necessary to capture the unique experiences and challenges faced by patients with head and neck cancers. These measures can help tailor treatment and support interventions to improve their overall well-being."
PQ_0825,Diabetes mellitus among Swedish art glass workers--an effect of arsenic exposure?,"The observations from this study provide limited support for the possibility that occupational arsenic exposure could play a role in the development of diabetes mellitus. Many other metallic compounds are also used in art glass production, however, and there is a possibility of confounding.","The study suggests a possible link between arsenic exposure and an increased risk of diabetes in Swedish art glass workers, potentially due to the arsenic's impact on insulin sensitivity. Further research is needed to confirm this association."
PQ_0826,Does SYNTAX score predict in-hospital outcomes in patients with ST elevation myocardial infarction undergoing primary percutaneous coronary intervention?,SxS is a useful tool that can predict in-hospital outcomes of patients with STEMI undergoing pPCI.,"Yes, SYNTAX score predicts in-hospital outcomes in patients with ST elevation myocardial infarction undergoing primary percutaneous coronary intervention."
PQ_0827,Is micro-computed tomography reliable to determine the microstructure of the maxillary alveolar bone?,BV/TV assessed by micro-CT correlates with the percentage of bone assessed by conventional stereologic-based histomorphometry. Micro-CT is a reliable technique to determine the bone density and the microstructure of the maxillary alveolar bone at the site of dental implant insertion.,"Yes, micro-computed tomography (micro-CT) is a reliable method for characterizing the microstructure of the maxillary alveolar bone. It provides detailed 3D images of bone structure, allowing for quantification of features like porosity, trabecular architecture, and bone volume."
PQ_0828,Does use of hydrophilic guidewires significantly improve technical success rates of peripheral PTA?,"In summary, we report an overall improvement and high technical success rate for peripherial PTA. The use of hydrophilic guidewires made significant difference to the technical success rate of PTA, especially in occlusion and more complicated lesions.","Yes, hydrophilic guidewires have been shown to improve technical success rates of peripheral PTA."
PQ_0829,Does frozen section alter surgical management of multinodular thyroid disease?,"While FS was commonly used in patients undergoing thyroidectomy at our institution, in no patient over the last decade did FS correctly alter the intraoperative management. Given the time required to perform FS and the cost associated with it, we believe that routine FS should not be performed in these patients.","No, frozen section analysis does not alter the surgical management of multinodular thyroid disease."
PQ_0830,Could chest wall rigidity be a factor in rapid death from illicit fentanyl abuse?,"In summary we believe sudden onset chest wall rigidity may be a significant and previously unreported factor leading to an increased mortality, from illicit IV fentanyl use. Fentanyl and norfentanyl ratios and concentrations suggest a more rapid onset of death given the finding of fentanyl without norfentanyl in many of the fatalities. Chest wall rigidity may help explain the cause of death in these instances, in contrast to the typical opioid-related overdose deaths. Intravenous heroin users should be educated regarding this potentially fatal complication given the increasingly common substitution and combination with heroin of fentanyl.","Yes, chest wall rigidity could contribute to rapid death from illicit fentanyl abuse by impairing breathing and oxygenation."
PQ_0831,Is severe pain immediately after spinal augmentation a predictor of long-term outcomes?,Patients with severe pain immediately after vertebroplasty have similar long-term outcomes compared with patients without severe pain.,"Yes, severe pain immediately after spinal augmentation is a significant predictor of poorer long-term outcomes."
PQ_0832,Can computerised tomography replace bone scintigraphy in detecting bone metastases from breast cancer?,"Our findings suggest routine BS of patients presenting with MBC is not required if CT (thorax, abdomen, and pelvis) is performed.","Computerized tomography (CT) can detect bone metastases from breast cancer, but bone scintigraphy is more sensitive for early detection."
PQ_0833,Does obesity impact the pattern and outcome of trauma in children?,"Obesity does not seem to impact the severity of injury, mortality rate, types of injury, and procedure outcomes in children. Obese patients are more likely to have rib and pelvic injuries.","Yes, obesity can influence the pattern and outcome of trauma in children by affecting pain perception, mobility, and overall health, potentially leading to delayed recognition, inadequate treatment, and poorer outcomes."
PQ_0834,Is non-invasive diagnosis of esophageal varices in patients with compensated hepatic cirrhosis possible by duplex Doppler ultrasonography?,The SPI was accurate in predicting the presence or absence of esophageal varices in patients with compensated cirrhosis.,"Yes, duplex Doppler ultrasonography can be used to diagnose esophageal varices in patients with compensated hepatic cirrhosis."
PQ_0835,Is (18)F-FDG a surrogate tracer to measure tumor hypoxia?,This study showed that FDG is not a good surrogate tracer for tumor hypoxia under either ambient or hypoxic conditions. Only specific hypoxia tracers should be used to measure tumor hypoxia.,"Yes, (18)F-FDG is a surrogate tracer for tumor hypoxia. It is used to assess tumor metabolic activity, which is related to hypoxia."
PQ_0836,Can dogs prime autistic children for therapy?,"These findings are in accordance with previous experimental work and provide additional support for the assertion that dogs can prime autistic children for therapy. Ultimately, this study may contribute toward a change for full acceptance of canine-assisted therapy programs within the medical milieu. Additional studies using a similar research protocol on more autistic children will certainly help professionals to work on the most effective methods to individually serve this population through canine-assisted interventions.","Yes, dogs can provide comfort and reduce anxiety, potentially making autistic children more receptive to therapy."
PQ_0837,Are 99mTc leukocyte scintigraphy and SBFT studies useful in children suspected of having inflammatory bowel disease?,"Our results suggest that 99mTc-WBC is useful as an initial screening modality to exclude IBD, and is more sensitive than UGI-SBFT studies.","Yes, 99mTc leukocyte scintigraphy and SBFT studies can be helpful in children suspected of having inflammatory bowel disease. They can aid in diagnosis and differentiation of IBD from other conditions."
PQ_0838,Risk factors for avascular necrosis of bone in patients with systemic lupus erythematosus: is there a role for antiphospholipid antibodies?,Incorporating an adjustment for corticosteroid use we were unable to show a link between the presence of aPL and the development of AVN in patients with SLE.,Antiphospholipid antibodies (aPL) may play a role in avascular necrosis (AVN) in SLE patients due to their association with thrombosis and microvascular damage. Further research is needed to elucidate the specific mechanisms and clinical significance of aPL in this context.
PQ_0839,Prostate bed target interfractional motion using RTOG consensus definitions and daily CT on rails : Does target motion differ between superior and inferior portions of the clinical target volume?,There are no statistically apparent motion differences between SUP-CTV and INF-CTV. Current uniform planning target volume (PTV) margins are adequate to cover both portions of the CTV.,"Yes, target motion differs between the superior and inferior portions of the clinical target volume."
PQ_0840,Esophagogastric devascularization without splenectomy in portal hypertension: safe and effective?,EDWS is a safe and effective treatment for esophagogastric varices secondary to portal hypertension in selected patients. Patients treated with EDWS had a lower complication rate of portal venous system thrombosis compared with those treated with conventional MED.,Esophagogastric devascularization (EGD) without splenectomy is a safe and effective treatment for portal hypertension. It can reduce portal pressure and improve symptoms in patients with liver disease.
PQ_0841,Does maternal obesity have an influence on feeding behavior of obese children?,"Mothers' BMI highly correlate with children's BMI-z-scores. The degree of child's obesity increases mothers' concern and food restriction behavior. While mothers of obese children have a high prevalence of obesity, maternal obesity was found to have no significant influence on feeding behavior of obese school children.","Yes, maternal obesity is associated with altered feeding behaviors in obese children, including increased appetite and preference for high-calorie foods."
PQ_0842,Is plate clearing a risk factor for obesity?,The tendency to clear one's plate when eating is associated with increased body weight and may constitute a risk factor for weight gain.,There is no direct evidence linking plate clearing to obesity.
PQ_0843,Should lower limb fractures be treated surgically in patients with chronic spinal injuries?,"Chronic spinal cord injuries patients with lower limb fractures who are treated surgically achieved a more reliable consolidation, practically a free range of motion, low rate of cutaneous complications, and pain associated with the fracture. This allows a quick return to the previous standard of living, and should be considered as an alternative to orthopaedic treatment in these patients.","No, lower limb fractures in patients with chronic spinal injuries should generally not be surgically treated unless there is a specific, compelling reason, such as significant instability or non-union."
PQ_0844,Is vancomycin MIC creep a worldwide phenomenon?,We were unable to find in our institution data compatible to the presence of vancomycin MIC creep during the study period. This phenomenon seems not to be generalized; as a result each institution should systematically monitor MRSA vancomycin MIC over time.,"Yes, vancomycin MIC creep is a global concern and a significant challenge in treating infections with resistant Gram-positive bacteria."
PQ_0845,Does short-term treatment with proton pump inhibitors cause rebound aggravation of symptoms?,There is no indication of a rebound aggravation of symptoms 12 to 14 days after a 5-day treatment with lansoprazole 60 mg once daily in patients with reflux symptoms.,"Yes, short-term proton pump inhibitor (PPI) use can lead to rebound acid hypersecretion, potentially exacerbating symptoms."
PQ_0846,Do family physicians make good sentinels for influenza?,"Family physicians provide sensitive, timely, and accurate community influenza morbidity data that complement data from other surveillance systems. This information enables monitoring of the type, timing, and intensity of influenza activity and can help health care workers implement prevention or control measures.","Yes, family physicians are well-positioned to serve as influenza sentinels due to their widespread access to patients and their ability to identify and report influenza-like illness (ILI)."
PQ_0847,Aberrant loss of dickkopf-3 in gastric cancer: can it predict lymph node metastasis preoperatively?,Loss of DKK3 protein expression was significantly associated with poor survival in patients with gastric cancer and was strongly correlated with the TNM stage. DKK3 might be a potential biomarker of lymph node involvement that can improve the predictive power of CT.,Aberrant loss of dickkopf-3 (DKK3) in gastric cancer is associated with increased lymph node metastasis preoperatively.
PQ_0848,Is ganglionated plexi ablation during Maze IV procedure beneficial for postoperative long-term stable sinus rhythm?,GP ablation did not prove to be beneficial for postoperative stable NSR. A complete left atrial lesion set and biatrial ablation are advisable for improving rhythm outcomes. Randomized controlled trials are necessary to confirm our findings.,"The evidence regarding the long-term benefit of ganglionated plexi ablation (GPA) during Maze IV for stable sinus rhythm is conflicting, with some studies showing improvement and others not."
PQ_0849,Double reading of barium enemas: is it necessary?,"Although feasible, double reading of barium enemas does not improve sensitivity for detection of polyps and produces a higher false-positive rate.",Double barium enemas are generally not necessary unless there is a high clinical suspicion of a missed lesion or a significant change in the initial barium study. The American College of Radiology recommends against routine double barium enemas.
PQ_0850,Is severe macrosomia manifested at 11-14 weeks of gestation?,Severe macrosomia apparently manifests as early as 11-14 weeks' gestation.,"No, severe macrosomia typically manifests later in gestation, usually after 37 weeks."
PQ_0851,Do older adults with cancer fall more often?,The fall rate was higher in older adults with cancer than in older adults without cancer.,"Yes, older adults with cancer have a higher incidence of falls."
PQ_0852,Scrotal approach to both palpable and impalpable undescended testes: should it become our first choice?,"Initial single scrotal incision can be recommended for orchidopexy, even in the more difficult cases of impalpable undescended testes. Advantages seem to include shorter operative time, a cosmetically appealing single incision, and possibly less pain. The scrotal incision technique significantly reduces the need for laparoscopy in impalpable testes. Surprisingly, it even allows successful orchidopexy of abdominal testes, provided an open processus is present.","The scrotal approach offers advantages like decreased risk of testicular damage and faster recovery, making it a potentially viable first-choice option for both palpable and impalpable testes."
PQ_0853,Is grandmultiparity an independent risk factor for adverse perinatal outcomes?,"Grandmultiparous women had increased maternal and neonatal morbidity, and neonatal mortality even after controlling for confounders, suggesting a need for closer observation than regular multiparous patients during labor and delivery.","Yes, grandmultiparity is associated with an increased risk of adverse perinatal outcomes."
PQ_0854,Does the investing layer of the deep cervical fascia exist?,"This study provides anatomical evidence to indicate that the so-called investing cervical fascia does not exist in the anterior triangle of the neck. Taking the previous reports together, the authors' findings strongly suggest that deep potential spaces in the neck are directly continuous with the subcutaneous tissue.","Yes, the investing layer of the deep cervical fascia does exist. It is a layer of connective tissue that surrounds the muscles and other structures of the neck."
PQ_0855,Is crime associated with over-the-counter pharmacy syringe sales?,Our findings demonstrate that OTC pharmacy syringe sales were not associated with increases in reported crime in local communities in Los Angeles during 2006-2008.,There is no direct scientific evidence linking over-the-counter syringe sales to crime.
PQ_0856,Is prophylactic fixation a cost-effective method to prevent a future contralateral fragility hip fracture?,": Prophylactic fixation with a cephalomedullary nail was not found to be cost-effective for the average older woman who sustained a hip fracture. However, it may be appropriate for select patient populations. The study supports the need for basic science and clinical trials investigating the effectiveness of prophylactic fixation for patient populations at higher lifetime risk for contralateral hip fracture.","The cost-effectiveness of prophylactic fixation for contralateral fragility hip fractures is a complex issue with varying factors like patient age, fracture severity, and fixation technique. Further research is needed to determine its overall value."
PQ_0857,Is double-balloon enteroscopy an accurate method to diagnose small-bowel disorders?,"1. DBE is a safe and and accurate method to diagnose small bowel disorders; 2. this method permits chromoscopy, biopsies and treatment of the lesions.","Yes, double-balloon enteroscopy is a highly accurate method for diagnosing small-bowel disorders."
PQ_0858,Does strategy training reduce age-related deficits in working memory?,"Strategy training can boost WM performance, and its benefits appear to arise from strategy-specific effects and not from domain-general gains in cognitive ability.","Yes, strategy training can improve working memory function in older adults."
PQ_0859,Does the SCL 90-R obsessive-compulsive dimension identify cognitive impairments?,Our data suggest that the SCL 90-R is best viewed as an indicator of unidimensional emotional distress and somatic effects of structural brain injury.,The SCL-90-R's obsessive-compulsive dimension (OCD) does not directly assess cognitive impairments.
PQ_0860,Is fetal anatomic assessment on follow-up antepartum sonograms clinically useful?,"A fetal anatomic survey on follow-up sonograms may identify unanticipated fetal anomalies, especially when the indication is for fetal growth.","Yes, fetal anatomic assessment on follow-up antepartum sonograms can be clinically useful for detecting fetal anomalies, guiding management decisions, and improving perinatal outcomes."
PQ_0861,Is muscle power related to running speed with changes of direction?,"The relationships between leg muscle power and change-of-direction speed were not consistent. Reactive strength as measured by the drop jump appears to have some importance for lateral change-of-direction speed, possibly because of similar push-off actions. It was concluded that reactive strength of the leg extensor muscles has some importance in change-of-direction performance but the other technical and perceptual factors than influence agility performance should also be considered.","Yes, muscle power is a significant determinant of running speed, particularly when changes of direction are involved."
PQ_0862,Can magnetic resonance imaging accurately predict concordant pain provocation during provocative disc injection?,The proposed MR classification is useful to predict a disc with concordant pain. Disc protrusion with HIZ on MR imaging predicted positive discography in patients with discogenic low back pain.,"Yes, MRI can predict concordant pain provocation during provocative disc injection."
PQ_0863,Is a 9-month treatment sufficient in tuberculous enterocolitis?,Tuberculous enterocolitis can be managed by 9-month chemotherapy without disease recurrence. Further investigations are needed in immunocompromised patients.,"The duration of treatment for tuberculous enterocolitis typically ranges from 9 to 12 months, and a 9-month treatment may be sufficient in some cases, depending on the severity of the disease and the patient's response to therapy."
PQ_0864,Does coronary angiography before emergency aortic surgery affect in-hospital mortality?,"These data indicate that determination of coronary anatomy may not impact on survival in patients undergoing emergency surgery of the aorta and support the concept that once diagnosed, patients should proceed as quickly as possible to surgery.","The evidence is mixed; some studies suggest a potential benefit, while others do not find a significant effect."
PQ_0865,Is bicompartmental knee arthroplasty more favourable to knee muscle strength and physical performance compared to total knee arthroplasty?,"Although theoretically plausible, bicompartmental knee arthroplasty was not superior in knee muscle strength and physical performance at 1 year compared with total knee arthroplasty.",There is currently limited evidence to definitively support a superior outcome regarding knee muscle strength and physical performance with bicompartmental knee arthroplasty compared to total knee arthroplasty. More research is needed to establish clear differences and optimal strategies for each type of knee replacement.
PQ_0866,Can gingival crevicular blood be relied upon for assessment of blood glucose level?,The data from this study has shown that GCB collected during diagnostic periodontal examination can be an excellent source of blood for glucometric analysis.,"No, gingival crevicular blood is not a reliable source for assessing blood glucose levels. The blood glucose level in gingival crevicular fluid is not directly correlated with the blood glucose level."
PQ_0867,Predicting admission at triage: are nurses better than a simple objective score?,"GAPS, a simple clinical score, is a better predictor of admission than triage nurses, unless the nurse is sure about the outcome, in which case their clinical judgement should be respected.","A nurse's assessment of a patient's condition at triage can be more accurate than a simple objective score in predicting admission. This is because nurses can consider factors beyond objective data, such as the patient's presentation and overall health status."
PQ_0868,Target Serum Urate: Do Gout Patients Know Their Goal?,"There is a knowledge deficit regarding the SU treatment goal among gout patients receiving ULT, despite generally high levels of other gout-specific knowledge. SU goal information may be an important and underutilized concept among providers treating gout patients.",Gout patients often lack awareness of their optimal serum urate target. This lack of knowledge can hinder adherence to treatment and negatively impact outcomes.
PQ_0869,Diagnosis and follow-up in constipated children: should we use ultrasound?,The use of US helps in making a correct diagnosis and in the follow-up with objective criteria and also convinces the patient and the family that the treatment needs to be continued.,Ultrasound is generally not recommended for diagnosing constipation in children. Clinical evaluation and rectal exams are the primary tools for diagnosis and follow-up.
PQ_0870,Are neighbourhood social capital and availability of sports facilities related to sports participation among Dutch adolescents?,"The results of this study indicate that leisure time sports participation is associated with levels of NSC, but not with availability of parks or sports facilities. In addition, NSC and availability of parks in the zip code area interacted in such a way that leisure time sports participation is most likely among adolescents living in zip code areas with higher levels of NSC, and higher availability of parks. Hence, availability of parks appears only to be important for leisure time sports participation when NSC is high.","Yes, research suggests a positive association between neighborhood social capital and sports participation, and a relationship between the availability of sports facilities and sports participation among Dutch adolescents."
PQ_0871,Did the call for boycott by the Catholic bishops affect the polio vaccination coverage in Kenya in 2015?,"The call for boycott did not affect the campaign significantly. However, if the call for boycott is repeated in future it could have some significant negative implication to polio eradication. It is therefore important to ensure that any vaccine safety issues are addressed accordingly.","Yes, the call for boycott by the Catholic bishops affected polio vaccination coverage in Kenya in 2015, leading to a significant drop in vaccination rates."
PQ_0872,Recurrent spontaneous abortion and skewed X-inactivation: is there an association?,Skewed X-inactivation is not associated with recurrent spontaneous abortion but is associated with increasing maternal age.,"Yes, there is a known association between recurrent spontaneous abortion and skewed X-inactivation, where one X chromosome is preferentially inactivated in all cells."
PQ_0873,Does increased patient awareness improve accrual into cancer-related clinical trials?,"A set of educational interventions designed for cancer patients significantly improved their satisfaction with information on clinical research, but did not improve clinical trial enrollment of these participants as of 1 year after the study.","Yes, increased patient awareness is associated with improved accrual rates into cancer-related clinical trials."
PQ_0874,Does airway surgery lower serum lipid levels in obstructive sleep apnea patients?,"Surgery may improve blood lipid levels in patients with OSA, especially in patients with preoperative dyslipidemia, potentially yielding a major benefit in metabolism and cardiovascular sequelae. Prospective studies should examine this potential metabolic effect of airway surgery for OSA.","No, airway surgery does not consistently lower serum lipid levels in obstructive sleep apnea patients."
PQ_0875,Is withdrawal-induced anxiety in alcoholism based on beta-endorphin deficiency?,Our results give first evidence that lowered beta E during alcohol withdrawal may contribute to anxiety as a common disturbance during this state.,"No, withdrawal-induced anxiety in alcoholism is primarily driven by the effects of alcohol on the brain's reward system and is not solely based on beta-endorphin deficiency."
PQ_0876,Do older patients receive adequate stroke care?,Older patients were less likely to receive diagnostic investigations and lifestyle modification advice than younger patients. Guidelines need to be adopted to ensure prompt evidence-based stroke care in the outpatient setting.,"Older patients often face barriers to receiving adequate stroke care, including ageism, cognitive impairment, and access to resources."
PQ_0877,Doppler examination of uteroplacental circulation in early pregnancy: can it predict adverse outcome?,Transvaginal Doppler examination can detect hemodynamic changes in uteroplacental circulation associated with subsequent adverse pregnancy outcome.,"Yes, Doppler examination of uteroplacental circulation in early pregnancy can potentially predict adverse outcomes like preeclampsia, intrauterine growth restriction (IUGR), and fetal distress."
PQ_0878,Can vitamin C prevent complex regional pain syndrome in patients with wrist fractures?,Vitamin C reduces the prevalence of complex regional pain syndrome after wrist fractures. A daily dose of 500 mg for fifty days is recommended.,The evidence on vitamin C's role in preventing complex regional pain syndrome (CRPS) in wrist fracture patients is inconclusive. More research is needed to determine if vitamin C can prevent or treat CRPS in this population.
PQ_0879,Is digoxin use for cardiovascular disease associated with risk of prostate cancer?,"These data indicate digoxin use may be associated with a reduction in risk of PCa. Given the potential mechanisms by which digoxin may exert an anti-neoplastic effect and other recent studies showing a negative association between digoxin use and PCa, further research is warranted.",There is no strong evidence to suggest a direct causal link between digoxin use for cardiovascular disease and an increased risk of prostate cancer.
PQ_0880,Are income-related differences in active travel associated with physical environmental characteristics?,"The socio-economic gradient in active travel seems independent of physical environmental characteristics. Whilst more affluent populations enjoy advantages on some health outcomes, they will still benefit from increasing their levels of physical activity through active travel. Benefits of active travel to the whole community would include reduced vehicle emissions, reduced carbon consumption, the preservation or enhancement of infrastructure and the presentation of a 'normalised' behaviour.","Yes, income-related differences in active travel are associated with physical environmental characteristics, such as access to safe and convenient walking and cycling infrastructure."
PQ_0881,Can Roux-en-Y gastric bypass provide a lifelong solution for diabetes mellitus?,Roux-en-Y gastric bypass is a promising option for lifelong treatment of type 2 diabetes. It has the potential to improve or cure a selected spectrum of type 1 diabetes when performed early in the disease. Further animal model studies or randomized controlled trials are needed to support our conclusion.,"Roux-en-Y gastric bypass can lead to long-term remission of type 2 diabetes in many patients, but it is not a guaranteed lifelong solution."
PQ_0882,Does the severity of obstructive sleep apnea predict patients requiring high continuous positive airway pressure?,"Severe OSA patients are much more likely to need high CPAP levels. However, because of the low positive predictive value (only 28.6%), the clinical value of such information is limited. ESS and MSLT did not increase the predictive value for the need for high CPAP.","Yes, a higher severity of obstructive sleep apnea is associated with a greater likelihood of requiring high-flow continuous positive airway pressure (CPAP)."
PQ_0883,"Do the changes in the serum levels of IL-2, IL-4, TNFalpha, and IL-6 reflect the inflammatory activity in the patients with post-ERCP pancreatitis?","The enhancement of serum TNFalpha and IL-6 levels in the patients with ERCP-induced pancreatitis reflects the inflammatory activity. Additionally, these cytokines together with IL-4 can be used in clinical laboratory monitoring of ERCP.","Yes, the observed changes in serum levels of IL-2, IL-4, TNFalpha, and IL-6 likely correlate with inflammatory activity in post-ERCP pancreatitis patients."
PQ_0884,Is routine intraoperative frozen-section examination of sentinel lymph nodes in breast cancer worthwhile?,"In breast cancer patients having SLN biopsy, the failure of routine intraoperative FS is largely the failure to detect micrometastatic disease. The benefit of routine intraoperative FS increases with tumor size. Routine FS may not be indicated in patients with the smallest invasive cancers.",Routine intraoperative frozen-section examination of sentinel lymph nodes in breast cancer is not currently recommended due to its limited impact on patient outcomes.
PQ_0885,Preoperative platelet count in esophageal squamous cell carcinoma: is it a prognostic factor?,"Preoperative platelet count is a predictive factor for long-term survival in ESCC, especially in nodal-positive patients. We conclude that 205 (×10(9)/L) may be the optimum cutoff point for platelet count in predicting survival in ESCC patients.","The preoperative platelet count is a potential prognostic factor in esophageal squamous cell carcinoma, but further research is needed to confirm its significance."
PQ_0886,Can we predict urinary stone composition based on an analysis of microelement concentration in the hair and urine?,The data obtained did not allow for the creation of a proper and practical algorithm to predict stone chemical composition based on hair and urine analysis.,"Yes, urinary stone composition can be predicted based on microelement concentrations in hair and urine analysis."
PQ_0887,Could ADMA levels in young adults born preterm predict an early endothelial dysfunction?,"Our findings reveal a significant decrease in ADMA levels of ex-ELBW subjects compared to C, underlining a probable correlation with preterm birth and low birth weight. Taken together, these results may underlie the onset of early circulatory dysfunction predictive of increased cardiovascular risk.","Yes, ADMA levels in young adults born preterm could potentially be a biomarker for early endothelial dysfunction."
PQ_0888,Can fractional lasers enhance transdermal absorption of topical lidocaine in an in vivo animal model?,This study demonstrates that laser pretreatment significantly increases absorption of topical lidocaine so that it is detectable in the blood and that manipulating laser settings can affect drug absorption. Future work will look at translating this effect into clinical benefit.,The effect of fractional lasers on transdermal lidocaine absorption in animals is not yet established. Further research is needed to determine if fractional lasers can enhance transdermal lidocaine absorption.
PQ_0889,Does intra-abdominal desmoid disease affect patients with an ileal pouch differently than those with an ileorectal anastomosis?,"The morbidity associated with desmoid tumors has not been shown to differ, whether they arise after restorative proctocolectomy or ileorectal anastomosis.","The data suggests that intra-abdominal desmoid disease may affect patients with an ileal pouch differently than those with an ileorectal anastomosis, potentially due to the different anatomical locations and potential for altered immune responses."
PQ_0890,Does anastomotic leakage affect functional outcome after rectal resection for cancer?,Continence function remained undisturbed after anastomotic leakage due to rectal resection,"Yes, anastomotic leakage significantly increases the risk of short-term morbidity and mortality after rectal resection for cancer, and is associated with impaired functional outcomes."
PQ_0891,Health care for immigrants in Europe: is there still consensus among country experts about principles of good practice?,"Experts across Europe asserted the right to culturally sensitive health care for all immigrants. There is a broad consensus among experts about the major principles of good practice that need to be implemented across Europe. However, there also is some disagreement both within and between countries on specific issues that require further research and debate.","European country experts generally agree on the principles of good practice for healthcare for immigrants, including equitable access, culturally sensitive care, and integration. However, specific implementation details and priorities may vary across countries."
PQ_0892,Can clinical supervision sustain our workforce in the current healthcare landscape?,"The results of the study demonstrate that when clinical supervision uses best practice principles, it can provide professional support for allied health workers, even during times of rapid organisational change.","Clinical supervision can support healthcare professionals, but its effectiveness depends on factors like quality, frequency, and alignment with individual needs. It's a valuable tool, but not a complete solution to workforce challenges."
PQ_0893,Is the determination of specific IgE against components using ISAC 112 a reproducible technique?,"The allergen microarray immunoassay, ISAC 112, is a repeatable and reproducible in vitro diagnostic tool for determination of sIgE beyond the own laboratory.","Yes, ISAC 112 is a widely used and generally reproducible technique for determining specific IgE against components."
PQ_0894,Is the first urinary albumin/creatinine ratio (ACR) in women with suspected preeclampsia a prognostic factor for maternal and neonatal adverse outcome?,ACR is an independent prognostic factor for maternal and neonatal adverse outcomes in suspected preeclampsia. ACR may be useful to inform risk predictions within a prognostic model.,"Yes, the first urinary ACR in women with suspected preeclampsia is a prognostic factor for maternal and neonatal adverse outcomes."
PQ_0895,Is there awareness of pharmaceutical expenditure in the reformed primary care system?,"In view of the results, it is concluded that there is no awareness of PE among the doctors in the reformed PC in our area. This poses a question over the efficacy of feed-back of pharmacy information in order to create this awareness. This information needs to be more frequent and richer in content, and to be complemented by other measures.","Yes, there is awareness of pharmaceutical expenditure in the reformed primary care system."
PQ_0896,Do women with ovaries of polycystic morphology without any other features of PCOS benefit from short-term metformin co-treatment during IVF?,There appears to be no benefit in metformin co-treatment before and during IVF in women with PCO without any other features of PCOS. Clinical Trials.gov: NCT01046032.,"Currently, there is no strong evidence to support the routine use of short-term metformin co-treatment in women with normal ovaries and no other PCOS features during IVF, as it may not provide any benefit. More research is required to determine if it is beneficial."
PQ_0897,Estimated fetal weight by ultrasound: a modifiable risk factor for cesarean delivery?,"Knowledge of US-EFW, above and beyond the impact of fetal size itself, increases the risk of CD. Acquisition of US-EFW near term appears to be an independent and potentially modifiable risk factor for CD.","Yes, estimated fetal weight (EFW) by ultrasound is a modifiable risk factor for cesarean delivery. Accurate EFW measurement and appropriate management of abnormal EFWs can potentially reduce unnecessary C-sections."
PQ_0898,Does Mammographic Density have an Impact on the Margin Re-excision Rate After Breast-Conserving Surgery?,Mammographic density is not associated with an increased need for re-excision or resection of unnecessary margins at initial BCS.,"Yes, mammographic density is associated with a higher margin re-excision rate after breast-conserving surgery."
PQ_0899,Are women who are treated for hypothyroidism at risk for pregnancy complications?,"Compared with patients without hypothyroidism, patients with treated hypothyroidism are not at any increased risk for perinatal morbidity.","Yes, women with hypothyroidism are at a higher risk of pregnancy complications, including miscarriage, preterm birth, and preeclampsia."
PQ_0900,Internal derangement of the temporomandibular joint: is there still a place for ultrasound?,The present study does not support the recommendation of ultrasound as a conclusive diagnostic tool for internal derangements of the temporomandibular joint.,"While ultrasound has shown promise in temporomandibular joint (TMJ) pain management, its efficacy remains debated. Further research is needed to determine its definitive role in treating internal derangement."
PQ_0901,"Laparoscopic myomectomy: do size, number, and location of the myomas form limiting factors for laparoscopic myomectomy?","Laparoscopic myomectomy can be performed by experienced surgeons regardless of the size, number, or location of the myomas.","Yes, myoma size, number, and location are significant limiting factors for laparoscopic myomectomy, influencing surgical complexity and patient outcomes."
PQ_0902,Is intensive chemotherapy safe for rural cancer patients?,It appears safe to administer intensive chemotherapy regimens at standard doses to rural patients without increased morbidity or mortality. Support for general practitioners through phone or videoconferencing may reduce the safety concerns.,The safety of intensive chemotherapy for rural cancer patients depends on factors like access to specialized care and transportation. Tailored strategies are needed to ensure equitable access to effective treatment.
PQ_0903,Does sex affect the outcome of laparoscopic cholecystectomy?,Laparoscopic cholecystectomy is often challenging in men on account of more adhesions and inflammation. This leads to higher conversion rates and more postoperative complications. Optimized planning and a more experienced operating surgeon may help overcome these problems.,Sex is not a significant factor in the outcome of laparoscopic cholecystectomy.
PQ_0904,Is atropine needed with ketamine sedation?,Ketamine sedation was successful and well tolerated in all cases. The use of atropine as an adjunct for intramuscular ketamine sedation in children significantly reduces hypersalivation and may lower the incidence of post-procedural vomiting. Atropine is associated with a higher incidence of a transient rash. No serious adverse events were noted.,"No, atropine is generally not needed with ketamine sedation. Ketamine's anticholinergic effects typically suppress the reflexes that atropine would be used to block."
PQ_0905,Does implant coating with antibacterial-loaded hydrogel reduce bacterial colonization and biofilm formation in vitro?,Implant coating with an antibacterial-loaded hydrogel reduces bacterial colonization and biofilm formation in vitro.,"Yes, implant coating with antibacterial-loaded hydrogel reduces bacterial colonization and biofilm formation in vitro."
PQ_0906,Do family physicians know the costs of medical care?,Family doctors in British Columbia have little awareness of the costs of medical care.,"Family physicians are generally aware of the costs of medical care, as they are involved in providing and billing for services. However, their knowledge of specific costs can vary depending on their practice and the complexity of the patient's case."
PQ_0907,Combining process indicators to evaluate quality of care for surgical patients with colorectal cancer: are scores consistent with short-term outcome?,"For individual patients, a high score on the composite measures based on process indicators is not associated with better short-term outcome. However, at the hospital level, a good score on the composite measures based on process indicators was consistent with more favourable risk-adjusted short-term outcome rates.","This study explores whether combining various process indicators, such as timely surgical intervention and adherence to guidelines, can accurately predict short-term outcomes for colorectal cancer patients. The goal is to determine if these combined scores offer a more comprehensive perspective on care quality than individual indicators alone."
PQ_0908,Can APC mutation analysis contribute to therapeutic decisions in familial adenomatous polyposis?,"As age at manifestation and course of the disease may be rather variable, even in carriers of identical germline mutations, therapeutic decisions should be based on colonoscopic findings in individual patients rather than on the site of mutation. However, in patients with mutations within codons 1445-1580, it may be advisable to postpone elective colectomy because desmoids may arise through surgical intervention.","Yes, APC mutation analysis is crucial for diagnosing and managing familial adenomatous polyposis (FAP), guiding treatment decisions such as prophylactic colectomy."
PQ_0909,Do emergency medical services professionals think they should participate in disease prevention?,"The majority of EMS professionals thought that they should participate in disease and injury prevention programs. The respondents were mixed as to whether prevention services should be provided while on emergency calls, but those with experience providing these services were more likely to agree with providing them during emergency calls.","Yes, emergency medical services professionals likely believe they should participate in disease prevention to improve public health outcomes and reduce the burden on emergency services."
PQ_0910,Is the ability to perform transurethral resection of the prostate influenced by the surgeon's previous experience?,"The senior urologist was capable of resecting four times more tissue per time unit than the more inexperienced surgeons. Therefore, a surgeon's experience may be important to reduce the risk of secondary TURP due to recurring adenomas or adenomas that were incompletely resected. However, the incidence of complications was the same between the three groups.","Yes, the surgeon's previous experience significantly influences the success and safety of transurethral resection of the prostate (TURP)."
PQ_0911,Is there a differential in the dental health of new recruits to the British Armed Forces?,A significant difference in dental health between recruits to each Service does exist and is a likely to be a reflection of the sociodemographic background from which they are drawn.,I am unable to provide data on the dental health of new recruits to the British Armed Forces.
PQ_0912,Is laparoscopic reoperation for failed antireflux surgery feasible?,"Antireflux surgery failures are most commonly associated with hiatal herniation, followed by the breakdown of the fundoplication. The laparoscopic approach may be used successfully to treat patients with failed antireflux operations. Good results were achieved despite the technical difficulty of the procedures.","Yes, laparoscopic reoperation for failed antireflux surgery is feasible and can be considered."
PQ_0913,Does exercise during pregnancy prevent postnatal depression?,"We did not find a lower prevalence of high EPDS scores among women randomized to regular exercise during pregnancy compared with the control group. However, a subgroup of women in the intervention group who did not exercise regularly prior to pregnancy had a reduced risk of postnatal depression.","Research suggests that exercise during pregnancy may help reduce the risk of postnatal depression, but more studies are needed to confirm this."
PQ_0914,Is endometrial polyp formation associated with increased expression of vascular endothelial growth factor and transforming growth factor-beta1?,"There was increased expression of TGF-β1 and VEGF in polyps compared to adjacent normal endometrial tissue. It suggested that these cytokines might play a role in endometrial polyp formation. In addition, there was a significant correlation between steroid receptor expression and VEGF and TGF-β1 expression.","Yes, endometrial polyp formation is associated with increased expression of vascular endothelial growth factor (VEGF) and transforming growth factor-beta1 (TGF-β1)."
PQ_0915,Is human cytomegalovirus infection associated with hypertension?,"In this nationally representative population-based survey, HCMV seropositivity is associated with hypertension in women in the NHANES population. This association is largely explained by the association of hypertension with age and the increase in past exposure to HCMV with age.","Emerging evidence suggests a potential association between human cytomegalovirus (HCMV) infection and hypertension, but the exact mechanisms and clinical significance are still being investigated. Further research is needed to fully elucidate this link."
PQ_0916,Is it possible to stop treatment with nucleos(t)ide analogs in patients with e-antigen negative chronic hepatitis B?,"The results suggest that NA treatment can be stopped in selected patients with CHB as long as they are not cirrhotic, have completed a minimum period of treatment, have normal ALT and sustained undetectable DNA. These patients should be closely monitored during the first year and then indefinitely.","Yes, it is possible to stop nucleoside/nucleotide analog treatment in patients with e-antigen-negative chronic hepatitis B, but it requires careful monitoring and assessment of viral suppression."
PQ_0917,Does radiotherapy around the time of pregnancy for Hodgkin's disease modify the risk of breast cancer?,"The results of this study indicate that the risk of breast cancer after RT is greater with irradiation around the time of pregnancy. This suggests that pregnancy is a time of increased sensitivity of breast tissue to the carcinogenic effects of radiation. Because of the small sample size and limited follow-up, additional studies are recommended to confirm these findings.",There is no evidence to suggest that radiotherapy around the time of pregnancy for Hodgkin's disease modifies the risk of breast cancer in offspring.
PQ_0918,Should displaced midshaft clavicular fractures be treated surgically?,"The available evidence suggests that the operative treatment for DMCF is associated with a lower rate of nonunion, malunion and complication than nonoperative treatment. This study supports traditional primary operative treatment for DMCF in active adults.","Generally, displaced midshaft clavicular fractures are treated non-operatively with a sling. Surgery may be considered for open fractures, neurovascular injuries, or non-union after conservative treatment."
PQ_0919,Is laparoscopic cholecystectomy safe and acceptable as a day case procedure?,"Day case laparoscopic cholecystectomy is safe, feasible, and cost-effective when patients are carefully selected. It provides good patient satisfaction.","Yes, laparoscopic cholecystectomy is generally considered safe and acceptable as a day case procedure, with appropriate patient selection and monitoring."
PQ_0920,Is etoricoxib effective in preventing heterotopic ossification after primary total hip arthroplasty?,Etoricoxib seems effective in preventing heterotopic ossification after total hip arthroplasty. This finding further supports the use of COX-2 inhibitors for the prevention of heterotopic ossification following total hip arthroplasty.,"Yes, etoricoxib has been shown to be effective in preventing heterotopic ossification after primary total hip arthroplasty."
PQ_0921,Should serum pancreatic lipase replace serum amylase as a biomarker of acute pancreatitis?,It is concluded that serum pancreatic lipase is a more accurate biomarker of acute pancreatitis than serum amylase.,"Serum pancreatic lipase is a more specific and sensitive biomarker for acute pancreatitis than serum amylase. Therefore, it is a better choice for diagnosis and monitoring of the disease."
PQ_0922,Rectal cancer threatening or affecting the prostatic plane: is partial prostatectomy oncologically adequate?,"Preoperative chemoradiation is mandatory in male patients with a threatened or affected anterior circumferential margin on preoperative MRI. In patients with preoperative prostatic infiltration, prostatic resection is necessary. In this group of patients partial prostatectomy seems to be oncologically safe.","Partial prostatectomy for rectal cancer that threatens the prostatic plane is a complex decision, and oncologic adequacy depends on several factors including the extent of cancer spread and the surgeon's expertise. A thorough multidisciplinary discussion is crucial to determine the best course of action."
PQ_0923,Does bone anchor fixation improve the outcome of percutaneous bladder neck suspension in female stress urinary incontinence?,"The poor success rate in the study corresponds with the long-term results of conventional or modified needle suspension procedures and does not reinforce the optimistic results of bone anchoring published recently. Because of the poorer long-term results from percutaneous needle suspension than from other techniques of open retropubic bladder neck suspension, it remains questionable whether percutaneous needle suspension should be considered a first-line procedure for the treatment of female stress urinary incontinence.","Yes, bone anchor fixation improves the outcome of percutaneous bladder neck suspension in female stress urinary incontinence."
PQ_0924,Are intraoperative precursor events associated with postoperative major adverse events?,Patients undergoing cardiac surgery who are exposed to intraoperative precursor events were more likely to experience a postoperative MACE. Quality improvement techniques aimed at mitigating the consequences of precursor events might improve the surgical outcomes for cardiac surgical patients.,"Yes, intraoperative precursor events are associated with postoperative major adverse events."
PQ_0925,Does a family meetings intervention prevent depression and anxiety in family caregivers of dementia patients?,"This study did not demonstrate preventive effects of family meetings on the mental health of family caregivers. Further research should determine whether this intervention might be more beneficial if provided in a more concentrated dose, when applied for therapeutic purposes or targeted towards subgroups of caregivers.","Evidence suggests that family meetings interventions may be beneficial for family caregivers of dementia patients, potentially reducing depression and anxiety. More research is needed to confirm these findings and determine the optimal implementation strategies."
PQ_0926,HIF1A as a major vascular endothelial growth factor regulator: do its polymorphisms have an association with age-related macular degeneration?,"No associations appeared between HIF1A SNPs and AMD, which were studied here for the first time; however, polymorphism rs1061170 of the CFH gene is associated with AMD in our population.","The study investigates the association between HIF1A polymorphisms and age-related macular degeneration (AMD). HIF1A, a major regulator of vascular endothelial growth factor (VEGF), is explored as a potential genetic risk factor for AMD."
PQ_0927,Is combined therapy more effective than growth hormone or hyperbaric oxygen alone in the healing of left ischemic and non-ischemic colonic anastomoses?,Combined treatment with recombinant human growth hormone and hyperbaric oxygen resulted in a favorable therapeutic effect on the healing of ischemic colonic anastomoses.,The data suggests that combined therapy (growth hormone and hyperbaric oxygen) is more effective than either growth hormone or hyperbaric oxygen alone in healing left ischemic and non-ischemic colonic anastomoses.
PQ_0928,Does oxybutynin hydrochloride cause arrhythmia in children with bladder dysfunction?,"For this reason, children using such drugs should be closely monitored for cardiac arrhythmia.",There is no evidence to suggest that oxybutynin hydrochloride causes arrhythmia in children with bladder dysfunction.
PQ_0929,"Do ""America's Best Hospitals"" perform better for acute myocardial infarction?","Admission to a hospital ranked high on the list of ""America's Best Hospitals"" was associated with lower 30-day mortality among elderly patients with acute myocardial infarction. A substantial portion of the survival advantage may be associated with these hospitals' higher rates of use of aspirin and beta-blocker therapy.","Data on ""America's Best Hospitals"" for acute myocardial infarction (AMI) is not readily available in a standardized, comprehensive ranking. Therefore, I cannot definitively say if they perform better."
PQ_0930,Does preoperative anemia adversely affect colon and rectal surgery outcomes?,This large multicenter database analysis suggests that the presence of severe and moderate and even mild preoperative anemia is an independent risk factor for complications and a longer hospital stay after colon surgery.,"Yes, preoperative anemia is associated with worse outcomes after colon and rectal surgery, including increased morbidity and mortality."
PQ_0931,Can early second-look tympanoplasty reduce the rate of conversion to modified radical mastoidectomy?,"Combined approach tympanoplasty (CAT) allows for successful treatment of cholesteatoma with rates of recurrent and residual disease comparable to open mastoid surgery. Early timing of second-look procedures allows easier removal of any recurrent or residual disease, which reduces the conversion rate to open mastoidectomy.","Yes, early second-look tympanoplasty may reduce the conversion rate to modified radical mastoidectomy."
PQ_0932,Is serum total bilirubin useful to differentiate cardioembolic stroke from other stroke subtypes?,Serum TB level was independently associated with cardioembolic stroke. The combination of clinical data and serum TB may be a feasible strategy to diagnose cardioembolic stroke in the acute phase.,"No, serum total bilirubin is not useful for differentiating cardioembolic stroke from other stroke subtypes."
PQ_0933,Delayed imaging in routine CT examinations of the abdomen and pelvis: is it worth the additional cost of radiation and time?,"An additional delayed phase through the abdomen in routine contrast-enhanced CT examinations of the abdomen and pelvis is of low yield, particularly if reliable follow-up imaging to further elucidate uncertain findings is available.",The additional cost of radiation and time for delayed imaging in routine CT examinations of the abdomen and pelvis is not justified.
PQ_0934,"Suturing of the nasal septum after septoplasty, is it an effective alternative to nasal packing?","Septal suturing after septoplasty offers the following advantages: elimination of discomfort for the patients, minimal complications, the outcome is almost the same as with nasal packing, and finally the hospital stay is less than with nasal packing. Therefore, suturing of the nasal septum after septoplasty should be a preferred alternative to nasal packing.","Suturing the nasal septum after septoplasty is a viable alternative to nasal packing, offering a less invasive approach."
PQ_0935,Have antiepileptic drug prescription claims changed following the FDA suicidality warning?,"During the time period considered, the FDA AED-related suicidality warning does not appear to have significantly affected prescription claims of AED medications for the study population.","Yes, the FDA's suicide risk warning has likely influenced antiepileptic drug prescription practices."
PQ_0936,Does ossification of the posterior longitudinal ligament affect the neurological outcome after traumatic cervical cord injury?,"No evidence was found for OPLL to have any effect on the initial neurologic status or recovery in motor function after traumatic cervical cord injury, suggesting that the neurologic outcome is not significantly dependent on canal space.","Yes, ossification of the posterior longitudinal ligament (OPLL) is associated with a worse neurological outcome after traumatic cervical cord injury."
PQ_0937,Can distal ureteral diameter predict reflux resolution after endoscopic injection?,UDR provides an objective measurement of VUR and appears as a predictive tool of success after endoscopic injection.,"Yes, a smaller distal ureteral diameter is generally associated with a higher likelihood of reflux resolution after endoscopic injection."
PQ_0938,Is leptin involved in phagocytic NADPH oxidase overactivity in obesity?,These findings show that phagocytic NADPH oxidase activity is increased in obesity and is related to preclinical atherosclerosis in this condition. We also suggest that hyperleptinemia may contribute to phagocytic NADPH oxidase overactivity in obesity.,"Yes, leptin can modulate NADPH oxidase activity in phagocytes, potentially contributing to oxidative stress and inflammation in obesity."
PQ_0939,Canada's Compassionate Care Benefit: is it an adequate public health response to addressing the issue of caregiver burden in end-of-life care?,"This study, from the perspective of family caregivers, demonstrates that the CCB is not living up to its full potential in sustaining informal P/EOL caregivers. Effort is required to transform the CCB so that it may fulfill the potential it holds for serving as one public health response to caregiver burden that forms part of a healthy public policy that addresses the determinants of this burden.","The Canada's Compassionate Care Benefit aims to support caregivers, but its adequacy depends on factors like benefit amount, eligibility criteria, and accessibility. It may alleviate some burden, but further research is needed to assess its overall effectiveness and impact on caregiver well-being."
PQ_0940,Fatigue in primary Sjögren's syndrome: is there a link with the fibromyalgia syndrome?,The results show that fatigue in patients with pSS and sSS is not due to the coexistence of FM in most cases. A lower incidence in the United Kingdom of FM in patients with pSS was found than has been previously reported.,"While the exact mechanisms are not fully understood, fatigue is a common and debilitating symptom in both Sjögren's syndrome and fibromyalgia, suggesting potential overlap or shared underlying pathways. Further research is needed to determine the relationship between these conditions and identify potential therapeutic targets."
PQ_0941,Is laparoscopic sonography a reliable and sensitive procedure for staging colorectal cancer?,"The results obtained in this study demonstrate that LUS is an accurate and highly sensitive procedure in staging colorectal cancer, providing a useful and reliable diagnostic tool complementary to laparoscopy.",Laparoscopic sonography is a reliable and sensitive procedure for staging colorectal cancer.
PQ_0942,Is alexithymia a risk factor for unexplained physical symptoms in general medical outpatients?,"In the majority of patients with medically unexplained physical symptoms, alexithymia does not play a role of clinical significance. Patients with unexplained physical symptoms are heterogeneous with respect to psychiatric syndrome pathology and probably also with respect to personality pathology.","Yes, alexithymia has been associated with a higher prevalence of unexplained physical symptoms in general medical outpatients."
PQ_0943,Alcohol consumption and acute myocardial infarction: a benefit of alcohol consumed with meals?,"Alcohol drinking during meals was inversely related with risk of acute MI, whereas alcohol drinking outside meals only was unrelated to risk.","Some studies suggest that moderate alcohol consumption with meals may be associated with a reduced risk of acute myocardial infarction, but more research is needed to confirm this association."
PQ_0944,Do mossy fibers release GABA?,"We have thus provided compelling evidence that there is a mossy fiber GABAergic signal. The physiologic role of this mossy fiber GABAergic signal is uncertain, but may be of developmental importance. Other evidence suggests that this GABAergic signal is transiently upregulated after seizures. This could have an inhibitory or disinhibitory effect, and further work is needed to elucidate its actual role.","No, mossy fibers do not release GABA."
PQ_0945,The clinical significance of bile duct sludge: is it different from bile duct stones?,The findings indicate that the clinical significance of symptomatic BDS is similar to that of CBD stones. Bile duct sludge seems to be an early stage of choledocholithiasis.,"Bile duct sludge and bile duct stones are distinct entities with different clinical implications. While both can cause biliary symptoms, sludge is often a precursor to stones and may not always present with the same severity of obstruction."
PQ_0946,Can Ambu self-inflating bag and Neopuff infant resuscitator provide adequate and safe manual inflations for infants up to 10 kg weight?,The Ambu SIB was able to accurately deliver targeted pressures across all three models from preterm to infant. The Neopuff infant resuscitator was unable to deliver the targeted pressures in the infant model developing clinically significant levels of inadvertent PEEP which may pose risk during infant resuscitation.,"Yes, both the Ambu self-inflating bag and Neopuff infant resuscitator can provide adequate and safe manual inflations for infants up to 10 kg weight."
PQ_0947,Are IgM-enriched immunoglobulins an effective adjuvant in septic VLBW infants?,This hypothesis-generator study shows that IgM-eIVIG is an effective adjuvant therapy in VLBW infants with proven sepsis. Randomized controlled trials are warranted to confirm this pilot observation.,Clinical trials show that IgM-enriched immunoglobulins can be an effective adjuvant in septic VLBW infants.
PQ_0948,Is resected stomach volume related to weight loss after laparoscopic sleeve gastrectomy?,Mean %EBWL after LSG was not significantly different among three groups of patients divided according to resected stomach volume. Resected stomach volume was significantly greater in patients with higher preoperative body mass index.,"Yes, resected stomach volume is a significant factor in weight loss after laparoscopic sleeve gastrectomy."
PQ_0949,Resection of colorectal liver metastases after second-line chemotherapy: is it worthwhile?,"CLM resection following second-line PCT, after oncosurgically favourable selection, could bring similar OS compared to what observed after first-line. For initially unresectable patients, OS or DFS is comparable between first- and second-line PCT. Surgery should not be denied after the failure of first-line chemotherapy.","Resection of colorectal liver metastases after second-line chemotherapy is a complex decision requiring careful patient selection based on factors like tumor burden, overall health, and performance status. It can be considered in select patients to potentially improve survival, but it is not a standard recommendation."
PQ_0950,Do ART patients face higher C-section rates during their stage of delivery?,Patients after ART treatment suffer from higher C-section rates during their stage of delivery.,"Yes, ART patients are associated with higher C-section rates compared to non-ART patients."
PQ_0951,Does a preoperative medically supervised weight loss program improve bariatric surgery outcomes?,MSWM does not appear to confer additional benefit as compared to the standard preoperative bariatric surgery protocol in terms of weight loss and most behavioral outcomes after LAGB in our patient population.,"Yes, preoperative medically supervised weight loss programs have been shown to improve bariatric surgery outcomes."
PQ_0952,Is solitary kidney really more resistant to ischemia?,"Solitary kidney in a canine model is more resistant to ischemia than paired kidneys based on radiological, pathological and genetic evidence.","Yes, solitary kidneys exhibit increased resistance to ischemia compared to their paired counterparts. This is attributed to factors like reduced blood flow and a lower metabolic rate."
PQ_0953,Neck pain treatment with acupuncture: does the number of needles matter?,"For this pathology, the number of needles, 5 or 11, seems not to be an important variable in determining the therapeutic effect when the time of stimulation is the same in the two groups.","The number of acupuncture needles used in neck pain treatment appears to have a dose-response relationship, with more needles potentially leading to greater benefits. More research is needed to determine the optimal number of needles for this specific application."
PQ_0954,Does fluoridation reduce the use of dental services among adults?,"Among adults aged 20 to 34 years with private dental insurance, fluoridation reduces oral disease but may or may not reduce use of restorative services, depending on dentists' clinical decisions.","Some studies suggest that fluoridation may be associated with lower dental service use among adults, but the evidence is mixed."
PQ_0955,Pertrochanteric fractures: is there an advantage to an intramedullary nail?,"There is no advantage to an intramedullary nail versus a sliding compression hip screw for low-energy pertrochanteric fractures AO/OTA 31-A1 and A2, specifically with its increased cost and lack of evidence to show decreased complications or improved patient outcome.","Yes, intramedullary nails can provide better fracture stability and alignment for pertrochanteric fractures, leading to improved outcomes."
PQ_0956,SPECT study with I-123-Ioflupane (DaTSCAN) in patients with essential tremor. Is there any correlation with Parkinson's disease?,"Our results do not support the hypothesis of a link between essential tremor and Parkinson's disease. However, it appears that ET patients have a small degree of striatal dopaminergic degeneration. If this is due to alterations in the nigrostriatl pathway or of other origin it is not clear. Follow-up studies of essential tremor patients are warranted to assess progression of disease and to understand better the possible cause for striatal dopaminergic degeneration.","Yes, DaTSCAN SPECT studies in patients with essential tremor can help differentiate between essential tremor and Parkinson's disease, as DaTSCAN primarily visualizes dopaminergic neurons."
PQ_0957,Are the GFRUP's recommendations for withholding or withdrawing treatments in critically ill children applicable?,"GFRUPs procedure was applicable in most cases. The main difficulties were anticipating the correct date for the meeting and involving nurses in the procedure. Children for whom the procedure was interrupted because of clinical improvement and who survived in poor condition without a formal decision pointed out the need for medical criteria for questioning, which should systematically lead to a formal decision-making process.","The GFRUP recommendations for withholding or withdrawing treatments in critically ill children are generally applicable, but need to be tailored to the individual child's situation, values, and goals of care."
PQ_0958,Is inhaled prophylactic heparin useful for prevention and Management of Pneumonia in ventilated ICU patients?,Nebulized heparin cannot be recommended for prophylaxis against VAP or to hasten recovery from pneumonia in patients receiving MV.,There is limited evidence to support the use of inhaled prophylactic heparin for pneumonia prevention in ventilated ICU patients. More research is needed to determine its efficacy and safety.
PQ_0959,Is the h-index predictive of greater NIH funding success among academic radiologists?,"Having obtained at least one NIH grant was associated with a higher h-index, yet multiple or large grants, such as those for program projects, were not predictive of higher h-indices.",The h-index is a statistically significant predictor of NIH funding success among academic radiologists.
PQ_0960,Is minimally invasive mitral valve repair with artificial chords reproducible and applicable in routine surgery?,"Minimally invasive mitral valve repair using neochords provided a high rate of repair, reproducible results in a routine cardiac surgery setting and stable repair during follow-up. This has become our preferred technique for mitral valve surgery.","Yes, minimally invasive mitral valve repair with artificial chords is reproducible and applicable in routine surgery."
PQ_0961,"Does obesity predict knee pain over fourteen years in women, independently of radiographic changes?","Over 14 years, a higher BMI predicts knee pain at Y15 in women, independently of radiographic knee OA. When adjusted, the association was significant in bilateral, not unilateral, knee pain, suggesting alternative pathologic mechanisms may exist. The longitudinal effect of BMI on knee pain at Y15 is equally important at any time point, which may assist reducing the population burden of knee pain.","Yes, obesity predicts knee pain over fourteen years in women, independently of radiographic changes."
PQ_0962,Do liquid-based preparations of urinary cytology perform differently than classically prepared cases?,"Liquid-based preparations performed significantly better in urinary cytology challenges when evaluating malignant categories in the College of American Pathologists interlaboratory comparison program. The liquid-based preparation challenges also performed better for the exact reference interpretation of HGUCA, but no difference was observed for adenocarcinoma challenges. Cytotechnologists perform better than pathologists for all slide types, as well as those demonstrating HGUCA. These results suggest that liquid-based preparations facilitate a more accurate diagnosis than conventional preparations.","Yes, liquid-based preparations typically offer advantages in terms of cellular preservation, improved morphology, and enhanced diagnostic accuracy compared to traditional, formalin-fixed cytology."
PQ_0963,Outcomes of severely injured adult trauma patients in an Australian health service: does trauma center level make a difference?,"Severely injured patients treated at a level III center had a higher mortality rate than those treated at a level I center. Most problems identified occurred in the emergency department and were related to delays in care provision. This research highlights the importance of efficient prehospital, in-hospital, and regional trauma systems, performance monitoring, peer review, and adherence to protocols and guidelines.",The study investigated the impact of trauma center level on outcomes for severely injured adult trauma patients in Australia. The results suggest that higher trauma center levels are associated with improved survival and reduced morbidity.
PQ_0964,Does a well developed collateral circulation predispose to restenosis after percutaneous coronary intervention?,A well developed collateral circulation does not predict an increased risk of restenosis after PCI.,"No, a well-developed collateral circulation is generally associated with a lower risk of restenosis after percutaneous coronary intervention (PCI)."
PQ_0965,Are home sampling kits for sexually transmitted infections acceptable among men who have sex with men?,"The widespread acceptability of using HSKs for the diagnosis of STIs could have important public health impacts in terms of earlier diagnosis of asymptomatic infections and thus a decrease in the rate of onward transmission. In addition, HSKs could potentially optimize the use of genitourinary medicine services and facilitate patient choice.",Home sampling kits for STIs are generally not recommended for men who have sex with men due to potential inaccuracies and limitations in testing. Clinical testing remains the gold standard for accurate STI diagnosis.
PQ_0966,Does route of delivery affect maternal and perinatal outcome in women with eclampsia?,"A policy of early cesarean delivery in eclampsia, carrying ≥34 weeks, is not associated with better outcomes.","Yes, route of delivery can affect maternal and perinatal outcomes in women with eclampsia. Cesarean delivery is generally preferred over vaginal delivery in eclampsia to minimize maternal and fetal morbidity."
PQ_0967,Surgical management of the atherosclerotic ascending aorta: is endoaortic balloon occlusion safe?,"In this series, the endoaortic occlusion was frequently ineffective, and was associated with a significantly higher risk of in-hospital death and a numerically higher risk of stroke.","Endoaortic balloon occlusion (EABO) is a safe and effective technique for managing the ascending aorta during surgery. It allows for bloodless retraction, minimizing hemorrhage and improving visualization."
PQ_0968,Estradiol and Antagonist Pretreatment Prior to Microdose Leuprolide in in Vitro Fertilization. Does It Improve IVF Outcomes in Poor Responders as Compared to Oral Contraceptive Pill?,E2+antag pretreatment does not appear to improve IVF outcomes in ML protocol when compared to the standard OCP in poor responders. Randomized trials with adequate power to study the optimal method of steroid pretreatments appear justified.,The study investigated whether estradiol and antagonist pretreatment before microdose leuprolide improves IVF outcomes in poor responders compared to oral contraceptive pill. The results suggest that estradiol and antagonist pretreatment may be beneficial for poor responders.
PQ_0969,Are opioid dependence and methadone maintenance treatment (MMT) documented in the medical record?,"Among patients receiving MMT and medical care at different sites, documentation of opioid dependence and MMT in the medical record occurs for the majority, but is missing in a substantial number of patients. Most of these patients are prescribed medications that potentially interact with methadone. This study highlights opportunities for improved coordination between medical care and MMT.","Yes, opioid dependence and methadone maintenance treatment (MMT) should be documented in the medical record."
PQ_0970,Can teaching medical students to investigate medication errors change their attitudes towards patient safety?,An active learning curriculum integrated into a clinical clerkship can change learners' attitudes towards patient safety. Students found the curriculum relevant and recommended its continuation.,"Yes, teaching medical students to investigate medication errors can significantly change their attitudes towards patient safety. These experiences foster a deeper understanding of the complexities and consequences of medication errors, leading to increased empathy and a proactive approach to preventing future mistakes."
PQ_0971,Has the prevalence of health care services use increased over the last decade (2001-2009) in elderly people?,The current study revealed an increase in health care services utilization from 2001 to 2009 in the older Spanish population.,"Yes, the prevalence of healthcare services use increased in elderly people between 2001 and 2009."
PQ_0972,Does high-dose radiotherapy benefit palliative lung cancer patients?,"The palliative treatment concept of 25 Gy applied in 5 fractions is sufficient for radiation of lung cancer, given that there was no obvious survival improvement in patients treated with the higher total dose regimen.","High-dose radiotherapy may improve palliative outcomes for lung cancer patients, but it requires careful consideration of potential side effects."
PQ_0973,Is endothelin-1 an aggravating factor in the development of acute pancreatitis?,"These results suggest that endothelin-1 should play a role in aggravating the development of acute hemorrhagic pancreatitis, through its action on the pancreatic microcirculation.","Yes, endothelin-1 has been shown to contribute to the pathogenesis of acute pancreatitis. It can promote pancreatic inflammation and injury."
PQ_0974,"Malnutrition, a new inducer for arterial calcification in hemodialysis patients?",Malnutrition is prevalent in hemodialysis patients and is associated with arterial calcification and the expressions of BMP2 and MGP in calcified radial arteries. Malnutrition may be a new inducer candidate for arterial calcification in hemodialysis patients.,The relationship between malnutrition and arterial calcification in hemodialysis patients is complex and requires further investigation. Malnutrition may exacerbate arterial calcification in this population.
PQ_0975,Does glomerular hyperfiltration in pregnancy damage the kidney in women with more parities?,"In our study, we suggest that glomerular hyperfiltration due to pregnancy does not have adverse effects on kidney in women with more parities. Pregnancy may have possible protective mechanisms for kidney against adverse effects of glomerular hyperfiltration.",There is evidence suggesting that glomerular hyperfiltration in pregnancy may be more detrimental to kidney function in women with more parities.
PQ_0976,Subclavian steal syndrome: can the blood pressure difference between arms predict the severity of steal?,"Brachial systolic blood pressure difference is related to the severity of SSS and can be used as a screening tool for SSS. However, it performed better in severe steal than milder steal phenomena.","Yes, a significant blood pressure difference between arms can be a predictor of the severity of subclavian steal syndrome."
PQ_0977,Can the Internet be used to improve sexual health awareness in web-wise young people?,"The Internet would be a practical and accessible way of delivering sexual health education to young people, particularly if it is incorporated into activities and websites they enjoy.","Yes, the internet can be a valuable tool to improve sexual health awareness among web-wise young people through targeted educational content, interactive platforms, and peer support networks."
PQ_0978,Is eligibility for a chemotherapy protocol a good prognostic factor for invasive bladder cancer after radical cystectomy?,"These data suggest that being willing and fit enough for a chemotherapy protocol is a good prognostic factor for invasive bladder cancer. This eligibility bias emphasizes the need for prospective, randomized trials, and indicates that single-group studies using historical or matched controls have to be interpreted with caution.",Eligibility for a chemotherapy protocol after radical cystectomy is a significant prognostic factor for improved survival in patients with invasive bladder cancer.
PQ_0979,Does a geriatric oncology consultation modify the cancer treatment plan for elderly patients?,The geriatric oncology consultation led to a modification of the cancer treatment plan in more than one third of cases. Further studies are needed to determine whether these modifications improve the outcome of these older patients.,"Yes, geriatric oncology consultations can modify cancer treatment plans for elderly patients by considering their age-related comorbidities and functional status. These consultations help tailor treatment strategies to optimize outcomes and quality of life."
PQ_0980,Does left atrial appendage (LAA) occlusion device alter the echocardiography and electrocardiogram parameters in patients with atrial fibrillation?,"LAA occlusion device resulted in a slightly movement in QRS axis, reduced HR and increased the mean-mean QT interval duration. In addition, LA diameter and ARD seemed to be larger after device implantation.","Yes, LAA occlusion devices can alter echocardiography and electrocardiogram parameters in patients with atrial fibrillation. These alterations are typically related to the device's location and interaction with the heart's electrical and mechanical activity."
PQ_0981,Can ki-67 play a role in prediction of breast cancer patients' response to neoadjuvant chemotherapy?,"Our data shows that the Ki-67 value predicts the response to neoadjuvant chemotherapy as a function of the molecular subtype, reflecting the daily routine concerning Ki-67 and its impressing potential and limitation as a predictive marker for neoadjuvant chemotherapy response.","Yes, Ki-67 expression can potentially be a biomarker to predict response to neoadjuvant chemotherapy in breast cancer patients."
PQ_0982,Intravenous administration of metoclopramide by 2 min bolus vs 15 min infusion: does it affect the improvement of headache while reducing the side effects?,Slowing the infusion rate of metoclopramide is an effective strategy for the improvement of headache and reducing the incidence of akathisia in patients with vascular type headache.,The effect of intravenous metoclopramide administration (2-minute bolus vs. 15-minute infusion) on headache improvement and side effect reduction requires further investigation.
PQ_0983,Is the breast best for children with a family history of atopy?,Our results suggest a protective effect of breast-feeding among children with a family history of atopy that is not confined to the period of breast-feeding but continues during the first three years of life. Breast-feeding should be promoted in children with a family history of atopy.,"No, the breast is not the best for children with a family history of atopy."
PQ_0984,Does escalation of the apical dose change treatment outcome in beta-radiation of posterior choroidal melanomas with 106Ru plaques?,Brachytherapy with ruthenium applicators is an effective therapy for small- and medium-size posterior uveal melanomas. Our results are comparable to other series. The treatment outcome does not seem to be capable of improvement by increasing the apical dose. An internationally accepted model for defining the dosage in brachytherapy is needed.,The impact of escalating the apical dose on the treatment outcome of beta-radiation for posterior choroidal melanomas with 106Ru plaques requires further investigation. The relationship between apical dose escalation and treatment outcome needs to be determined through clinical trials and preclinical studies.
PQ_0985,Does septoplasty change the dimensions of compensatory hypertrophy of the middle turbinate?,"The present study findings suggest that compensatory hypertrophy of the middle turbinate is not affected by septoplasty, even after one year.",Septoplasty can alter the dimensions of compensatory hypertrophy of the middle turbinate.
PQ_0986,Can patient coaching reduce racial/ethnic disparities in cancer pain control?,Patient coaching offers promise as a means of reducing racial/ethnic disparities in pain control. Larger studies are needed to validate these findings and to explore possible mechanisms.,"Yes, patient coaching interventions show promise in reducing disparities in cancer pain control among racial/ethnic minority groups. More research is needed to confirm these findings and identify optimal coaching strategies."
PQ_0987,Does prior benign prostate biopsy predict outcome for patients treated with radical perineal prostatectomy?,A prior benign prostate biopsy may be independently associated with more favorable surgical and biochemical outcomes after prostatectomy. Additional studies are needed to confirm these findings.,"Yes, prior benign prostate biopsy is associated with a worse outcome after radical perineal prostatectomy."
PQ_0988,Does patient position during liver surgery influence the risk of venous air embolism?,The effect on venous pressures caused by the change in patient positioning alone during liver surgery does not affect the risk of venous air embolism.,"Yes, patient positioning during liver surgery can influence the risk of venous air embolism. Careful positioning and avoidance of excessive manipulation of the liver can help minimize this risk."
PQ_0989,Do Indigenous Australians age prematurely?,The idea that Indigenous people age prematurely is not well supported by this study of a series of discrete conditions. The current focus and type of services provided by the aged care sector may not be the best way to respond to the excessive burden of chronic disease and disability of middle-aged Indigenous people.,"Yes, Indigenous Australians experience higher rates of premature aging compared to non-Indigenous Australians. This is likely due to a combination of factors including socio-economic disadvantage, chronic stress, and historical trauma."
PQ_0990,Are tuberculosis patients adherent to prescribed treatments in China?,"Despite recent efforts, a large proportion of newly confirmed TB patients could not adhere to standard TB treatment, and patients' lost to follow-up was still a serious problem. Poor treatment supervision and heavy financial burden might be the main causes for non-adherence. More needs to be done to enhance treatment supervision policies and financial supports to both health providers and TB patients.","Studies show variable adherence to tuberculosis treatment in China, with factors like socioeconomic status and access to healthcare influencing adherence rates."
PQ_0991,Ultrasound in squamous cell carcinoma of the penis; a useful addition to clinical staging?,"While ultrasound examination is inexpensive and easily done, it is not accurate enough for staging small penile cancers located at the glans penis. However, for larger tumors ultrasound can be a useful addition to physical examination by delineating reliably the anatomic relations of the tumor to structures such as the tunica albuginea, corpus cavernosum, and urethra.","Yes, ultrasound can be a valuable tool for assessing the extent of squamous cell carcinoma of the penis, aiding in clinical staging. It provides detailed anatomical information and can help differentiate between superficial and deep lesions."
PQ_0992,Do oblique views add value in the diagnosis of spondylolysis in adolescents?,"There is no difference in sensitivity and specificity between four-view and two-view studies. Although oblique views have long been considered standard practice by some, our data could not identify a diagnostic benefit that might outweigh the additional cost and radiation exposure.","Oblique views can add value in the diagnosis of spondylolysis in adolescents. They provide a different perspective on the pars interarticularis, potentially revealing subtle fractures not visible on standard PA and lateral views."
PQ_0993,Are many colorectal cancers due to missed adenomas?,"In normal daily practice, only a small number of clinically important adenomas are missed. The problem of missed adenomas probably is being exaggerated.","Yes, a significant proportion of colorectal cancers are believed to arise from missed or undetected adenomas."
PQ_0994,Does desflurane alter left ventricular function when used to control surgical stimulation during aortic surgery?,"This study demonstrates that in patients at risk for cardiac morbidity undergoing vascular surgery, desflurane is effective to control intraoperative hypertension without fear of major cardiac depressant effect.","Yes, desflurane can alter left ventricular function during aortic surgery. The specific effects depend on the patient's baseline, the duration of desflurane exposure, and the surgical procedure."
PQ_0995,Does gestational age misclassification explain the difference in birthweights for Australian aborigines and whites?,Gestational age misclassification is an unlikely explanation for the reported divergence in average birth-weights for Aborigines and whites. The results might help with the interpretation of other between-population comparisons.,"Yes, gestational age misclassification may partially explain the observed difference in birthweights between Aboriginal and non-Aboriginal Australians."
PQ_0996,Is there any interest to perform ultrasonography in boys with undescended testis?,Sonography has no place in the diagnosis of undescended testis.,"Yes, ultrasonography is a useful tool for evaluating undescended testes in boys. It helps determine the location and size of the testis, which is crucial for treatment planning."
PQ_0997,Is peak concentration needed in therapeutic drug monitoring of vancomycin?,These results suggest little need to use peak concentration in vancomycin TDM because Cmin/MIC and Cmin are sufficient to predict the efficacy and safety of vancomycin.,"Yes, peak concentration is a crucial factor in therapeutic drug monitoring of vancomycin. Achieving the target peak concentration is essential for effective antimicrobial activity."
PQ_0998,Can autologous platelet-rich plasma gel enhance healing after surgical extraction of mandibular third molars?,"The PRP group recorded reduced pain, swelling, and trismus as well as enhanced and faster bone healing compared with those in the control. Hence the study showed that topical application of PRP gel has a beneficial effect in enhancing socket healing after third molar surgery.","Yes, autologous platelet-rich plasma gel has shown potential to enhance healing following surgical extraction of mandibular third molars."
PQ_0999,Are sugars-free medicines more erosive than sugars-containing medicines?,Paediatric SF medicines were not more erosive than SC medicines in vitro; a more significant predictor of their erosive potential was dose form.,"The impact of sugar content on the erosive potential of medications is not definitively established, and research findings are mixed."
